"BpS_Code","MAP_ZONE","stratID","SCLASS","AREA_PCT","AREA","AREA_TOTAL","avg","low","high","departure"
"Na0210290_fdw","OSW","Na0210290_fdw OSW","A",7.44056387824944,730.86454155434,9812.734585,908.461417467235,730.86454155434,1086.0582835674,0
"Na0210290_fdw","OSW","Na0210290_fdw OSW","B",36.2600004532783,715.382597690201,9812.734585,107.244769687776,46.4846311449628,168.004908230589,547.377689459612
"Na0210290_fdw","OSW","Na0210290_fdw OSW","C",3.80527162704259,1837.13793170021,9812.734585,2078.30969963343,1837.13793170021,2319.4816540086,0
"Na0210290_fdw","OSW","Na0210290_fdw OSW","D",3.71688235160801,6070.62632936119,9812.734585,6370.62700135627,6070.62632936119,6670.62767335136,0
"Na0210290_fdw","OSW","Na0210290_fdw OSW","E",48.7772816898216,458.723184694057,9812.734585,348.091588915207,237.459973510887,458.723184694057,0
"Na0210290_fwo","OSW","Na0210290_fwo OSW","A",11.2245257359775,25193.336952009,227312.15345,21044.5232510808,16930.4887829047,25158.5574919446,34.7794600643465
"Na0210290_fwo","OSW","Na0210290_fwo OSW","B",59.1992055649588,3891.83638355433,227312.15345,2484.32680338084,1076.81722320735,3891.83638355433,0
"Na0210290_fwo","OSW","Na0210290_fwo OSW","C",20.6651925917954,46974.494295,227312.15345,48144.0773993682,42557.329541738,53730.8295759293,0
"Na0210290_fwo","OSW","Na0210290_fwo OSW","D",2.15906311453757,140626.155916492,227312.15345,147575.676276687,140626.155916492,154525.196636882,0
"Na0210290_fwo","OSW","Na0210290_fwo OSW","E",6.75201299273072,10626.329902945,227312.15345,8063.54721904952,5500.76408052972,10626.329902945,0
"Na0210350_fvg","OEC","Na0210350_fvg OEC","A",14.136500214623,101.650472189965,1554.318655,78.5812032934146,57.9823450727237,99.1800584054683,2.47041378449697
"Na0210350_fvg","OEC","Na0210350_fvg OEC","B",35.8849620832737,186.950081169193,1554.318655,158.274321077375,129.598545442371,186.950081169193,0
"Na0210350_fvg","OEC","Na0210350_fvg OEC","C",9.20017169838317,142.999985,1554.318655,139.783819950578,112.332895599592,167.234730312696,0
"Na0210350_fvg","OEC","Na0210350_fvg OEC","D",9.21447989698097,632.114746640841,1554.318655,683.139188917414,632.114746640841,734.163631193986,0
"Na0210350_fvg","OEC","Na0210350_fvg OEC","E",31.5638861067392,490.60337,1554.318655,494.540137304405,448.087595897386,540.992708243479,0
"Na0210350_fvg","OSW","Na0210350_fvg OSW","A",9.15996425379803,31.7591888269335,497.72001,25.1630752569269,18.5669606914803,31.7591888269335,0
"Na0210350_fvg","OSW","Na0210350_fvg OSW","B",23.4137622877569,59.8646847412583,497.72001,50.6822049751275,41.4997202317965,59.8646847412583,0
"Na0210350_fvg","OSW","Na0210350_fvg OSW","C",6.79177837354781,35.9709572688347,497.72001,44.7612232149654,35.9709572688347,53.5514846816159,0
"Na0210350_fvg","OSW","Na0210350_fvg OSW","D",7.59606791778374,196.889854932196,497.72001,218.753112719584,202.414194159709,235.092031279459,-5.52433922751291
"Na0210350_fvg","OSW","Na0210350_fvg OSW","E",53.0384271671135,173.235324230778,497.72001,158.360398810597,143.485482847095,173.235324230778,0
"Na0710270_fdd","OEC","Na0710270_fdd OEC","A",0,0.03258724223028,0.44479,0.04014971037014,0.03258724223028,0.04771217895479,0
"Na0710270_fdd","OEC","Na0710270_fdd OEC","B",50,0.03502364306025,0.44479,0.02805701649397,0.02109038770374,0.03502364306025,0
"Na0710270_fdd","OEC","Na0710270_fdd OEC","C",50,0.11248035975968,0.44479,0.08918287737299,0.07902365137799,0.09934210336799,0.01313825639169
"Na0710270_fdd","OEC","Na0710270_fdd OEC","D",0,0.17589472568014,0.44479,0.18804585517693,0.17589472568014,0.20019696821649,0
"Na0710270_fdd","OEC","Na0710270_fdd OEC","E",0,0.08880402926965,0.44479,0.09935454058597,0.08880402926965,0.10990505990851,0
"Na0710270_fdd","OSW","Na0710270_fdd OSW","A",8.35938075838608,119050.26745,1424151.75108,128553.430448054,104339.526709506,152767.335610752,0
"Na0710270_fdd","OSW","Na0710270_fdd OSW","B",72.8853800862751,204553.209484585,1424151.75108,89834.4143752508,67528.3000499953,112140.521579748,92412.6879048371
"Na0710270_fdd","OSW","Na0710270_fdd OSW","C",15.3747581087446,253022.03621192,1424151.75108,285550.374282463,253022.03621192,318078.712353006,0
"Na0710270_fdd","OSW","Na0710270_fdd OSW","D",0.421084422390542,563188.879208408,1424151.75108,602094.997489964,563188.879208408,641001.063077905,0
"Na0710270_fdd","OSW","Na0710270_fdd OSW","E",2.95939662420374,284337.358725087,1424151.75108,318118.534484269,284337.358725087,351899.735878183,0
"Na0710412_fmc","OEC","Na0710412_fmc OEC","A",3.47544819517567,816.249679288957,6463.021095,953.362671819382,816.249679288957,1090.47566434981,0
"Na0710412_fmc","OEC","Na0710412_fmc OEC","B",39.0420150717456,1667.2352984754,6463.021095,1466.53952450874,1303.34691047764,1629.73201574244,37.503282732969
"Na0710412_fmc","OEC","Na0710412_fmc OEC","C",2.56013213585217,883.363273779605,6463.021095,1030.39518758193,883.363273779605,1177.42704321706,0
"Na0710412_fmc","OEC","Na0710412_fmc OEC","D",1.84439626991501,226.857152684186,6463.021095,318.390865211963,226.857152684186,409.924584202761,0
"Na0710412_fmc","OEC","Na0710412_fmc OEC","E",53.0780083273115,2869.31569077185,6463.021095,2694.33281356288,2519.35018841174,2869.31569077185,0
"Na0710412_fmc","OSW","Na0710412_fmc OSW","A",9.22628553177898,1407.06940344997,11141.09992,1643.42783825277,1407.06940344997,1879.78627305557,0
"Na0710412_fmc","OSW","Na0710412_fmc OSW","B",23.1435643564356,2578.44763,11141.09992,2528.05354322941,2246.73847518283,2809.36839959509,0
"Na0710412_fmc","OSW","Na0710412_fmc OSW","C",2.9683008623443,1522.76131458873,11141.09992,1776.21820711965,1522.76131458873,2029.67499938068,0
"Na0710412_fmc","OSW","Na0710412_fmc OSW","D",4.74688597892047,528.85531,11141.09992,548.849275099222,391.061419802037,706.637141537508,0
"Na0710412_fmc","OSW","Na0710412_fmc OSW","E",59.9149632705206,5103.9662619613,11141.09992,4644.55100059345,4342.9120484042,4946.19038728559,157.77587467571
"Na0710412_fmh","OEC","Na0710412_fmh OEC","A",4.95298986396759,58164.3550931472,460542.23785,67934.7586691349,58164.3550931472,77705.1622451227,0
"Na0710412_fmh","OEC","Na0710412_fmh OEC","B",41.1408469067958,116131.51475035,460542.23785,104502.737123239,92873.950745825,116131.51475035,0
"Na0710412_fmh","OEC","Na0710412_fmh OEC","C",4.95757739650285,60817.4554165033,460542.23785,73423.9450225485,62946.7385238299,83901.147376387,-2129.28310732653
"Na0710412_fmh","OEC","Na0710412_fmh OEC","D",4.74490904613126,21852.310305,460542.23785,22687.9100996831,16165.3968374451,29210.4238224632,0
"Na0710412_fmh","OEC","Na0710412_fmh OEC","E",44.2036767866025,203576.602285,460542.23785,191992.884632684,179523.965130886,204461.822095629,0
"Na0710412_fmh","OSW","Na0710412_fmh OSW","A",2.89873120124185,26163.7780876135,207163.388845,30558.7493819602,26163.7780876135,34953.7206763068,0
"Na0710412_fmh","OSW","Na0710412_fmh OSW","B",33.7300364676316,52238.8527482279,207163.388845,47007.938440338,41777.0201963436,52238.8527482279,0
"Na0710412_fmh","OSW","Na0710412_fmh OSW","C",2.6998070876243,25697.4457874038,207163.388845,33027.9223557217,28315.0134724102,37740.8293745627,-2617.56768500638
"Na0710412_fmh","OSW","Na0710412_fmh OSW","D",5.3538820260845,11091.28344,207163.388845,10205.5880129542,7271.59881470008,13139.5774183716,0
"Na0710412_fmh","OSW","Na0710412_fmh OSW","E",55.3175432174177,91972.0287817548,207163.388845,86363.1896182091,80754.3585340356,91972.0287817548,0
"Na0710412_fmh","WCB","Na0710412_fmh WCB","A",25.3298153034301,14.2214747183021,84.287705,12.4333110567271,10.6451473951521,14.2214747183021,0
"Na0710412_fmh","WCB","Na0710412_fmh WCB","B",23.2189973614776,19.57076,84.287705,19.1259240834387,16.9976421689215,21.2542043964896,0
"Na0710412_fmh","WCB","Na0710412_fmh WCB","C",27.1767810026385,15.3554540235802,84.287705,13.4379331782647,11.5204115743598,15.3554540235802,0
"Na0710412_fmh","WCB","Na0710412_fmh WCB","D",7.38786279683377,5.34604512621198,84.287705,4.15230507949946,2.95856511707465,5.34604512621198,0
"Na0710412_fmh","WCB","Na0710412_fmh WCB","E",16.8865435356201,29.7939711319057,84.287705,35.1382311806315,32.856189443173,37.4202762053106,-3.06221831126726
"Na0710412_fmh","WEC","Na0710412_fmh WEC","A",8.26150462231935,96321.4224879774,762667.846905,112501.420860067,96321.4224879774,128681.419232157,0
"Na0710412_fmh","WEC","Na0710412_fmh WEC","B",39.413309678629,216436.636543821,762667.846905,173058.779341361,153801.259097433,192316.285094599,24120.3514492217
"Na0710412_fmh","WEC","Na0710412_fmh WEC","C",6.06411322998397,104241.152263861,762667.846905,121591.631471285,104241.152263861,138942.103814698,0
"Na0710412_fmh","WEC","Na0710412_fmh WEC","D",11.0492138572477,48373.0898339806,762667.846905,37571.6668839726,26770.2446966324,48373.0898339806,0
"Na0710412_fmh","WEC","Na0710412_fmh WEC","E",35.21185861182,297295.54577536,762667.846905,317944.344534975,297295.54577536,338593.173038637,0
"Na0710412_fmh","WNE","Na0710412_fmh WNE","A",12.7879269261319,286.44476,2239.96244,330.417701750277,282.896898585677,377.938504914877,0
"Na0710412_fmh","WNE","Na0710412_fmh WNE","B",47.5575853852264,564.834687813833,2239.96244,508.275217330857,451.715704288594,564.834687813833,0
"Na0710412_fmh","WNE","Na0710412_fmh WNE","C",11.9737887212073,306.157217353435,2239.96244,357.11573343399,306.157217353435,408.074229354882,0
"Na0710412_fmh","WNE","Na0710412_fmh WNE","D",14.4360603653693,209.366038495956,2239.96244,110.348329183954,78.62445345429,142.072207153581,67.2938313423755
"Na0710412_fmh","WNE","Na0710412_fmh WNE","E",13.2446386020651,873.159736336775,2239.96244,933.80544710111,873.159736336775,994.451245223979,0
"Na0710412_fmi","OEC","Na0710412_fmi OEC","A",11.0730788978265,3610.53065186601,28587.98767,4217.02481028506,3610.53065186601,4823.51896870411,0
"Na0710412_fmi","OEC","Na0710412_fmi OEC","B",41.66835218521,8112.95234479939,28587.98767,6486.96843596231,5765.11585816935,7208.8204705835,904.131874215895
"Na0710412_fmi","OEC","Na0710412_fmi OEC","C",6.76411556952375,3907.39531988827,28587.98767,4557.76400615624,3907.39531988827,5208.13243513231,0
"Na0710412_fmi","OEC","Na0710412_fmi OEC","D",8.25152085634714,1813.2261656835,28587.98767,1408.34355870538,1003.46098031525,1813.2261656835,0
"Na0710412_fmi","OEC","Na0710412_fmi OEC","E",32.2429324910927,11143.8831877628,28587.98767,11917.8867159511,11143.8831877628,12691.8913590708,0
"Na0710412_fmi","OSW","Na0710412_fmi OSW","A",5.16590585323753,2701.14295473451,21387.504755,3154.87886811184,2701.14295473451,3608.61478148916,0
"Na0710412_fmi","OSW","Na0710412_fmi OSW","B",20.8965467042394,4469.24992,21387.504755,4853.08969176839,4313.05079087866,5393.12818629553,0
"Na0710412_fmi","OSW","Na0710412_fmi OSW","C",4.73957304328838,2923.2360440491,21387.504755,3409.79576733651,2923.2360440491,3896.35529813638,0
"Na0710412_fmi","OSW","Na0710412_fmi OSW","D",12.7671079037944,1356.52721304137,21387.504755,1053.62276303531,750.718334416761,1356.52721304137,0
"Na0710412_fmi","OSW","Na0710412_fmi OSW","E",56.4308664954403,9937.34862317502,21387.504755,8916.11755781043,8337.0630146715,9495.17293506204,442.175688112979
"Na1010471_frn","WCB","Na1010471_frn WCB","A",2.22222222222222,3.02457020638432,30.023325,3.62883708888615,3.02457020638432,4.23310427162123,0
"Na1010471_frn","WCB","Na1010471_frn WCB","B",53.3333333333333,11.3494797349927,30.023325,10.4858292784392,9.6221787918624,11.3494797349927,0
"Na1010471_frn","WCB","Na1010471_frn WCB","C",43.7037037037037,2.65732093190543,30.023325,1.4868137796237,1.06734175349985,1.90628583577087,0.751035096134551
"Na1010471_frn","WCB","Na1010471_frn WCB","D",0,2.26348867521495,30.023325,2.8048557611187,2.26348867521495,3.34622281699913,0
"Na1010471_frn","WCB","Na1010471_frn WCB","E",0.740740740740741,10.7284654515026,30.023325,11.6169895122588,10.7284654515026,12.505512462152,0
"Na1010471_frn","WNE","Na1010471_frn WNE","A",3.65278668049617,70568.5327159753,700496.879865,84667.1399088255,70568.5327159753,98765.7541066445,0
"Na1010471_frn","WNE","Na1010471_frn WNE","B",65.4068354463334,264803.286859581,700496.879865,244652.805521831,224502.323483584,264803.286859581,0
"Na1010471_frn","WNE","Na1010471_frn WNE","C",24.4844492659345,61999.9624158785,700496.879865,34689.9756628118,24902.9568868965,44476.995139224,17522.9672766545
"Na1010471_frn","WNE","Na1010471_frn WNE","D",0.37494598841128,52811.1644728835,700496.879865,65442.2089870132,52811.1644728835,78073.2528006461,0
"Na1010471_frn","WNE","Na1010471_frn WNE","E",6.0809826188247,250313.933400682,700496.879865,271044.759591475,250313.933400682,291775.559863883,0
"R1RFWF_fcw","OSW","R1RFWF_fcw OSW","A",5.6221024394806,22184.3904744919,149811.276665,25356.8289751774,22184.3904744919,28529.2689739756,0
"R1RFWF_fcw","OSW","R1RFWF_fcw OSW","B",45.1732190069579,43016.9446619258,149811.276665,37697.9003775184,33720.2527813545,41675.5451272681,1341.39953465774
"R1RFWF_fcw","OSW","R1RFWF_fcw OSW","C",2.55705308724264,10331.3090813647,149811.276665,13143.7115340472,10331.3090813647,15956.114735786,0
"R1RFWF_fcw","OSW","R1RFWF_fcw OSW","D",2.55527168596271,21616.9318750808,149811.276665,24869.3582118484,21616.9318750808,28121.788893143,0
"R1RFWF_fcw","OSW","R1RFWF_fcw OSW","E",44.0923537803562,52661.7005721368,149811.276665,48743.4760682959,44825.2542610579,52661.7005721368,0
"R1RFWF_frm","OSW","R1RFWF_frm OSW","A",4.28306447079984,585.906578761963,3956.629445,669.693085783944,585.906578761963,753.479632372219,0
"R1RFWF_frm","OSW","R1RFWF_frm OSW","B",41.6277893316846,1136.11013584717,3956.629445,995.630141927847,890.577451962403,1100.68275671733,35.4273791298392
"R1RFWF_frm","OSW","R1RFWF_frm OSW","C",5.50278230566017,272.857708890172,3956.629445,347.135390805644,272.857708890172,421.413092504263,0
"R1RFWF_frm","OSW","R1RFWF_frm OSW","D",1.95042437187342,570.919566747715,3956.629445,656.818613189488,570.919566747715,742.717774373514,0
"R1RFWF_frm","OSW","R1RFWF_frm OSW","E",46.635939519982,1390.83545475298,3956.629445,1287.35217372678,1183.86896391992,1390.83545475298,0
"RaABAMlw_fsi","OEC","RaABAMlw_fsi OEC","A",8.03099885189437,10716.6941544294,96853.0225,12740.425565527,10716.6941544294,14764.1569766246,0
"RaABAMlw_fsi","OEC","RaABAMlw_fsi OEC","B",45.6681974741676,22819.1940911105,96853.0225,20167.8156750327,17516.4353218945,22819.1940911105,0
"RaABAMlw_fsi","OEC","RaABAMlw_fsi OEC","C",14.80803673938,6913.32167548105,96853.0225,2869.47873500181,1945.40249768095,3793.5546817636,3119.76699371745
"RaABAMlw_fsi","OEC","RaABAMlw_fsi OEC","D",1.24133180252583,5665.91004875691,96853.0225,7437.05575059213,5665.91004875691,9208.20106501526,0
"RaABAMlw_fsi","OEC","RaABAMlw_fsi OEC","E",30.2514351320322,50737.9025302221,96853.0225,53638.2467738463,50737.9025302221,56538.5910174705,0
"RaABAMlw_fsi","OSW","RaABAMlw_fsi OSW","A",4.74704264699463,4509.91956617817,40758.77644,5361.56894200981,4509.91956617817,6213.21831784145,0
"RaABAMlw_fsi","OSW","RaABAMlw_fsi OSW","B",35.2601597625387,9603.0294821263,40758.77644,8487.24664614145,7371.46299498107,9603.0294821263,0
"RaABAMlw_fsi","OSW","RaABAMlw_fsi OSW","C",9.14869701863896,2909.34165352184,40758.77644,1207.56626112802,818.686122973554,1596.44627700615,1312.89537651569
"RaABAMlw_fsi","OSW","RaABAMlw_fsi OSW","D",4.96311493299577,2384.391886236,40758.77644,3129.74530774402,2384.391886236,3875.09856621694,0
"RaABAMlw_fsi","OSW","RaABAMlw_fsi OSW","E",45.8809856388319,21352.0938519377,40758.77644,22572.6492829767,21352.0938519377,23793.2047140157,0
"RaABAMlw_fsi","WEC","RaABAMlw_fsi WEC","A",4.49504859529731,37497.602111277,338887.72495,44578.6174075907,37497.602111277,51659.6327039045,0
"RaABAMlw_fsi","WEC","RaABAMlw_fsi WEC","B",48.175888070035,79844.1243351896,338887.72495,70566.9786538958,61289.8261948476,79844.1243351896,0
"RaABAMlw_fsi","WEC","RaABAMlw_fsi WEC","C",12.4866617229182,24189.6411074967,338887.72495,10040.2764435892,6806.94323763767,13273.6086328776,10916.0324746191
"RaABAMlw_fsi","WEC","RaABAMlw_fsi WEC","D",0.724827898491282,19824.9607150316,338887.72495,26022.181224592,19824.9607150316,32219.4003786014,0
"RaABAMlw_fsi","WEC","RaABAMlw_fsi WEC","E",34.1175737132582,177531.396681005,338887.72495,187679.671220332,177531.396681005,197827.945759659,0
"RaABAMlw_fsw","OEC","RaABAMlw_fsw OEC","A",8.75656283959831,1879.46945908808,16985.862915,2234.38687352069,1879.46945908808,2589.3042879533,0
"RaABAMlw_fsw","OEC","RaABAMlw_fsw OEC","B",42.2038048103487,4001.97838598564,16985.862915,3536.98566661763,3071.99260753235,4001.97838598564,0
"RaABAMlw_fsw","OEC","RaABAMlw_fsw OEC","C",15.1197349987562,1212.44263974332,16985.862915,503.242657504554,341.180267658732,665.304996392787,547.137643350535
"RaABAMlw_fsw","OEC","RaABAMlw_fsw OEC","D",0.992445369679354,993.674424325848,16985.862915,1304.29393125827,993.674424325848,1614.91337024723,0
"RaABAMlw_fsw","OEC","RaABAMlw_fsw OEC","E",32.9274519816175,8898.29800585711,16985.862915,9406.95378609887,8898.29800585711,9915.60956634063,0
"RaABAMlw_fsw","OSW","RaABAMlw_fsw OSW","A",5.24175511365947,557.420316216468,5468.915445,719.402537501436,605.130254768254,833.674820234619,-47.7099385517856
"RaABAMlw_fsw","OSW","RaABAMlw_fsw OSW","B",26.7496238461226,1288.51160021699,5468.915445,1138.79851955162,989.085329507942,1288.51160021699,0
"RaABAMlw_fsw","OSW","RaABAMlw_fsw OSW","C",7.31975112846163,214.207355176231,5468.915445,162.028361819585,109.849352056193,214.207355176231,0
"RaABAMlw_fsw","OSW","RaABAMlw_fsw OSW","D",4.20885689886544,319.932018390313,5468.915445,419.941763404847,319.932018390313,519.95148654372,0
"RaABAMlw_fsw","OSW","RaABAMlw_fsw OSW","E",56.4800130128909,3088.844155,5468.915445,3028.74426272251,2864.97304505325,3192.51548039177,0
"RaABAMlw_fwc","OEC","RaABAMlw_fwc OEC","A",11.0042187438395,624.127471501249,5640.604385,741.987172487859,624.127471501249,859.846873474468,0
"RaABAMlw_fwc","OEC","RaABAMlw_fwc OEC","B",43.4254622875843,1328.96261706736,5640.604385,1174.54950393997,1020.13627800048,1328.96261706736,0
"RaABAMlw_fwc","OEC","RaABAMlw_fwc OEC","C",16.8394905965383,402.623599667569,5640.604385,167.11501528324,113.297918596284,220.932095048382,181.691504619187
"RaABAMlw_fwc","OEC","RaABAMlw_fwc OEC","D",4.23057209320664,329.975835973873,5640.604385,433.125246847918,329.975835973873,536.274635159545,0
"RaABAMlw_fwc","OEC","RaABAMlw_fwc OEC","E",24.5002562788314,2954.91486078995,5640.604385,3123.82744644102,2954.91486078995,3292.74003209209,0
"RaABAMlw_fwc","OSW","RaABAMlw_fwc OSW","A",6.44616942288221,656.216034480299,5930.607465,780.135312413111,656.216034480299,904.054590345923,0
"RaABAMlw_fwc","OSW","RaABAMlw_fwc OSW","B",37.4432819589755,1454.55091369161,5930.607465,1234.93717705189,1072.58503037649,1397.28920511514,57.2617085764716
"RaABAMlw_fwc","OSW","RaABAMlw_fwc OSW","C",6.17242284471444,366.06217,5930.607465,175.706979164852,119.122958451568,232.290982086314,133.771187913686
"RaABAMlw_fwc","OSW","RaABAMlw_fwc OSW","D",4.85243934450819,346.941040804135,5930.607465,455.393721471964,346.941040804135,563.846378417364,0
"RaABAMlw_fwc","OSW","RaABAMlw_fwc OSW","E",45.0856864289197,3106.83730602396,5930.607465,3284.43427489818,3106.83730602396,3462.03124377241,0
"RaABLA_faf","WNE","RaABLA_faf WNE","A",3.39318778796882,2004.38740000413,15494.037255,2364.59418806576,2004.38740000413,2724.80096063335,0
"RaABLA_faf","WNE","RaABLA_faf WNE","B",50.3394623146593,4199.18878634762,15494.037255,3278.50427374622,2876.09515238421,3680.91339510824,518.275391239379
"RaABLA_faf","WNE","RaABLA_faf WNE","C",1.91333304626161,223.130327740931,15494.037255,135.704261899284,48.2781960576368,223.130327740931,0
"RaABLA_faf","WNE","RaABLA_faf WNE","D",0.00861215174611377,248.041687321632,15494.037255,403.924283265183,248.041687321632,559.806910196809,0
"RaABLA_faf","WNE","RaABLA_faf WNE","E",44.3454046993641,8819.28905358569,15494.037255,9311.31032549373,8819.28905358569,9803.33100862836,0
"RaDFHEdy_fwi","OEC","RaDFHEdy_fwi OEC","A",8.86944155367995,4647.01927490002,60050.430715,3387.16778399626,2530.74865803322,4243.58721021146,403.432064688563
"RaDFHEdy_fwi","OEC","RaDFHEdy_fwi OEC","B",39.9067466122503,11468.5524397199,60050.430715,10202.7604599576,8936.96739928767,11468.5524397199,0
"RaDFHEdy_fwi","OEC","RaDFHEdy_fwi OEC","C",16.0815800486636,4349.57784178506,60050.430715,3523.39020440903,2697.20226678084,4349.57784178506,0
"RaDFHEdy_fwi","OEC","RaDFHEdy_fwi OEC","D",2.24097001299918,7772.4966497075,60050.430715,9200.7205407715,7772.4966497075,10628.9450323398,0
"RaDFHEdy_fwi","OEC","RaDFHEdy_fwi OEC","E",32.9012617724069,31812.7845088875,60050.430715,33736.3917258656,31812.7845088875,35659.9988827932,0
"RaDFHEdy_fwi","OSW","RaDFHEdy_fwi OSW","A",12.1582180798357,34389.2884639942,444390.57858,25066.0225639588,18728.2730030947,31403.7743467758,2985.51411721836
"RaDFHEdy_fwi","OSW","RaDFHEdy_fwi OSW","B",41.2269217757546,84870.609477396,444390.57858,75503.3822393746,66136.1470023228,84870.609477396,0
"RaDFHEdy_fwi","OSW","RaDFHEdy_fwi OSW","C",11.4412742642893,32188.1357165152,444390.57858,26074.1079265784,19960.0779146888,32188.1357165152,0
"RaDFHEdy_fwi","OSW","RaDFHEdy_fwi OSW","D",5.07510744648695,57518.7262114316,444390.57858,68087.9966352184,57518.7262114316,78657.2715029111,0
"RaDFHEdy_fwi","OSW","RaDFHEdy_fwi OSW","E",30.0984784336334,235423.818710663,444390.57858,249659.06921487,235423.818710663,263894.319274686,0
"RaDFHEdy_fwi","ZoneNull","RaDFHEdy_fwi ZoneNull","A",32.9835766423358,37.7245367905755,487.48984,27.4970530837681,20.5446362947845,34.4494723102009,3.27506448037466
"RaDFHEdy_fwi","ZoneNull","RaDFHEdy_fwi ZoneNull","B",23.220802919708,93.1017933976971,487.48984,82.8260847584677,72.5503673444211,93.1017933976971,0
"RaDFHEdy_fwi","ZoneNull","RaDFHEdy_fwi ZoneNull","C",22.4908759124088,35.3099050400266,487.48984,28.6029076986434,21.895907919811,35.3099050400266,0
"RaDFHEdy_fwi","ZoneNull","RaDFHEdy_fwi ZoneNull","D",11.5419708029197,63.0971852000386,487.48984,74.6915172947301,63.0971852000386,86.2858542643199,0
"RaDFHEdy_fwi","ZoneNull","RaDFHEdy_fwi ZoneNull","E",9.76277372262774,258.256419571662,487.48984,273.872277164391,258.256419571662,289.48813426963,0
"RaDFHEdy_fwx","OSW","RaDFHEdy_fwx OSW","A",3.38440397939598,4692.64049061879,111348.506205,6280.65558436493,4692.64049061879,7868.67123485359,0
"RaDFHEdy_fwx","OSW","RaDFHEdy_fwx OSW","B",40.6995300382081,21265.5624163164,111348.506205,18918.4677421464,16571.3710637032,21265.5624163164,0
"RaDFHEdy_fwx","OSW","RaDFHEdy_fwx OSW","C",16.8351378827552,11989.2989716549,111348.506205,6533.24599619026,5001.28708092292,8065.20435471508,3924.09461693986
"RaDFHEdy_fwx","OSW","RaDFHEdy_fwx OSW","D",5.02757255646832,14412.1512722492,111348.506205,17060.4353045658,14412.1512722492,19708.7204503674,0
"RaDFHEdy_fwx","OSW","RaDFHEdy_fwx OSW","E",34.0533555431724,58988.8530541607,111348.506205,62555.7015777327,58988.8530541607,66122.5499899562,0
"RaDFHEwt_fdm","OEC","RaDFHEwt_fdm OEC","A",3.58851674641148,3.335925,92.96111,4.30617753861405,3.03000779237849,5.58234756373294,0
"RaDFHEwt_fdm","OEC","RaDFHEwt_fdm OEC","B",37.5598086124402,17.9387594071049,92.96111,15.8060979585898,13.6734356734248,17.9387594071049,0
"RaDFHEwt_fdm","OEC","RaDFHEwt_fdm OEC","C",14.1148325358852,1.05358199115158,92.96111,0.56257247050367,0.07156285689465,1.05358199115158,0
"RaDFHEwt_fdm","OEC","RaDFHEwt_fdm OEC","D",11.0047846889952,4.34390673471865,92.96111,3.2322819645886,2.12065710149744,4.34390673471865,0
"RaDFHEwt_fdm","OEC","RaDFHEwt_fdm OEC","E",33.7320574162679,66.2889368670249,92.96111,69.0539795099372,66.4280863054397,71.6798797794791,-0.139149438414805
"RaDFHEwt_fdm","OSW","RaDFHEwt_fdm OSW","A",6.14426066703711,1129.59737795029,18810.836285,871.362236240651,613.127150963516,1129.59737795029,0
"RaDFHEwt_fdm","OSW","RaDFHEwt_fdm OSW","B",44.9877634985754,3629.93800701233,18810.836285,3198.39039146269,2766.84260661552,3629.93800701233,0
"RaDFHEwt_fdm","OSW","RaDFHEwt_fdm OSW","C",9.23826300793304,213.194080281278,18810.836285,113.837481513426,14.4808639347373,213.194080281278,5.6843418860808e-14
"RaDFHEwt_fdm","OSW","RaDFHEwt_fdm OSW","D",4.59193927857844,863.78218,18810.836285,654.057668446884,429.118515827651,878.996802255281,0
"RaDFHEwt_fdm","OSW","RaDFHEwt_fdm OSW","E",35.0377735478761,12974.3246397561,18810.836285,13973.1883944713,13441.8345071124,14504.5437114538,-467.509867356352
"RaDFHEwt_fhc","OSW","RaDFHEwt_fhc OSW","A",13.5976636316784,1943.47160098621,32364.032375,1499.17819690624,1054.88488991837,1943.47160098621,0
"RaDFHEwt_fhc","OSW","RaDFHEwt_fhc OSW","B",48.7806218862738,6245.30613090656,32364.032375,5502.82872110954,4760.35102003622,6245.30613090656,0
"RaDFHEwt_fhc","OSW","RaDFHEwt_fhc OSW","C",12.871327950524,366.800285316588,32364.032375,195.85731763169,24.9143175827606,366.800285316588,0
"RaDFHEwt_fhc","OSW","RaDFHEwt_fhc OSW","D",3.51623432399931,1137.995215,32364.032375,1125.30582032717,738.298145204342,1512.31346308596,0
"RaDFHEwt_fhc","OSW","RaDFHEwt_fhc OSW","E",21.2341522075245,22670.4591427906,32364.032375,24040.8621248412,23126.6680851653,24955.0586241835,-456.208942374684
"RaDFHEwt_fwc","ZoneNull","RaDFHEwt_fwc ZoneNull","A",0,0.007248822469805,0.222395,0.010301860140225,0.007248822469805,0.01335489847783,0
"RaDFHEwt_fwc","ZoneNull","RaDFHEwt_fwc ZoneNull","B",0,0.03271156859671,0.222395,0.03781363147988,0.03271156859671,0.042915692361495,0
"RaDFHEwt_fwc","ZoneNull","RaDFHEwt_fwc ZoneNull","C",100,0.01844239982598,0.222395,0.001345867154315,0.000171203006925,0.00252053107931,0.01592186874667
"RaDFHEwt_fwc","ZoneNull","RaDFHEwt_fwc ZoneNull","D",0,0.00507334234808,0.222395,0.0077327319727,0.00507334234808,0.010392121374925,0
"RaDFHEwt_fwc","ZoneNull","RaDFHEwt_fwc ZoneNull","E",0,0.158918866759425,0.222395,0.16520090791851,0.158918866759425,0.171482965979615,0
"RaDFHEwt_fwm","OEC","RaDFHEwt_fwm OEC","A",19.815233785822,141.668763052821,2359.16616,109.282132367507,76.8955087596915,141.668763052821,0
"RaDFHEwt_fwm","OEC","RaDFHEwt_fwm OEC","B",35.6994720965309,455.249664570739,2359.16616,401.127002738567,347.0043196739,455.249664570739,0
"RaDFHEwt_fwm","OEC","RaDFHEwt_fwm OEC","C",23.3691553544495,26.7377936893205,2359.16616,14.2769587729735,1.8161214974604,26.7377936893205,0
"RaDFHEwt_fwm","OEC","RaDFHEwt_fwm OEC","D",6.86274509803922,110.239623545204,2359.16616,82.0288207664016,53.8180156284326,110.239623545204,0
"RaDFHEwt_fwm","OEC","RaDFHEwt_fwm OEC","E",14.2533936651584,1625.27031514192,2359.16616,1752.45123119955,1685.81133858398,1819.09130311176,-60.5410234420651
"RaDFHEwt_fwm","OSW","RaDFHEwt_fwm OSW","A",14.4282564342644,18485.2094378854,307828.48404,14259.3403168127,10033.4721192255,18485.2094378854,0
"RaDFHEwt_fwm","OSW","RaDFHEwt_fwm OSW","B",41.6371901351875,59401.841413548,307828.48404,52339.8136401389,45277.7830962733,59401.841413548,0
"RaDFHEwt_fwm","OSW","RaDFHEwt_fwm OSW","C",12.3469821233506,3488.79813448909,307828.48404,1862.88471337942,236.970984441253,3488.7981344891,0
"RaDFHEwt_fwm","OSW","RaDFHEwt_fwm OSW","D",4.63330616868668,14262.63614,307828.48404,10703.2764254766,7022.27695777963,14384.2755853452,0
"RaDFHEwt_fwm","OSW","RaDFHEwt_fwm OSW","E",26.9542651385108,212189.998914078,307828.48404,228663.167097221,219967.867262792,237358.490326616,-7777.86834871414
"RaDFHEwt_fwn","OSW","RaDFHEwt_fwn OSW","A",27.3131096196868,11193.0742867313,186394.809375,8634.24653002608,6075.41933250532,11193.0742867313,3.63797880709171e-12
"RaDFHEwt_fwn","OSW","RaDFHEwt_fwn OSW","B",37.7937658463833,35968.714660478,186394.809375,31692.5498840744,27416.3834301176,35968.714660478,0
"RaDFHEwt_fwn","OSW","RaDFHEwt_fwn OSW","C",12.0269649515287,2112.52011084669,186394.809375,1128.00490871026,143.489520179016,2112.52011084669,0
"RaDFHEwt_fwn","OSW","RaDFHEwt_fwn OSW","D",5.7778970917226,8709.89672735902,186394.809375,6480.99598461919,4252.09505548455,8709.89672735902,0
"RaDFHEwt_fwn","OSW","RaDFHEwt_fwn OSW","E",17.0882624906786,128410.603589585,186394.809375,138459.010949201,133193.875202743,143724.160861665,-4783.2716131581
"RaDFHEwt_fwn","ZoneNull","RaDFHEwt_fwn ZoneNull","A",22.8774210665959,201.338449451765,3352.82702,155.310843474032,109.28324755478,201.338449451765,0
"RaDFHEwt_fwn","ZoneNull","RaDFHEwt_fwn ZoneNull","B",29.3048553993102,646.996978041899,3352.82702,570.078308190671,493.159608164,646.996978041899,0
"RaDFHEwt_fwn","ZoneNull","RaDFHEwt_fwn ZoneNull","C",29.3380206951446,37.9995265516776,3352.82702,20.2902932184529,2.5810565324013,37.9995265516776,4.2632564145606e-14
"RaDFHEwt_fwn","ZoneNull","RaDFHEwt_fwn ZoneNull","D",8.64287609445476,156.671621848369,3352.82702,116.578667220425,76.4857092396541,156.671621848369,0
"RaDFHEwt_fwn","ZoneNull","RaDFHEwt_fwn ZoneNull","E",9.83682674449456,2309.82044410629,3352.82702,2490.56888777946,2395.86083526509,2585.27719510868,-86.0403911588023
"RaDFHEwt_fww","OEC","RaDFHEwt_fww OEC","A",7.47559893522626,120.407764676115,2005.11332,92.8815710242686,65.3553833877619,120.407764676115,0
"RaDFHEwt_fww","OEC","RaDFHEwt_fww OEC","B",45.4192546583851,386.927882331239,2005.11332,340.927701422598,294.927502467937,386.927882331239,0
"RaDFHEwt_fww","OEC","RaDFHEwt_fww OEC","C",15.9383318544809,22.725108211059,2005.11332,12.134338263304,1.5435663104358,22.725108211059,7.105427357601e-15
"RaDFHEwt_fww","OEC","RaDFHEwt_fww OEC","D",4.03726708074534,80.95178,2005.11332,69.7183114658632,45.7412546102893,93.6953663163238,0
"RaDFHEwt_fww","OEC","RaDFHEwt_fww OEC","E",27.1295474711624,1394.10078478159,2005.11332,1489.45138579329,1432.81250270298,1546.09042127221,-38.7117179213888
"RaDFHEwt_fww","OSW","RaDFHEwt_fww OSW","A",24.6375625656343,1958.44244217986,32613.33717,1510.72658212344,1063.01081990702,1958.44244217986,0
"RaDFHEwt_fww","OSW","RaDFHEwt_fww OSW","B",38.3494947015261,6293.4146220438,32613.33717,5545.21780199848,4797.02068843313,6293.4146220438,0
"RaDFHEwt_fww","OSW","RaDFHEwt_fww OSW","C",17.8661538671358,369.625800656494,32613.33717,197.366034711678,25.1062361535235,369.625800656494,0
"RaDFHEwt_fww","OSW","RaDFHEwt_fww OSW","D",5.92106160413513,1523.96303114725,32613.33717,1133.97421286856,743.98536197654,1523.96303114725,0
"RaDFHEwt_fww","OSW","RaDFHEwt_fww OSW","E",13.2257272615687,22467.8912739726,32613.33717,24226.0523426178,23304.8161348026,25147.2910290466,-836.92486083004
"RaDFHEwt_fww","ZoneNull","RaDFHEwt_fww ZoneNull","A",74.9826989619377,60.7201270015639,642.72155,29.7723758052502,20.9490969377365,38.5956566009287,22.1244704006352
"RaDFHEwt_fww","ZoneNull","RaDFHEwt_fww ZoneNull","B",2.31833910034602,94.5364332444919,642.72155,109.281394976853,94.5364332444919,124.026350924721,0
"RaDFHEwt_fww","ZoneNull","RaDFHEwt_fww ZoneNull","C",17.6124567474048,7.2843348192059,642.72155,3.88955607597035,0.49477669001325,7.2843348192059,0
"RaDFHEwt_fww","ZoneNull","RaDFHEwt_fww ZoneNull","D",3.25259515570934,20.90513,642.72155,22.347595401103,14.6619593859512,30.0332307735333,0
"RaDFHEwt_fww","ZoneNull","RaDFHEwt_fww ZoneNull","E",1.83391003460208,459.275524934738,642.72155,477.430623884494,459.275524934738,495.585771681087,0
"RaDFWV_fwx","OEC","RaDFWV_fwx OEC","A",13.5658914728682,31.1353,229.51164,28.4613664380316,23.9926182802931,32.9301168908864,0
"RaDFWV_fwx","OEC","RaDFWV_fwx OEC","B",18.7015503875969,42.5485446352418,229.51164,37.3117685944079,32.0749879633411,42.5485446352418,0
"RaDFWV_fwx","OEC","RaDFWV_fwx OEC","C",6.3953488372093,15.0517603647582,229.51164,19.3082499040772,15.2131189253503,23.4033818008507,-0.161358560592157
"RaDFWV_fwx","OEC","RaDFWV_fwx OEC","D",18.7984496124031,62.6001648447086,229.51164,72.9503881527502,66.4249554344119,79.4758208710884,-3.82479058970329
"RaDFWV_fwx","OEC","RaDFWV_fwx OEC","E",42.5387596899225,78.1758701552914,229.51164,71.4798648451284,64.783863666175,78.1758701552914,0
"RaDFWV_fwx","OSW","RaDFWV_fwx OSW","A",8.53306407326708,3937.23050738612,37663.260435,4670.55987439918,3937.23050738612,5403.88961804486,0
"RaDFWV_fwx","OSW","RaDFWV_fwx OSW","B",27.3234014159773,7142.12001760126,37663.260435,6122.92630500849,5263.56146953073,6982.29038722104,159.829630380227
"RaDFWV_fwx","OSW","RaDFWV_fwx OSW","C",7.57943467195739,2854.66222,37663.260435,3168.51748643914,2496.49935015974,3840.53577337158,0
"RaDFWV_fwx","OSW","RaDFWV_fwx OSW","D",5.72768123387244,10900.4510442674,37663.260435,11971.2859349154,10900.4510442674,13042.1208255634,0
"RaDFWV_fwx","OSW","RaDFWV_fwx OSW","E",50.8364186049258,12828.7966457452,37663.260435,11729.9704952684,10631.1450227304,12828.7966457452,0
"RaDFWV_fwx","ZoneNull","RaDFWV_fwx ZoneNull","A",41.2883319690196,593.493923802586,3531.854995,437.979612793003,369.211987315247,506.74727358931,86.7466502132766
"RaDFWV_fwx","ZoneNull","RaDFWV_fwx ZoneNull","B",15.8302373905925,559.10103,3531.854995,574.174609542434,493.588065742074,654.761082705694,0
"RaDFWV_fwx","ZoneNull","RaDFWV_fwx ZoneNull","C",16.2647188464203,360.144482925688,3531.854995,297.126275897917,234.108082997566,360.144482925688,0
"RaDFWV_fwx","ZoneNull","RaDFWV_fwx ZoneNull","D",20.8614067124237,1022.1848035406,3531.854995,1122.60185489712,1022.1848035406,1223.01890625364,0
"RaDFWV_fwx","ZoneNull","RaDFWV_fwx ZoneNull","E",5.75530508154398,996.930754731128,3531.854995,1099.97261008283,996.930754731128,1203.01452900793,-1.13686837721616e-13
"RaMCONdy_fdd","OBM","RaMCONdy_fdd OBM","A",12.2903907672854,208550.02167,1696854.27924,236982.468409853,197965.415145453,275999.5199774,0
"RaMCONdy_fdd","OBM","RaMCONdy_fdd OBM","B",35.0078349527491,19193.7754350897,1696854.27924,11135.5637861555,3077.35213722133,19193.7754350897,0
"RaMCONdy_fdd","OBM","RaMCONdy_fdd OBM","C",44.3761474575329,646091.946862119,1696854.27924,536436.590370329,487959.659341879,584913.523095632,61178.4237664866
"RaMCONdy_fdd","OBM","RaMCONdy_fdd OBM","D",1.46056730405279,648951.609008737,1696854.27924,703366.761339538,648951.609008737,757781.911973485,0
"RaMCONdy_fdd","OBM","RaMCONdy_fdd OBM","E",6.86505951837977,174066.926264054,1696854.27924,208932.885152998,174066.926264054,243798.845738797,0
"RaMCONdy_fdd","WCB","RaMCONdy_fdd WCB","A",0.847457627118644,376.57970831395,3227.84103,450.799897364558,376.57970831395,525.020083187326,0
"RaMCONdy_fdd","WCB","RaMCONdy_fdd WCB","B",74.4315832988838,334.296641664816,3227.84103,21.1826260633493,5.85389306188989,36.5113590648086,297.785282600008
"RaMCONdy_fdd","WCB","RaMCONdy_fdd WCB","C",13.7453493179,928.221255459832,3227.84103,1020.43649686064,928.221255459832,1112.65174148929,0
"RaMCONdy_fdd","WCB","RaMCONdy_fdd WCB","D",0,1234.4681895614,3227.84103,1337.97941235522,1234.4681895614,1441.4906319212,0
"RaMCONdy_fdd","WCB","RaMCONdy_fdd WCB","E",10.9756097560976,354.275235,3227.84103,397.442577989185,331.118808158794,463.766351047417,0
"RaMCONdy_fdd","WNE","RaMCONdy_fdd WNE","A",6.91783799027582,320908.596930315,2750657.86388,384156.552691853,320908.596930315,447404.505702733,0
"RaMCONdy_fdd","WNE","RaMCONdy_fdd WNE","B",66.4459526675519,304609.515994078,2750657.86388,18051.1234652659,4988.4913275918,31113.75560294,273495.760391138
"RaMCONdy_fdd","WNE","RaMCONdy_fdd WNE","C",19.8930592486755,790999.021333821,2750657.86388,869581.757153597,790999.021333821,948164.49572403,0
"RaMCONdy_fdd","WNE","RaMCONdy_fdd WNE","D",0.552960040568083,1051972.38704373,2750657.86388,1140181.17933907,1051972.38704373,1228389.96888375,0
"RaMCONdy_fdd","WNE","RaMCONdy_fdd WNE","E",6.19019005292867,282168.34257806,2750657.86388,338687.234726269,282168.34257806,395206.129625136,0
"RaMCONdy_fdg","OBM","RaMCONdy_fdg OBM","A",8.32104625559369,124692.71807614,1068799.67949,149268.437119211,124692.71807614,173844.155093483,0
"RaMCONdy_fdg","OBM","RaMCONdy_fdg OBM","B",45.6105689260324,60430.943419762,1068799.67949,7013.97117666114,1938.33555313492,12089.6068001874,48341.3366195747
"RaMCONdy_fdg","OBM","RaMCONdy_fdg OBM","C",33.3127126829693,356046.166385,1068799.67949,337885.971040076,307351.747223832,368420.19592512,0
"RaMCONdy_fdg","OBM","RaMCONdy_fdg OBM","D",1.63348427399705,408755.943394098,1068799.67949,443030.481922302,408755.943394098,477305.019381707,0
"RaMCONdy_fdg","OBM","RaMCONdy_fdg OBM","E",11.1221878614076,118873.908215,1068799.67949,131600.811818951,109639.747665402,153561.877041301,0
"RaMCONdy_fdx","OEC","RaMCONdy_fdx OEC","A",8.82861182384668,495.490057163532,4247.077315,593.146316657777,495.490057163532,690.802571904945,0
"RaMCONdy_fdx","OEC","RaMCONdy_fdx OEC","B",48.8767869298843,295.791037805944,4247.077315,27.8713387027546,7.70234227662335,48.0403351288859,247.750702677058
"RaMCONdy_fdx","OEC","RaMCONdy_fdx OEC","C",17.1126354924857,1221.32019536423,4247.077315,1342.65369853573,1221.32019536423,1463.98720595431,0
"RaMCONdy_fdx","OEC","RaMCONdy_fdx OEC","D",4.6185264701262,1624.26891387998,4247.077315,1760.46526372797,1624.26891387998,1896.66160932887,-2.27373675443232e-13
"RaMCONdy_fdx","OEC","RaMCONdy_fdx OEC","E",20.5634392836571,610.207110786312,4247.077315,522.940671893308,435.674237247381,610.207110786312,0
"RaMCONdy_fdx","OSW","RaMCONdy_fdx OSW","A",10.8161911081619,39.1005663792974,335.149265,46.8069068022867,39.1005663792974,54.5132468901268,0
"RaMCONdy_fdx","OSW","RaMCONdy_fdx OSW","B",31.5195753151958,23.3417339882472,335.149265,2.19940867283088,0.607814306481195,3.79100303918055,19.5507309490667
"RaMCONdy_fdx","OSW","RaMCONdy_fdx OSW","C",5.90577305905773,96.377940745347,335.149265,105.952721563248,96.377940745347,115.527502716298,0
"RaMCONdy_fdx","OSW","RaMCONdy_fdx OSW","D",8.16191108161911,128.175800032316,335.149265,138.9234514551,128.175800032316,149.671102542735,0
"RaMCONdy_fdx","OSW","RaMCONdy_fdx OSW","E",43.5965494359655,48.1532238547925,335.149265,41.2667744956388,34.3803254716344,48.1532238547925,0
"RaMCONdy_fmd","OEC","RaMCONdy_fmd OEC","A",10.9944906604778,73048.2904345323,626131.105395,87445.3962959953,73048.2904345323,101842.501531327,0
"RaMCONdy_fmd","OEC","RaMCONdy_fmd OEC","B",45.3609627900253,44833.2899397463,626131.105395,4108.96972587705,1135.52820589347,7082.41124586063,37750.8786938857
"RaMCONdy_fmd","OEC","RaMCONdy_fmd OEC","C",28.7912450126998,180270.940655,626131.105395,197942.533670796,180054.778203312,215830.289764412,0
"RaMCONdy_fmd","OEC","RaMCONdy_fmd OEC","D",0.715919330851982,239460.036885721,626131.105395,259538.967584698,239460.036885721,279617.897657543,0
"RaMCONdy_fmd","OEC","RaMCONdy_fmd OEC","E",14.1373822059451,88518.54748,626131.105395,77095.2343608468,64229.8624506736,89960.606897151,0
"RaMCONdy_fmd","OSE","RaMCONdy_fmd OSE","A",30.0016592002655,1090.08407102453,6701.873325,935.982837748448,781.881597770489,1090.08407102453,0
"RaMCONdy_fmd","OSE","RaMCONdy_fmd OSE","B",22.3859299817488,75.8074828040517,6701.873325,43.9808761484794,12.154269492907,75.8074828040518,0
"RaMCONdy_fmd","OSE","RaMCONdy_fmd OSE","C",38.0786460925834,2310.16675139725,6701.873325,2118.70289602421,1927.23904735304,2310.16675139725,0
"RaMCONdy_fmd","OSE","RaMCONdy_fmd OSE","D",9.52380952380952,2563.09073256393,6701.873325,2778.00810192398,2563.09073256393,2992.92546458216,0
"RaMCONdy_fmd","OSE","RaMCONdy_fmd OSE","E",0.00995520159283225,662.72428721024,6701.873325,825.198572943647,687.492440668682,962.904711920485,-24.7681534584423
"RaMCONdy_fmd","WCB","RaMCONdy_fmd WCB","A",4.38655931122449,1301.86464409265,11158.89152,1558.449472934,1301.86464409265,1815.03429061646,0
"RaMCONdy_fmd","WCB","RaMCONdy_fmd WCB","B",39.3215880102041,126.222540473738,11158.89152,73.229946627712,20.2373527816858,126.222540473738,0
"RaMCONdy_fmd","WCB","RaMCONdy_fmd WCB","C",47.9452327806123,4318.45121447395,11158.89152,3527.72644801429,3208.93135689352,3846.52155029395,471.929664179994
"RaMCONdy_fmd","WCB","RaMCONdy_fmd WCB","D",0.651705994897959,4267.65026039912,11158.89152,4625.49641686204,4267.65026039912,4983.34256216606,0
"RaMCONdy_fmd","WCB","RaMCONdy_fmd WCB","E",7.69491390306122,1144.70286056054,11158.89152,1373.98916860861,1144.70286056054,1603.27548781557,0
"RaMCONdy_fmd","WEC","RaMCONdy_fmd WEC","A",14.9839202904098,206773.08562,1379966.534875,192725.963424591,160995.34963351,224456.575835706,0
"RaMCONdy_fmd","WEC","RaMCONdy_fmd WEC","B",45.4898570110515,86447.4122515179,1379966.534875,9055.99588595381,2502.65624888751,15609.3355230201,70838.0767284977
"RaMCONdy_fmd","WEC","RaMCONdy_fmd WEC","C",26.0483076216454,396833.133227204,1379966.534875,436256.991451887,396833.133227204,475680.851056536,0
"RaMCONdy_fmd","WEC","RaMCONdy_fmd WEC","D",1.72740641657366,527759.816586278,1379966.534875,572012.932558183,527759.816586278,616266.047150121,0
"RaMCONdy_fmd","WEC","RaMCONdy_fmd WEC","E",11.7505086603197,162153.08719,1379966.534875,169914.643274586,141559.906476197,198269.381452942,0
"RaMCONdy_fmd","WNE","RaMCONdy_fmd WNE","A",13.1338279376059,9948.840325,75749.738555,10579.1995481222,8837.42854272469,12320.9704777699,0
"RaMCONdy_fmd","WNE","RaMCONdy_fmd WNE","B",51.4716287590757,4481.65083713669,75749.738555,497.105765523724,137.376923103021,856.834607944426,3624.81622919226
"RaMCONdy_fmd","WNE","RaMCONdy_fmd WNE","C",32.4471755003538,24578.65061,75749.738555,23947.2133635941,21783.1413532395,26111.2854496985,0
"RaMCONdy_fmd","WNE","RaMCONdy_fmd WNE","D",0.466223734546063,28970.0272549483,75749.738555,31399.1890356139,28970.0272549483,33828.3507405297,0
"RaMCONdy_fmd","WNE","RaMCONdy_fmd WNE","E",2.48114406841863,7770.56952791502,75749.738555,9327.03038764768,7770.56952791502,10883.4913231301,0
"RaMCONdy_fmx","OEC","RaMCONdy_fmx OEC","A",12.2810281860273,73394.35311,597623.84711,83464.0759677686,69722.45904754,97205.6922903735,0
"RaMCONdy_fmx","OEC","RaMCONdy_fmx OEC","B",46.6037366525529,48709.0101049374,597623.84711,3921.8915560632,1083.82849703635,6759.95461509004,41949.0554898473
"RaMCONdy_fmx","OEC","RaMCONdy_fmx OEC","C",31.0659202193495,185657.347555,597623.84711,188930.365317683,171857.025331009,206003.705901981,0
"RaMCONdy_fmx","OEC","RaMCONdy_fmx OEC","D",1.12588558129634,228557.609164724,597623.84711,247722.361892681,228557.609164724,266887.114023014,0
"RaMCONdy_fmx","OEC","RaMCONdy_fmx OEC","E",8.92342936077386,61305.5271753381,597623.84711,73585.1487900608,61305.5271753381,85864.7710024073,0
"RaMCONms_fcm","OBM","RaMCONms_fcm OBM","A",9.33589726721478,266168.241822988,2143281.55123,311119.768035284,266168.241822988,356071.313537113,0
"RaMCONms_fcm","OBM","RaMCONms_fcm OBM","B",29.2788811441908,890090.903325581,2143281.55123,951720.141311084,890090.903325581,1013349.29570861,0
"RaMCONms_fcm","OBM","RaMCONms_fcm OBM","C",44.7654907393937,462350.833083042,2143281.55123,268242.589009686,223954.052652758,312531.144656147,149819.688426895
"RaMCONms_fcm","OBM","RaMCONms_fcm OBM","D",4.59833351215292,166962.899520214,2143281.55123,206650.408362203,166962.899520214,246337.936493727,0
"RaMCONms_fcm","OBM","RaMCONms_fcm OBM","E",12.0213973370478,357708.673478176,2143281.55123,405548.646655025,357708.673478176,453388.660554224,0
"RaMCONms_fcm","OEC","RaMCONms_fcm OEC","A",2.88985823336968,50.6525554325175,407.87243,59.2069556782043,50.6525554325175,67.7613595947429,0
"RaMCONms_fcm","OEC","RaMCONms_fcm OEC","B",56.8157033805889,192.843184528071,407.87243,181.114985333459,169.386770231822,192.843184528071,0
"RaMCONms_fcm","OEC","RaMCONms_fcm OEC","C",35.659760087241,64.5302329521637,407.87243,51.0473094615514,42.6190780261263,59.4755445678284,5.0546883843353
"RaMCONms_fcm","OEC","RaMCONms_fcm OEC","D",0.272628135223555,31.7735033496061,407.87243,39.3261464742292,31.7735033496061,46.8787932697042,0
"RaMCONms_fcm","OEC","RaMCONms_fcm OEC","E",4.36205016357688,68.0729537376414,407.87243,77.1770334604284,68.0729537376414,86.2811209327915,0
"RaMCONms_fcm","WCB","RaMCONms_fcm WCB","A",0.493716337522442,61.534293077235,495.49606,71.9264434302285,61.534293077235,82.3185982426865,0
"RaMCONms_fcm","WCB","RaMCONms_fcm WCB","B",80.9245960502693,260.890222630182,495.49606,220.024093414911,205.776294480098,234.271873025378,26.6183496048044
"RaMCONms_fcm","WCB","RaMCONms_fcm WCB","C",8.12387791741472,51.7749759226878,495.49606,62.0138524974572,51.7749759226878,72.2527335316912,0
"RaMCONms_fcm","WCB","RaMCONms_fcm WCB","D",0,38.5994359121715,495.49606,47.7746206895217,38.5994359121715,56.9498099263364,0
"RaMCONms_fcm","WCB","RaMCONms_fcm WCB","E",10.4578096947935,82.6971324577235,495.49606,93.7570504633775,82.6971324577235,104.816977883457,0
"RaMCONms_fcm","WNE","RaMCONms_fcm WNE","A",4.31622580135083,14671.786105401,118142.45106,17149.6143135339,14671.786105401,19627.4435849488,0
"RaMCONms_fcm","WNE","RaMCONms_fcm WNE","B",52.9042143862899,55858.0693732161,118142.45106,52460.9331672426,49063.7923537135,55858.0693732161,0
"RaMCONms_fcm","WNE","RaMCONms_fcm WNE","C",33.0739343558698,18691.5303111843,118142.45106,14786.1287408075,12344.8460096309,17227.4125352663,1464.11777591804
"RaMCONms_fcm","WNE","RaMCONms_fcm WNE","D",1.764402478785,9203.36675976258,118142.45106,11391.0306102573,9203.36675976258,13578.695524034,0
"RaMCONms_fcm","WNE","RaMCONms_fcm WNE","E",7.94122297770449,19717.6985104361,118142.45106,22354.7443463012,19717.6985104361,24991.7924268729,0
"RaMCONms_fmm","OEC","RaMCONms_fmm OEC","A",6.87796819341256,105406.614542519,848771.629475,123208.092901115,105406.614542519,141009.578898655,0
"RaMCONms_fmm","OEC","RaMCONms_fmm OEC","B",37.6411926618726,352489.343251691,848771.629475,376895.445528939,352489.343251691,401301.514704093,0
"RaMCONms_fmm","OEC","RaMCONms_fmm OEC","C",38.1145576908716,183097.862135662,848771.629475,106228.087130075,88689.1626947116,123767.019204384,59330.8429312778
"RaMCONms_fmm","OEC","RaMCONms_fmm OEC","D",2.47577299125771,66119.8115601355,848771.629475,81836.6601143011,66119.8115601355,97553.5163074114,0
"RaMCONms_fmm","OEC","RaMCONms_fmm OEC","E",14.8905084625855,141657.997984993,848771.629475,160603.344649341,141657.997984993,179548.707440351,0
"RaMCONms_fmm","WCB","RaMCONms_fmm WCB","A",4.85491957621543,1217.40130365864,9802.949205,1423.00076299867,1217.40130365864,1628.60031056525,0
"RaMCONms_fmm","WCB","RaMCONms_fmm WCB","B",48.2202409310556,4634.86081287506,9802.949205,4352.9811551328,4071.10111507552,4634.86081287506,0
"RaMCONms_fmm","WCB","RaMCONms_fmm WCB","C",42.5077701399759,1550.94227824342,9802.949205,1226.88896060836,1024.3218867577,1429.45612268556,121.48615555786
"RaMCONms_fmm","WCB","RaMCONms_fmm WCB","D",0.553551577848862,763.65553661248,9802.949205,945.17841354283,763.65553661248,1126.70137869972,0
"RaMCONms_fmm","WCB","RaMCONms_fmm WCB","E",3.86351777490415,1636.08927361041,9802.949205,1854.8999225203,1636.08927361041,2073.71075768622,0
"RaMCONms_fmm","WEC","RaMCONms_fmm WEC","A",7.84873203681411,113820.131045528,916520.263115,133042.516740898,113820.131045528,152264.910684951,0
"RaMCONms_fmm","WEC","RaMCONms_fmm WEC","B",44.4037652715743,406969.5063,916520.263115,406979.098861601,380624.91063951,433333.251339401,0
"RaMCONms_fmm","WEC","RaMCONms_fmm WEC","C",24.8905338502457,133646.056332403,916520.263115,114707.173267421,95768.298451121,133646.056332403,0
"RaMCONms_fmm","WEC","RaMCONms_fmm WEC","D",1.56236009625499,68204.3514012992,916520.263115,88368.8316806792,71397.470160134,105340.201449907,-3193.1187588348
"RaMCONms_fmm","WEC","RaMCONms_fmm WEC","E",21.2946087451109,193880.21803577,916520.263115,173422.643480921,152965.086339958,193880.21803577,0
"RaMCONms_fmm","WNE","RaMCONms_fmm WNE","A",6.1123384883176,1237.6181360341,9965.742345,1446.63189252781,1237.6181360341,1655.64573871321,0
"RaMCONms_fmm","WNE","RaMCONms_fmm WNE","B",31.6551739528241,4138.70804845048,9965.742345,4425.2691427359,4138.70804845048,4711.82984835736,0
"RaMCONms_fmm","WNE","RaMCONms_fmm WNE","C",60.5654861529535,2149.81987450852,9965.742345,1247.26335020806,1041.33233665689,1453.1944534509,696.625421057612
"RaMCONms_fmm","WNE","RaMCONms_fmm WNE","D",0.301265314320145,776.337218429226,9965.742345,960.874563607789,776.337218429226,1145.41199847803,0
"RaMCONms_fmm","WNE","RaMCONms_fmm WNE","E",1.36573609158466,1663.25906757767,9965.742345,1885.70340588618,1663.25906757767,2108.1479335438,0
"RaMCONsw_fdm","OSW","RaMCONsw_fdm OSW","A",9.89949498870725,31539.7303144783,254933.834845,37208.9407758787,31539.7303144783,42878.1537866175,0
"RaMCONsw_fdm","OSW","RaMCONsw_fdm OSW","B",58.8493872954198,19727.8373509192,254933.834845,7326.06547867012,4610.2609446107,10041.8702676634,9685.96708325582
"RaMCONsw_fdm","OSW","RaMCONsw_fdm OSW","C",7.44195946824204,27266.1332076271,254933.834845,32089.14867424,27266.1332076271,36912.1618464484,0
"RaMCONsw_fdm","OSW","RaMCONsw_fdm OSW","D",1.82899754080699,124430.796427907,254933.834845,132210.010876955,124430.796427907,139989.225326004,0
"RaMCONsw_fdm","OSW","RaMCONsw_fdm OSW","E",21.9801607068239,51969.3375440686,254933.834845,46099.6713336604,40230.0051232522,51969.3375440686,0
"RaMCONsw_fiw","OEC","RaMCONsw_fiw OEC","A",2.65617314313822,167.808574800384,1356.387105,197.971867836987,167.808574800384,228.135174437461,-2.8421709430404e-14
"RaMCONsw_fiw","OEC","RaMCONsw_fiw OEC","B",63.8301360878833,104.962859122224,1356.387105,38.9786657847731,24.5291037957244,53.4282291302089,51.5346299920155
"RaMCONsw_fiw","OEC","RaMCONsw_fiw OEC","C",3.55796032136416,145.070706320813,1356.387105,170.731780262241,145.070706320813,196.392841996185,0
"RaMCONsw_fiw","OEC","RaMCONsw_fiw OEC","D",2.34464666338744,662.039732161519,1356.387105,703.429397727623,662.039732161519,744.819063293728,0
"RaMCONsw_fiw","OEC","RaMCONsw_fiw OEC","E",27.6110837842269,276.505232595059,1356.387105,245.275405595859,214.04557859666,276.505232595059,0
"RaMCONsw_fiw","OSW","RaMCONsw_fiw OSW","A",5.71960086388016,137755.266923193,1113467.937635,162516.531289347,137755.266923193,187277.806790179,0
"RaMCONsw_fiw","OSW","RaMCONsw_fiw OSW","B",50.1676049735625,80290.6030891142,1113467.937635,31997.8673073092,20136.1178639782,43859.6178641082,36430.985225006
"RaMCONsw_fiw","OSW","RaMCONsw_fiw OSW","C",11.2229320913741,124963.7505,1113467.937635,140154.947327776,119089.587023381,161220.29761096,0
"RaMCONsw_fiw","OSW","RaMCONsw_fiw OSW","D",2.73255127665596,543473.181428037,1113467.937635,577450.255809979,543473.181428037,611427.330191921,0
"RaMCONsw_fiw","OSW","RaMCONsw_fiw OSW","E",30.1573107945273,226985.135694656,1113467.937635,201348.345921801,175711.556148945,226985.135694656,0
"RaMCONsw_fvw","OSW","RaMCONsw_fvw OSW","A",9.08615232187302,13829.5011276671,111783.066035,16315.3293730953,13829.5011276671,18801.1587363542,0
"RaMCONsw_fvw","OSW","RaMCONsw_fvw OSW","B",54.1263705327744,8650.23721416316,111783.066035,3212.32394153105,2021.50139828765,4403.14659655752,4247.09061760564
"RaMCONsw_fvw","OSW","RaMCONsw_fvw OSW","C",9.38279022666637,11955.6196639038,111783.066035,14070.4093963848,11955.6196639038,16185.1981228183,0
"RaMCONsw_fvw","OSW","RaMCONsw_fvw OSW","D",2.99085018293666,54560.2585170587,111783.066035,57971.278646996,54560.2585170587,61382.2987769333,-7.27595761418343e-12
"RaMCONsw_fvw","OSW","RaMCONsw_fvw OSW","E",24.4138367357495,22787.4495122073,111783.066035,20213.7256830404,17640.0018538735,22787.4495122073,0
"RaMEVG_ftd","OSW","RaMEVG_ftd OSW","A",12.0549414579648,61410.0453049336,434156.627865,71871.2936835222,61410.0453049336,82332.5385888579,0
"RaMEVG_ftd","OSW","RaMEVG_ftd OSW","B",38.0575221533593,39723.1728228938,434156.627865,32665.9972135146,25608.8194333522,39723.1728228938,0
"RaMEVG_ftd","OSW","RaMEVG_ftd OSW","C",8.70060091579341,209329.148664509,434156.627865,224132.630620485,209329.148664509,238936.112142304,0
"RaMEVG_ftd","OSW","RaMEVG_ftd OSW","D",5.18920574719533,77143.8215851465,434156.627865,88907.7399935356,77143.8215851465,100671.649718792,0
"RaMEVG_ftd","OSW","RaMEVG_ftd OSW","E",35.9977297256871,46550.4394875171,434156.627865,16578.9767737019,11083.3292686684,22074.6247128921,24475.814774625
"RaMEVG_fuc","OSW","RaMEVG_fuc OSW","A",39.9856226723147,21664.8326770427,109516.63859,18129.6379927236,15490.77292803,20768.502181284,896.330495758673
"RaMEVG_fuc","OSW","RaMEVG_fuc OSW","B",14.2656394052498,10020.2279142579,109516.63859,8240.04513902487,6459.86181620862,10020.2279142579,0
"RaMEVG_fuc","OSW","RaMEVG_fuc OSW","C",17.6865498881087,52803.5811255009,109516.63859,56537.7809031679,52803.5811255009,60271.9805713184,0
"RaMEVG_fuc","OSW","RaMEVG_fuc OSW","D",13.5936820986025,19459.6407972355,109516.63859,22427.1062648694,19459.6407972355,25394.5695421706,0
"RaMEVG_fuc","OSW","RaMEVG_fuc OSW","E",14.4685059357244,5568.35607596301,109516.63859,4182.0709186135,2795.78587078062,5568.35607596301,0
"RaOAPI_fop","OEC","RaOAPI_fop OEC","A",13.4010006528352,18333.9491860536,82099.115805,20632.6220509962,18333.9491860536,22931.2949159388,0
"RaOAPI_fop","OEC","RaOAPI_fop OEC","B",23.9436123729883,5073.19201771561,82099.115805,3125.74773167197,2117.34342133314,4134.15187781257,939.04013990304
"RaOAPI_fop","OEC","RaOAPI_fop OEC","C",7.75654934594579,13620.5143212308,82099.115805,15751.1987667831,13620.5143212308,17881.8832123354,0
"RaOAPI_fop","OEC","RaOAPI_fop OEC","D",15.0845570607787,37246.0472419318,82099.115805,39983.0874326249,37246.0472419318,42720.1307430844,0
"RaOAPI_fop","OEC","RaOAPI_fop OEC","E",39.814280567452,7825.41303806823,82099.115805,2606.45842723886,1712.62138052801,3500.29555604883,4325.1174820194
"RaOAPI_fop","WEC","RaOAPI_fop WEC","A",7.15108715852072,1336.21258820934,5983.537475,1503.74417603811,1336.21258820934,1671.27576386688,0
"RaOAPI_fop","WEC","RaOAPI_fop WEC","B",21.5424642259803,301.304739346859,5983.537475,227.810354672741,154.315958031548,301.304739346859,0
"RaOAPI_fop","WEC","RaOAPI_fop WEC","C",13.0087344359784,992.688618759705,5983.537475,1147.9768956474,992.688618759705,1303.2651725351,0
"RaOAPI_fop","WEC","RaOAPI_fop WEC","D",15.5658799479651,2714.56174993478,5983.537475,2914.0423702924,2714.56174993478,3113.52321802444,0
"RaOAPI_fop","WEC","RaOAPI_fop WEC","E",42.7318342315555,638.769778749312,5983.537475,189.963576629207,124.81905694594,255.108102296013,383.661676453299
"RaPICOpu_fld","OEC","RaPICOpu_fld OEC","A",14.945274167011,68832.8460603141,363872.91362,78701.8632599445,68832.8460603141,88570.8735459895,0
"RaPICOpu_fld","OEC","RaPICOpu_fld OEC","B",30.7189534494266,72705.1099240942,363872.91362,50461.9094879923,42606.0864994537,58317.7328404039,14387.3770836903
"RaPICOpu_fld","OEC","RaPICOpu_fld OEC","C",42.7568642598872,162701.262756546,363872.91362,173628.679647133,162701.262756546,184556.09653772,0
"RaPICOpu_fld","OEC","RaPICOpu_fld OEC","D",3.92817066343307,33025.0230409998,363872.91362,39621.9825646288,33025.0230409998,46218.945363114,0
"RaPICOpu_fld","OEC","RaPICOpu_fld OEC","E",7.65073746024218,26608.6718380461,363872.91362,21458.4786603014,16308.2854825567,26608.6718380461,0
"RaPICOpu_flp","OSW","RaPICOpu_flp OSW","A",0.586939920794189,4737.82295674768,25045.68011,5417.11574972584,4737.82295674768,6096.40806683607,0
"RaPICOpu_flp","OSW","RaPICOpu_flp OSW","B",73.4829245768882,5004.35415047932,25045.68011,3473.33586939064,2932.61293507188,4014.05882875509,990.295321724229
"RaPICOpu_flp","OSW","RaPICOpu_flp OSW","C",4.05175016427214,11198.8653949359,25045.68011,11951.0087329697,11198.8653949359,12703.1520710036,0
"RaPICOpu_flp","OSW","RaPICOpu_flp OSW","D",0.374718073487364,2273.14024141422,25045.68011,2727.2145397281,2273.14024141422,3181.2890634531,0
"RaPICOpu_flp","OSW","RaPICOpu_flp OSW","E",21.5036672645581,1831.49736642293,25045.68011,1477.00521818569,1122.51306994845,1831.49736642293,0
"RaPICOpu_flw","OEC","RaPICOpu_flw OEC","A",12.6897662074635,14789.6996773838,78183.184645,16910.1960515359,14789.6996773838,19030.6909402075,0
"RaPICOpu_flw","OEC","RaPICOpu_flw OEC","B",35.4039669919869,15621.7097262885,78183.184645,10842.4470175296,9154.51357631511,12530.3805369273,3091.32918936116
"RaPICOpu_flw","OEC","RaPICOpu_flw OEC","C",33.769780202588,34958.6418552549,78183.184645,37306.5502058662,34958.6418552549,39654.4585564776,0
"RaPICOpu_flw","OEC","RaPICOpu_flw OEC","D",5.25954982349645,7095.88809079729,78183.184645,8513.33711001752,7095.88809079729,9930.78683288641,0
"RaPICOpu_flw","OEC","RaPICOpu_flw OEC","E",12.8769367744652,5717.2452952756,78183.184645,4610.65426005077,3504.06322482594,5717.2452952756,0
"RaPIJEsp_fjp","OSW","RaPIJEsp_fjp OSW","A",25.7802327556228,14849.4158742227,82496.758065,12374.51370975,10889.5718995865,13859.4546949459,989.961179276763
"RaPIJEsp_fjp","OSW","RaPIJEsp_fjp OSW","B",23.292006674808,2144.91562719324,82496.758065,824.96758065,0,2144.91562719324,4.54747350886464e-13
"RaPIJEsp_fjp","OSW","RaPIJEsp_fjp OSW","C",30.5585434037747,33988.6649827541,82496.758065,36298.5735486,33988.6649827541,38608.4821144459,0
"RaPIJEsp_fjp","OSW","RaPIJEsp_fjp OSW","D",2.11890108290403,29698.8329034,82496.758065,32173.73564535,29698.8329034,34648.6383873,0
"RaPIJEsp_fjp","OSW","RaPIJEsp_fjp OSW","E",18.2503160828905,1814.92867743,82496.758065,824.96758065,0,1814.92867743,0
"RaPIPOm_fdp","OBM","RaPIPOm_fdp OBM","A",10.433762921384,111920.72854,1072678.470685,115550.165951179,95595.4244202836,135504.907482074,0
"RaPIPOm_fdp","OBM","RaPIPOm_fdp OBM","B",33.7869505606428,131300.767103965,1072678.470685,73929.170755487,58541.8566090222,89316.4806112381,41984.2864927267
"RaPIPOm_fdp","OBM","RaPIPOm_fdp OBM","C",21.2264085420302,367570.007473644,1072678.470685,399079.446263276,367570.007473644,430588.844291127,0
"RaPIPOm_fdp","OBM","RaPIPOm_fdp OBM","D",11.0832141376978,420801.651909782,1072678.470685,454420.651287539,420801.651909782,488039.651737975,0
"RaPIPOm_fdp","OBM","RaPIPOm_fdp OBM","E",23.4696638382453,41085.3156576087,1072678.470685,29699.0632444802,18312.8097586731,41085.3156576087,0
"RaPIPOm_fdp","OEC","RaPIPOm_fdp OEC","A",12.5564236430712,3792.27954,30201.908185,3253.38449329597,2691.54673105707,3815.22225553487,0
"RaPIPOm_fdp","OEC","RaPIPOm_fdp OEC","B",54.321333107516,3055.76810969926,30201.908185,2081.5203142136,1648.28121995965,2514.75928765992,541.008822039334
"RaPIPOm_fdp","OEC","RaPIPOm_fdp OEC","C",12.7559774084519,10349.1548685503,30201.908185,11236.3220890107,10349.1548685503,12123.4881617986,0
"RaPIPOm_fdp","OEC","RaPIPOm_fdp OEC","D",5.28707024145269,11847.923867587,30201.908185,12794.4870365394,11847.923867587,13741.0502356937,0
"RaPIPOm_fdp","OEC","RaPIPOm_fdp OEC","E",15.0791955995081,1156.7817991634,30201.908185,836.195006987979,515.608184610647,1156.7817991634,0
"RaPIPOm_fpd","OBM","RaPIPOm_fpd OBM","A",23.3381514894748,1920.54883340416,13385.732655,1441.92660888928,1192.91551877053,1690.93769900803,229.611134396127
"RaPIPOm_fpd","OBM","RaPIPOm_fpd OBM","B",22.4609147850936,1114.56187834557,13385.732655,922.546822914092,730.531713939687,1114.56187834557,0
"RaPIPOm_fpd","OBM","RaPIPOm_fpd OBM","C",24.3383342471216,4586.83005812224,13385.732655,4980.02982419731,4586.83005812224,5373.22908161454,0
"RaPIPOm_fpd","OBM","RaPIPOm_fpd OBM","D",14.4229011945704,5251.09673325476,13385.732655,5670.6212693554,5251.09673325476,6090.14581884177,0
"RaPIPOm_fpd","OBM","RaPIPOm_fpd OBM","E",15.4396982837396,512.695151873273,13385.732655,370.608464287236,228.521763315466,512.695151873272,1.13686837721616e-13
"RaPIPOm_fpd","OEC","RaPIPOm_fpd OEC","A",3.23741007194245,5.50981930615573,61.82581,6.65994778566217,5.50981930615573,7.81007626516861,0
"RaPIPOm_fpd","OEC","RaPIPOm_fpd OEC","B",83.0935251798561,8.50870198289085,61.82581,4.26104465550379,3.374168311074,5.14792075263034,3.36078123026051
"RaPIPOm_fpd","OEC","RaPIPOm_fpd OEC","C",0.719424460431655,21.1855780318328,61.82581,23.0016828843618,21.1855780318328,24.81778538751,0
"RaPIPOm_fpd","OEC","RaPIPOm_fpd OEC","D",3.9568345323741,24.2536824310891,61.82581,26.1913757145126,24.2536824310891,28.129069059762,0
"RaPIPOm_fpd","OEC","RaPIPOm_fpd OEC","E",8.99280575539568,2.36802824803153,61.82581,1.71176050560487,1.0554927013524,2.36802824803153,0
"RaPIPOm_fpd","OSW","RaPIPOm_fpd OSW","A",12.136214900379,9180.4656,75645.212905,8148.58985563793,6741.38283804498,9555.79687323088,0
"RaPIPOm_fpd","OSW","RaPIPOm_fpd OSW","B",47.4497190854327,7971.49775516193,75645.212905,5213.48010100145,4128.36775237554,6298.59214704652,1672.90560811541
"RaPIPOm_fpd","OSW","RaPIPOm_fpd OSW","C",14.8151197010634,25921.0119646387,75645.212905,28143.0554482156,25921.0119646387,30365.0960572744,0
"RaPIPOm_fpd","OSW","RaPIPOm_fpd OSW","D",5.29665813094059,29674.9039152094,75645.212905,32045.7134681965,29674.9039152094,34416.5230968287,0
"RaPIPOm_fpd","OSW","RaPIPOm_fpd OSW","E",20.3022881821843,2897.33366998992,75645.212905,2094.3759230789,1291.41810052268,2897.33366998992,0
"RaPIPOm_fpd","WCB","RaPIPOm_fpd WCB","A",18.4045205591433,15613.5332894935,108822.3214,11722.4663686339,9698.07475859037,13746.8579786774,1866.67531081614
"RaPIPOm_fpd","WCB","RaPIPOm_fpd WCB","B",31.9512793264122,9061.08123265136,108822.3214,7500.0516936371,5939.02171933356,9061.08123265136,1.81898940354586e-12
"RaPIPOm_fpd","WCB","RaPIPOm_fpd WCB","C",27.3698193411265,37289.6656206346,108822.3214,40486.2714711364,37289.6656206346,43682.8731863899,0
"RaPIPOm_fpd","WCB","RaPIPOm_fpd WCB","D",16.203098177062,42689.9708171962,108822.3214,46100.5898008105,42689.9708171962,49511.2088932472,0
"RaPIPOm_fpd","WCB","RaPIPOm_fpd WCB","E",6.07128259625603,4168.07044002442,108822.3214,3012.9447863402,1857.81902383366,4168.07044002442,0
"RaPIPOm_fpd","WEC","RaPIPOm_fpd WEC","A",20.2264974518305,21813.6363435581,152035.44906,16377.4344777578,13549.1609806785,19205.707974837,2607.9283687211
"RaPIPOm_fpd","WEC","RaPIPOm_fpd WEC","B",34.5404225689995,12659.2185909323,152035.44906,10478.3073228516,8297.39544662912,12659.2185909323,0
"RaPIPOm_fpd","WEC","RaPIPOm_fpd WEC","C",9.66636825876061,52097.3177652725,152035.44906,56563.2894491744,52097.3177652725,61029.2553557291,0
"RaPIPOm_fpd","WEC","RaPIPOm_fpd WEC","D",10.1079827040437,59642.0734280597,152035.44906,64407.042435111,59642.0734280597,69172.0115941977,0
"RaPIPOm_fpd","WEC","RaPIPOm_fpd WEC","E",25.4587290163656,5823.20293217734,152035.44906,4209.37917599153,2595.55526777028,5823.20293217733,2.72848410531878e-12
"RaPIPOm_fpd","WNE","RaPIPOm_fpd WNE","A",13.5705348870238,44625.33591,328839.91885,35423.0165263081,29305.6982757592,41540.3347768571,3085.00113314294
"RaPIPOm_fpd","WNE","RaPIPOm_fpd WNE","B",40.9040124980556,29936.556656989,328839.91885,22663.6994926891,17946.5701072063,27380.8275628122,2555.72909417675
"RaPIPOm_fpd","WNE","RaPIPOm_fpd WNE","C",14.4401236279529,112682.126781327,328839.91885,122341.648788863,112682.126781327,132001.158300482,0
"RaPIPOm_fpd","WNE","RaPIPOm_fpd WNE","D",10.0612053049106,129000.80019094,328839.91885,139307.028319244,129000.80019094,149613.256776388,0
"RaPIPOm_fpd","WNE","RaPIPOm_fpd WNE","E",21.024123682057,12595.0993107441,328839.91885,9104.53394389399,5613.96824820395,12595.0993107441,0
"RaPIPOm_fpl","OEC","RaPIPOm_fpl OEC","A",11.9672559679736,115864.014285,968175.28258,104292.96161832,86282.2640528618,122303.659183777,0
"RaPIPOm_fpl","OEC","RaPIPOm_fpl OEC","B",43.794763821598,103662.196699966,968175.28258,66726.7944152835,52838.5533169165,80615.0316409494,23047.1650590165
"RaPIPOm_fpl","OEC","RaPIPOm_fpl OEC","C",19.7240596094459,331760.360237744,968175.28258,360200.065739252,331760.360237744,388639.7344501,0
"RaPIPOm_fpl","OEC","RaPIPOm_fpl OEC","D",6.777845566366,379806.036367745,968175.28258,410149.783457058,379806.036367745,440493.531514547,0
"RaPIPOm_fpl","OEC","RaPIPOm_fpl OEC","E",17.7360750346166,37082.6749895448,968175.28258,26805.7015544686,16528.7271512171,37082.6749895448,1.45519152283669e-11
"RaPIPOxe_fpd","OBM","RaPIPOxe_fpd OBM","A",42.6751592356688,9.10560254563971,34.916015,8.25453599280357,7.40346943996743,9.10560254563971,0
"RaPIPOxe_fpd","OBM","RaPIPOxe_fpd OBM","B",15.9235668789809,2.57805280815339,34.916015,2.01778327368032,1.45751359954318,2.57805280815339,0
"RaPIPOxe_fpd","OBM","RaPIPOxe_fpd OBM","C",26.1146496815287,8.72153154820993,34.916015,7.82888117373728,6.93623146266892,8.72153154820993,0
"RaPIPOxe_fpd","OBM","RaPIPOxe_fpd OBM","D",12.7388535031847,13.621248097997,34.916015,15.0887361557676,14.1820204931405,15.9954531801193,-0.560772395143502
"RaPIPOxe_fpd","OBM","RaPIPOxe_fpd OBM","E",2.54777070063694,0.88958,34.916015,1.72607770569094,1.27334729770892,2.178808218421,-0.383767297708915
"RaPIPOxe_fpd","OEC","RaPIPOxe_fpd OEC","A",12.2927632148741,138839.903135662,654792.483415,154800.257766138,138839.903135662,170760.612396614,0
"RaPIPOxe_fpd","OEC","RaPIPOxe_fpd OEC","B",55.2538365106272,79054.5010525698,654792.483415,37840.2094502016,27333.2724096955,48347.1438715378,30707.357181032
"RaPIPOxe_fpd","OEC","RaPIPOxe_fpd OEC","C",19.1487078151954,130077.622689251,654792.483415,146817.801118265,130077.622689251,163557.991988337,0
"RaPIPOxe_fpd","OEC","RaPIPOxe_fpd OEC","D",1.05893569117308,265960.488862944,654792.483415,282964.451098694,265960.488862944,299968.438871351,0
"RaPIPOxe_fpd","OEC","RaPIPOxe_fpd OEC","E",12.2457567681302,40859.9676745728,654792.483415,32369.7508858509,23879.5360615064,40859.9676745728,0
"RaPIPOxe_fpd","OSE","RaPIPOxe_fpd OSE","A",3.8111794597486,352.631493452716,1663.06981,393.168281236848,352.631493452716,433.705069020979,0
"RaPIPOxe_fpd","OSE","RaPIPOxe_fpd OSE","B",23.1211553891415,122.794133117013,1663.06981,96.108174016442,69.4222082635917,122.794133117013,0
"RaPIPOxe_fpd","OSE","RaPIPOxe_fpd OSE","C",68.7349558705536,440.090437521325,1663.06981,372.894098198773,330.376680750562,415.411547245311,24.6788902760142
"RaPIPOxe_fpd","OSE","RaPIPOxe_fpd OSE","D",0,675.497765908946,1663.06981,718.685152693186,675.497765908946,761.872604337148,0
"RaPIPOxe_fpd","OSE","RaPIPOxe_fpd OSE","E",4.3327092805563,72.05598,1663.06981,82.2140705933555,60.6502617341864,103.777884441734,0
"RaPIPOxe_fxp","OBM","RaPIPOxe_fxp OBM","A",17.4301469950742,109273.108433081,525853.199895,124317.570761274,111500.06939027,137135.072132278,-2226.96095718893
"RaPIPOxe_fxp","OBM","RaPIPOxe_fxp OBM","B",44.110660135056,38826.8053689904,525853.199895,30388.8571235693,21950.9067747353,38826.8053689904,0
"RaPIPOxe_fxp","OBM","RaPIPOxe_fxp OBM","C",26.6665989991123,131350.764759706,525853.199895,117906.989580783,104463.224393071,131350.764759706,0
"RaPIPOxe_fxp","OBM","RaPIPOxe_fxp OBM","D",1.77064843702752,213588.545465294,525853.199895,227244.151140437,213588.545465294,240899.777323855,0
"RaPIPOxe_fxp","OBM","RaPIPOxe_fxp OBM","E",10.02194543373,32813.9758679279,525853.199895,25995.6207718721,19177.267253376,32813.9758679279,0
"RaPIPOxe_fxp","OEC","RaPIPOxe_fxp OEC","A",18.6598054565894,111073.921916837,523843.41628,123842.435463395,111073.921916837,136610.949009953,0
"RaPIPOxe_fxp","OEC","RaPIPOxe_fxp OEC","B",39.9393495294345,38678.4113356957,523843.41628,30272.7124901664,21867.0115492635,38678.4113356957,0
"RaPIPOxe_fxp","OEC","RaPIPOxe_fxp OEC","C",29.3437301525305,130848.748959699,523843.41628,117456.355191184,104063.971375694,130848.748959699,0
"RaPIPOxe_fxp","OEC","RaPIPOxe_fxp OEC","D",1.57612258136826,210553.771511113,523843.41628,226375.635798783,212772.221139202,239979.070888258,-2218.44962808819
"RaPIPOxe_fxp","OEC","RaPIPOxe_fxp OEC","E",10.4809922800773,32688.5625566548,523843.41628,25896.2668596025,19103.9727340805,32688.5625566548,0
"RaPIPOxe_fxp","OSE","RaPIPOxe_fxp OSE","A",40.6529672858787,8819.96501355515,33820.719625,7995.59593060893,7171.22684766271,8819.96501355515,0
"RaPIPOxe_fxp","OSE","RaPIPOxe_fxp OSE","B",17.8346210751274,2497.18076942629,33820.719625,1954.48656907601,1411.79223344286,2497.18076942629,0
"RaPIPOxe_fxp","OSE","RaPIPOxe_fxp OSE","C",38.2120664145981,8447.94210314665,33820.719625,7583.29365921081,6718.64585786864,8447.94210314665,0
"RaPIPOxe_fxp","OSE","RaPIPOxe_fxp OSE","D",0.106526385007398,12975.4592238719,33820.719625,14615.4111521552,13737.1386400913,15493.684983227,-761.679416219411
"RaPIPOxe_fxp","OSE","RaPIPOxe_fxp OSE","E",3.19381883938846,1080.172515,33820.719625,1671.93163753471,1233.4031229241,2110.46025360747,-153.230607924097
"RaREFI_fcw","OEC","RaREFI_fcw OEC","A",1.37126086026939,1217.4061826113,22884.00071,1572.74745817613,1217.4061826113,1928.08884816097,0
"RaREFI_fcw","OEC","RaREFI_fcw OEC","B",48.1690606231414,5919.77788477929,22884.00071,5159.11809490702,4616.37120179573,5701.86498801831,217.912896760978
"RaREFI_fcw","OEC","RaREFI_fcw OEC","C",8.22853699780365,2504.81028985435,22884.00071,3013.50318113308,2504.81028985435,3522.19609529581,0
"RaREFI_fcw","OEC","RaREFI_fcw OEC","D",1.79595327411612,4430.54171979818,22884.00071,5014.19049176649,4430.54171979818,5597.8392637348,0
"RaREFI_fcw","OEC","RaREFI_fcw OEC","E",40.4351882446695,8811.46463295688,22884.00071,8124.44180439329,7437.41895294568,8811.46463295688,0
"RaREFI_fcw","OSW","RaREFI_fcw OSW","A",5.88210233195612,14431.433945,245344.82963,16861.8006120154,13052.1020449347,20671.5004058202,0
"RaREFI_fcw","OSW","RaREFI_fcw OSW","B",39.707250039431,62088.0187172567,245344.82963,55312.1355866281,49493.2166960859,61131.0544771703,956.964240086338
"RaREFI_fcw","OSW","RaREFI_fcw OSW","C",10.0705768885618,26854.668534914,245344.82963,32308.4863496562,26854.668534914,37762.3044097433,0
"RaREFI_fcw","OSW","RaREFI_fcw OSW","D",3.53854353812657,47500.8944977651,245344.82963,53758.3321869603,47500.8944977651,60015.7698761556,0
"RaREFI_fcw","OSW","RaREFI_fcw OSW","E",40.8015272019246,94469.8139350642,245344.82963,87104.0783295676,79738.3424787261,94469.8139350642,0
"RaREFI_frf","OEC","RaREFI_frf OEC","A",3.54748538102765,3038.93678451644,57123.93491,3925.95353274315,3038.93678451644,4812.97056658954,0
"RaREFI_frf","OEC","RaREFI_frf OEC","B",64.0361600573079,14761.3083604538,57123.93491,12878.3917629267,11523.5658044942,14233.2177213591,528.090639094702
"RaREFI_frf","OEC","RaREFI_frf OEC","C",16.9778632551838,9698.423555,57123.93491,7522.42414915237,6252.60511799461,8792.24323743407,906.18031756593
"RaREFI_frf","OEC","RaREFI_frf OEC","D",0.0716349111182054,11059.6910053055,57123.93491,12516.6178286668,11059.6910053055,13973.5446520282,0
"RaREFI_frf","OEC","RaREFI_frf OEC","E",15.3668563953624,18565.5752047243,57123.93491,20280.5484362461,18565.5752047243,21995.5216106439,0
"RaREFI_frm","OEC","RaREFI_frm OEC","A",0.215584226641185,1789.07763723233,33629.904715,2311.28061170305,1789.07763723233,2833.48375432328,0
"RaREFI_frm","OEC","RaREFI_frm OEC","B",41.023826686153,8699.59622541419,33629.904715,7581.74464962929,6784.13384149299,8379.3554577656,320.240767648593
"RaREFI_frm","OEC","RaREFI_frm OEC","C",2.03151762037337,3681.02293145548,33629.904715,4428.58860756673,3681.02293145548,5176.15431730788,0
"RaREFI_frm","OEC","RaREFI_frm OEC","D",0.181857859896705,6511.04226751464,33629.904715,7368.76172125263,6511.04226751464,8226.48117499063,0
"RaREFI_frm","OEC","RaREFI_frm OEC","E",56.5472136069357,12949.1656533834,33629.904715,11939.529595667,10929.8935043207,12949.1656533834,0
"RaREFI_frm","OSW","RaREFI_frm OSW","A",2.44426754809538,2927.94835520706,55037.647415,3782.5693668201,2927.94835520706,4637.19065362137,0
"RaREFI_frm","OSW","RaREFI_frm OSW","B",47.2088315277783,14237.4863611686,55037.647415,12408.0455283223,11102.7006929853,13713.3903636592,524.095997509339
"RaREFI_frm","OSW","RaREFI_frm OSW","C",5.24978078770957,6024.24669189183,55037.647415,7247.68923358347,6024.24669189183,8471.13183031274,0
"RaREFI_frm","OSW","RaREFI_frm OSW","D",0.902710150842301,10655.7675872271,55037.647415,12059.4843469348,10655.7675872271,13463.2011066425,0
"RaREFI_frm","OSW","RaREFI_frm OSW","E",44.1944099855744,21192.1984195054,55037.647415,19539.8597098664,17887.5209451898,21192.1984195054,0
"RaSAWD_fal","OEC","RaSAWD_fal OEC","A",29.125041402669,17651.8547859208,62443.845705,15685.7695280677,13719.6842702145,17651.8547859208,0
"RaSAWD_fal","OEC","RaSAWD_fal OEC","B",64.2166971176619,15389.4849698651,62443.845705,13590.1368317064,11790.788631104,15389.4849698651,0
"RaSAWD_fal","OEC","RaSAWD_fal OEC","C",6.65826147966906,29402.5059492141,62443.845705,33167.9405941028,31005.9739253369,35329.9048275588,-1603.46797612273
"RaSAWD_fal","OEC","RaSAWD_fal OEC","D",0,0,62443.845705,NA,NA,NA,0
"RaSAWD_fal","OEC","RaSAWD_fal OEC","E",0,0,62443.845705,NA,NA,NA,0
"RaSAWD_fal","OSW","RaSAWD_fal OSW","A",13.5601505146272,5298.10963801003,24113.84506,6057.34979606495,5298.10963801003,6816.58995411987,0
"RaSAWD_fal","OSW","RaSAWD_fal OSW","B",83.7855535470543,6842.20556122252,24113.84506,5248.08250043011,4553.23093854364,5942.93403820274,899.271523019779
"RaSAWD_fal","OSW","RaSAWD_fal OSW","C",2.65429593831852,11973.5298607675,24113.84506,12808.4132457818,11973.5298607675,13643.2956903563,0
"RaSAWD_fal","OSW","RaSAWD_fal OSW","D",0,0,24113.84506,NA,NA,NA,0
"RaSAWD_fal","OSW","RaSAWD_fal OSW","E",0,0,24113.84506,NA,NA,NA,0
"RaSAWD_fal","WEC","RaSAWD_fal WEC","A",47.3741964476583,94989.3582968196,336027.058065,84409.3269479742,73829.2955991288,94989.3582968196,0
"RaSAWD_fal","WEC","RaSAWD_fal WEC","B",42.7347219988524,82814.9403864345,336027.058065,73132.1661358448,63449.391549228,82814.9403864345,0
"RaSAWD_fal","WEC","RaSAWD_fal WEC","C",9.8910815534893,158222.759381746,336027.058065,178485.571701722,166851.450017864,190119.680280525,-8628.6906361185
"RaSAWD_fal","WEC","RaSAWD_fal WEC","D",0,0,336027.058065,NA,NA,NA,0
"RaSAWD_fal","WEC","RaSAWD_fal WEC","E",0,0,336027.058065,NA,NA,NA,0
"RaSAWD_fal","WNE","RaSAWD_fal WNE","A",57.3067417363837,61837.6009340893,218751.947505,54950.0530218727,48062.505109656,61837.6009340893,0
"RaSAWD_fal","WNE","RaSAWD_fal WNE","B",27.7536322498854,53912.1152813198,218751.947505,47608.6772880674,41305.239076063,53912.1152813198,0
"RaSAWD_fal","WNE","RaSAWD_fal WNE","C",14.9396260137309,103002.231289591,218751.947505,116193.221570099,108619.466079963,123766.968528909,-5617.23479037204
"RaSAWD_fal","WNE","RaSAWD_fal WNE","D",0,0,218751.947505,NA,NA,NA,0
"RaSAWD_fal","WNE","RaSAWD_fal WNE","E",0,0,218751.947505,NA,NA,NA,0
"RaSAWD_fsw","OBM","RaSAWD_fsw OBM","A",35.1253160517466,17927.2141395845,63417.935805,15930.459018852,13933.7038981195,17927.2141395845,0
"RaSAWD_fsw","OBM","RaSAWD_fsw OBM","B",48.1976721758738,15629.5525823575,63417.935805,13802.1355898859,11974.7185339964,15629.5525823575,0
"RaSAWD_fsw","OBM","RaSAWD_fsw OBM","C",16.6770117723796,29861.169083058,63417.935805,33685.3424646208,31489.6502892849,35881.0321666572,-1628.4812062269
"RaSAWD_fsw","OBM","RaSAWD_fsw OBM","D",0,0,63417.935805,NA,NA,NA,0
"RaSAWD_fsw","OBM","RaSAWD_fsw OBM","E",0,0,63417.935805,NA,NA,NA,0
"RaSAWD_fsw","OEC","RaSAWD_fsw OEC","A",51.7985611510791,8.73857309571939,30.912905,7.76526009566743,6.79194709561546,8.73857309571939,0
"RaSAWD_fsw","OEC","RaSAWD_fsw OEC","B",47.4820143884892,7.61858404941695,30.912905,6.72781447190565,5.83704486348144,7.61858404941695,0
"RaSAWD_fsw","OEC","RaSAWD_fsw OEC","C",0.719424460431655,14.5557478548637,30.912905,16.419831050685,15.3495467097675,17.4901141859992,-0.793798854903891
"RaSAWD_fsw","OEC","RaSAWD_fsw OEC","D",0,0,30.912905,NA,NA,NA,0
"RaSAWD_fsw","OEC","RaSAWD_fsw OEC","E",0,0,30.912905,NA,NA,NA,0
"RaSPFI_fcd","OBM","RaSPFI_fcd OBM","A",6.90160238046833,21860.8842017324,529457.55566,15978.6271715341,10096.3690824206,21860.8842017324,0
"RaSPFI_fcd","OBM","RaSPFI_fcd OBM","B",5.30086008027864,103012.430012577,529457.55566,117875.955507527,103012.430012577,132739.481531935,0
"RaSPFI_fcd","OBM","RaSPFI_fcd OBM","C",38.5046801203676,144772.015478327,529457.55566,130463.62993669,116155.234864816,144772.015478327,0
"RaSPFI_fcd","OBM","RaSPFI_fcd OBM","D",12.4533962165877,88867.5033726413,529457.55566,109243.055289588,96199.6407391554,122286.469310564,-7332.13736651413
"RaSPFI_fcd","OBM","RaSPFI_fcd OBM","E",36.8394612022978,170944.722594722,529457.55566,155896.291460863,140847.860327005,170944.722594722,0
"RaSPFI_fcd","OEC","RaSPFI_fcd OEC","A",0.4742145820984,7.15441567888355,375.180365,11.322658653803,7.15441567888355,15.4909008783616,0
"RaSPFI_fcd","OEC","RaSPFI_fcd OEC","B",1.0669828097214,72.9959194622852,375.180365,83.528402870574,72.9959194622852,94.0608866540432,0
"RaSPFI_fcd","OEC","RaSPFI_fcd OEC","C",64.43390634262,111.2163396162,375.180365,92.4481892374856,82.3090783149153,102.587293406809,8.62904620939021
"RaSPFI_fcd","OEC","RaSPFI_fcd OEC","D",3.2009484291642,68.1682902426317,375.180365,77.4110198619637,68.1682902426317,86.6537491061152,0
"RaSPFI_fcd","OEC","RaSPFI_fcd OEC","E",30.823947836396,115.6454,375.180365,110.470097002436,99.8065871041964,121.133606900676,0
"RaSPFI_fcd","WCB","RaSPFI_fcd WCB","A",0,1.4673549643709,76.94867,2.32225245655947,1.4673549643709,3.1771497948507,0
"RaSPFI_fcd","WCB","RaSPFI_fcd WCB","B",7.22543352601156,14.971302983966,76.94867,17.1314922307164,14.971302983966,19.2916815544155,0
"RaSPFI_fcd","WCB","RaSPFI_fcd WCB","C",41.9075144508671,21.3684920516631,76.94867,18.960920851316,16.8814114386252,21.0404288789307,0.328063172732403
"RaSPFI_fcd","WCB","RaSPFI_fcd WCB","D",1.15606936416185,13.9811668191764,76.94867,15.8768303925545,13.9811668191764,17.7724938889839,0
"RaSPFI_fcd","WCB","RaSPFI_fcd WCB","E",49.7109826589595,25.1603531808236,76.94867,22.6571746074944,20.4701121150278,24.8442370999609,0.316116080862731
"RaSPFI_fcd","WNE","RaSPFI_fcd WNE","A",9.86122008095785,37030.4705551767,896855.87482,27066.4295884586,17102.3868280288,37030.4705551767,0
"RaSPFI_fcd","WNE","RaSPFI_fcd WNE","B",3.46213321245533,174494.257469039,896855.87482,199671.800065566,174494.257469039,224849.343558949,0
"RaSPFI_fcd","WNE","RaSPFI_fcd WNE","C",48.61822652525,275374.388075577,896855.87482,220994.245352126,196757.046274933,245231.428285913,30142.9597896642
"RaSPFI_fcd","WNE","RaSPFI_fcd WNE","D",10.5174527539256,162953.974365207,896855.87482,185048.404489424,162953.974365207,207142.833716785,0
"RaSPFI_fcd","WNE","RaSPFI_fcd WNE","E",27.5409674274112,247002.784355,896855.87482,264075.001602417,238584.244647591,289565.758557242,0
"RaSPFI_fmz","OEC","RaSPFI_fmz OEC","A",3.29168759359732,7972.86075,242211.951265,7309.77285030669,4618.80509589913,10000.7401202904,0
"RaSPFI_fmz","OEC","RaSPFI_fmz OEC","B",5.47531142486459,47125.2915576829,242211.951265,53924.9367309794,47125.2915576829,60724.5821464878,0
"RaSPFI_fmz","OEC","RaSPFI_fmz OEC","C",44.2731522247125,69498.5450487575,242211.951265,59683.4440046652,53137.7553979386,66229.1282515767,3269.41679718079
"RaSPFI_fmz","OEC","RaSPFI_fmz OEC","D",21.9565203418948,53181.31635,242211.951265,49975.6275096643,44008.631939112,55942.6228380047,0
"RaSPFI_fmz","OEC","RaSPFI_fmz OEC","E",25.0033284149308,64433.9375585596,242211.951265,71318.1718648681,64433.9375585596,78202.4061711766,0
"RaSSHE_fss","OSW","RaSSHE_fss OSW","A",21.2056742318645,2843.74831811679,33346.128695,1790.00828377966,1314.32922594287,2265.68724157806,578.061076538733
"RaSSHE_fss","OSW","RaSSHE_fss OSW","B",55.0036347630068,4100.68855646041,33346.128695,3429.96539088852,2759.24255877792,4100.68855646041,0
"RaSSHE_fss","OSW","RaSSHE_fss OSW","C",0,2.99308181940581,33346.128695,124.745133065442,2.99308181940581,246.497217657607,0
"RaSSHE_fss","OSW","RaSSHE_fss OSW","D",5.61887675819156,2746.9306678718,33346.128695,3415.16281093791,2746.9306678718,4083.39465388886,0
"RaSSHE_fss","OSW","RaSSHE_fss OSW","E",18.1718142469371,23651.7680707316,33346.128695,24586.2468095594,23651.7680707316,25520.7255817334,0
"RaSSHE_fss","ZoneNull","RaSSHE_fss ZoneNull","A",7.68503856566379,591.637499127973,8707.65383,467.423748961983,343.209972673031,591.637499127973,0
"RaSSHE_fss","ZoneNull","RaSSHE_fss ZoneNull","B",60.4995658170302,1070.81025029612,8707.65383,895.664727558501,720.519291897419,1070.81025029612,0
"RaSSHE_fss","ZoneNull","RaSSHE_fss ZoneNull","C",0,0.78158159247314,8707.65383,32.5746189504159,0.78158159247314,64.3676650160126,0
"RaSSHE_fss","ZoneNull","RaSSHE_fss ZoneNull","D",17.4567094038923,1066.29430428211,8707.65383,891.799339069787,717.304295488575,1066.29430428211,0
"RaSSHE_fss","ZoneNull","RaSSHE_fss ZoneNull","E",14.3586862134137,5978.13019470132,8707.65383,6420.19132579808,6176.17147438943,6664.21118591439,-198.041279688106
"RaTAOAco_ftm","OSW","RaTAOAco_ftm OSW","A",8.37857598723424,49721.517335,593436.371655,57720.6314164423,46658.0077737619,68783.2550591228,0
"RaTAOAco_ftm","OSW","RaTAOAco_ftm OSW","B",41.7461621974907,86597.0880005361,593436.371655,74129.0865621932,61661.0857172866,86597.0880005361,0
"RaTAOAco_ftm","OSW","RaTAOAco_ftm OSW","C",7.01947879413384,260371.792538744,593436.371655,281236.714493893,260371.792538744,302101.635855606,0
"RaTAOAco_ftm","OSW","RaTAOAco_ftm OSW","D",4.02568740914462,138201.511366808,593436.371655,155628.034499642,138201.511366808,173054.568314331,0
"RaTAOAco_ftm","OSW","RaTAOAco_ftm OSW","E",38.8300956119966,58544.4624139125,593436.371655,24721.8963747202,17042.2291678963,32401.563581544,26142.8988323686
"RaTAOAco_fto","OSW","RaTAOAco_fto OSW","A",26.2487344591585,3510.2078977631,27457.998675,2670.70421809978,2158.84225642794,3182.56617977161,327.641717991481
"RaTAOAco_fto","OSW","RaTAOAco_fto OSW","B",26.8942615316082,4006.80315725563,27457.998675,3429.91508074766,2853.0270316977,4006.80315725563,0
"RaTAOAco_fto","OSW","RaTAOAco_fto OSW","C",8.74498845826753,12047.2702315127,27457.998675,13012.6795437204,12047.2702315127,13978.0888284701,0
"RaTAOAco_fto","OSW","RaTAOAco_fto OSW","D",9.34920827764954,6394.51354390342,27457.998675,7200.82989380421,6394.51354390342,8007.14673794897,0
"RaTAOAco_fto","OSW","RaTAOAco_fto OSW","E",28.7628072733163,1499.20384456514,27457.998675,1143.86955421598,788.535263866821,1499.20384456514,0
