"type","REST_ACRES","YEAR","BpS_Code","MAP_ZONE","AREA_STRATA","REST_PCT"
"active",94208.0206105152,2002,"Na0710412_fmh","WEC",835866.585157539,0.112707006456969
"both",58990.9755762709,2002,"Na0710412_fmh","WEC",835866.585157539,0.0705746307171169
"passive",33398.5926777356,2002,"Na0710412_fmh","WEC",835866.585157539,0.0399568463087214
"both",4394.24837809568,2002,"Na1010471_frn","WNE",561306.345744507,0.00782860983384613
"passive",193218.906098001,2002,"Na1010471_frn","WNE",561306.345744507,0.34423075306893
"active",2120.17812004871,2002,"RaABAMlw_fsi","WEC",192594.360415861,0.0110085161137154
"both",13550.3430796219,2002,"RaABAMlw_fsi","WEC",192594.360415861,0.0703569047939059
"passive",100893.43248581,2002,"RaABAMlw_fsi","WEC",192594.360415861,0.523864937
"active",11812.6373364028,2002,"RaMCONdy_fdd","OBM",101251.646398225,0.116666126
"both",183.626239596904,2002,"RaMCONdy_fdd","OBM",101251.646398225,0.001813563
"passive",49109.6865135344,2002,"RaMCONdy_fdd","OBM",101251.646398225,0.485026054
"both",1204747.76936263,2002,"RaMCONdy_fdd","WNE",3200960.07924482,0.376370757378161
"passive",102699.554943575,2002,"RaMCONdy_fdd","WNE",3200960.07924482,0.0320839849298601
"active",36663.399310876,2002,"RaMCONdy_fmd","WEC",1676017.3949224,0.021875309541506
"both",202033.173246644,2002,"RaMCONdy_fmd","WEC",1676017.3949224,0.120543601670672
"passive",223788.449290385,2002,"RaMCONdy_fmd","WEC",1676017.3949224,0.133523941916334
"passive",100863.868986391,2002,"RaMCONdy_fmd","WNE",151507.222849471,0.665736372757643
"both",22485.9065846549,2002,"RaMCONms_fcm","OBM",130144.020238877,0.172777101424886
"passive",26561.7140430205,2002,"RaMCONms_fcm","OBM",130144.020238877,0.204094771271604
"active",14886.8072716705,2002,"RaMCONms_fmm","WEC",956472.920556148,0.0155642746927058
"both",131797.990320021,2002,"RaMCONms_fmm","WEC",956472.920556148,0.1377958408309
"passive",124505.152088832,2002,"RaMCONms_fmm","WEC",956472.920556148,0.130171120805425
"passive",31405.4824860079,2002,"RaPIPOm_fpd","WCB",67693.2728209273,0.463938013
"active",24229.7977903941,2002,"RaPIPOm_fpd","WEC",56115.5488926017,0.431784029
"both",3062.52852703329,2002,"RaPIPOm_fpd","WEC",56115.5488926017,0.0545754
"passive",958.006895316452,2002,"RaPIPOm_fpd","WEC",56115.5488926017,0.01707204
"active",75028.0116965206,2002,"RaPIPOm_fpd","WNE",310530.238096534,0.24161257904036
"passive",113525.051199178,2002,"RaPIPOm_fpd","WNE",310530.238096534,0.365584530173473
"active",7797.99824192038,2002,"RaSAWD_fal","WEC",44997.4075122635,0.173298833711589
"passive",7044.15696494665,2002,"RaSAWD_fal","WEC",44997.4075122635,0.156545840180389
"active",145717.02007549,2002,"RaSAWD_fal","WNE",826111.554351064,0.176389035243497
"passive",228485.909165213,2002,"RaSAWD_fal","WNE",826111.554351064,0.276579970297953
"both",50408.2425622867,2002,"RaSPFI_fcd","WNE",659097.630933681,0.0764806914733985
"active",27931.3533761537,2003,"Na0710412_fmh","WEC",883662.684127303,0.0316086147778646
"passive",24755.425661737,2003,"Na0710412_fmh","WEC",883662.684127303,0.0280145649538039
"both",29392.4268295434,2003,"Na1010471_frn","WNE",683256.082387684,0.0430181707667053
"passive",255860.546512226,2003,"Na1010471_frn","WNE",683256.082387684,0.374472402233295
"passive",47665.7536929745,2003,"RaABAMlw_fsi","WEC",119548.92107606,0.398713374106057
"active",4698.31953016576,2003,"RaMCONdy_fdd","OBM",11622.7907340423,0.404233341
"both",4445.06569615798,2003,"RaMCONdy_fdd","OBM",11622.7907340423,0.382443924
"passive",1192.29063004232,2003,"RaMCONdy_fdd","OBM",11622.7907340423,0.10258213
"both",890590.926792113,2003,"RaMCONdy_fdd","WNE",3193795.14983616,0.278850359841582
"passive",405029.505802352,2003,"RaMCONdy_fdd","WNE",3193795.14983616,0.126817621920157
"both",258440.246555414,2003,"RaMCONdy_fmd","WEC",1649371.39098341,0.156690147512092
"passive",306186.130476021,2003,"RaMCONdy_fmd","WEC",1649371.39098341,0.18563807529938
"active",6963.06882746889,2003,"RaMCONdy_fmd","WNE",59683.7236840185,0.116666126
"both",108.24019297556,2003,"RaMCONdy_fmd","WNE",59683.7236840185,0.001813563
"passive",28948.1609864858,2003,"RaMCONdy_fmd","WNE",59683.7236840185,0.485026054
"both",58564.3511435884,2003,"RaMCONms_fcm","OBM",294227.209453526,0.199044647340268
"passive",29177.5689705989,2003,"RaMCONms_fcm","OBM",294227.209453526,0.0991667936653139
"active",10738.3042613908,2003,"RaMCONms_fmm","WEC",964790.409067901,0.0111301938332547
"both",147681.428849543,2003,"RaMCONms_fmm","WEC",964790.409067901,0.153070996002355
"passive",77356.2025224262,2003,"RaMCONms_fmm","WEC",964790.409067901,0.0801792822517393
"passive",1053.91359677859,2003,"RaPIPOm_fdp","OBM",1306.606597118,0.806603609
"active",59372.2866380099,2003,"RaPIPOm_fpd","WCB",137504.591764347,0.431784029
"passive",2347.4838907846,2003,"RaPIPOm_fpd","WCB",137504.591764347,0.01707204
"active",98512.434915236,2003,"RaPIPOm_fpd","WEC",123366.43329859,0.79853516293854
"both",3150.70950545902,2003,"RaPIPOm_fpd","WEC",123366.43329859,0.0255394390614601
"active",46369.110939796,2003,"RaPIPOm_fpd","WNE",343310.260880887,0.135064739459925
"both",2420.85566925635,2003,"RaPIPOm_fpd","WNE",343310.260880887,0.00705150980062398
"passive",16315.4391424224,2003,"RaPIPOm_fpd","WNE",343310.260880887,0.047523890199376
"active",6217.60255722869,2003,"RaSAWD_fal","WEC",70101.1849019037,0.0886946856309107
"passive",26790.4622545153,2003,"RaSAWD_fal","WEC",70101.1849019037,0.382168465369089
"active",22844.6546199967,2003,"RaSAWD_fal","WNE",103975.285449684,0.219712353
"passive",19632.849318532,2003,"RaSAWD_fal","WNE",103975.285449684,0.188822269
"active",154239.44652718,2003,"RaSPFI_fcd","WNE",1105940.11010019,0.13946455609898
"passive",137850.253735359,2003,"RaSPFI_fcd","WNE",1105940.11010019,0.124645315308141
"both",78222.8255072089,2004,"Na0710412_fmh","WEC",616850.970750074,0.126809925275942
"passive",219684.227098814,2004,"Na0710412_fmh","WEC",616850.970750074,0.356138253023553
"passive",168392.072601155,2004,"Na1010471_frn","WNE",495233.958801089,0.340025294325161
"passive",89792.888039462,2004,"RaABAMlw_fsi","WEC",275699.004445071,0.32569173842393
"active",3447.89689855532,2004,"RaABLA_faf","WNE",26025.5947681444,0.132481003
"both",416.639790752819,2004,"RaABLA_faf","WNE",26025.5947681444,0.016008848
"passive",14813.9080392158,2004,"RaABLA_faf","WNE",26025.5947681444,0.56920536
"active",41983.8273018408,2004,"RaMCONdy_fdd","OBM",127701.564031037,0.328765177
"both",231.59483156882,2004,"RaMCONdy_fdd","OBM",127701.564031037,0.001813563
"passive",12544.4915213623,2004,"RaMCONdy_fdd","OBM",127701.564031037,0.0982328730000002
"both",890740.110081721,2004,"RaMCONdy_fdd","WNE",3634214.13140045,0.245098411341676
"passive",665337.641503893,2004,"RaMCONdy_fdd","WNE",3634214.13140045,0.183076070217003
"active",30224.4319888599,2004,"RaMCONdy_fmd","WEC",2048328.31882608,0.0147556579241075
"both",563423.202481457,2004,"RaMCONdy_fmd","WEC",2048328.31882608,0.275064889404235
"passive",49989.5910445129,2004,"RaMCONdy_fmd","WEC",2048328.31882608,0.0244050675787964
"passive",41138.6412534865,2004,"RaMCONdy_fmd","WNE",80262.4575076413,0.512551478374182
"active",4636.94900399613,2004,"RaMCONms_fcm","OBM",223828.185284784,0.0207165554154692
"both",5550.6868494556,2004,"RaMCONms_fcm","OBM",223828.185284784,0.0247988734858985
"passive",48328.1272765221,2004,"RaMCONms_fcm","OBM",223828.185284784,0.215916182383522
"active",39826.1526528138,2004,"RaMCONms_fmm","WEC",1058589.08012398,0.03762191902466
"both",338660.637548167,2004,"RaMCONms_fmm","WEC",1058589.08012398,0.319916995089825
"passive",83621.5595521996,2004,"RaPIPOm_fpd","WCB",201831.833146084,0.414313036
"active",104665.161640073,2004,"RaPIPOm_fpd","WNE",335669.988030607,0.311809710049291
"passive",90662.9427970522,2004,"RaPIPOm_fpd","WNE",335669.988030607,0.270095468853133
"active",54710.9488124766,2004,"RaSAWD_fal","WEC",227545.113787861,0.240440007265914
"passive",42308.054490185,2004,"RaSAWD_fal","WEC",227545.113787861,0.185932599412477
"passive",50436.7815565903,2004,"RaSAWD_fal","WNE",73591.2348795767,0.685363979
"active",156629.979213535,2004,"RaSPFI_fcd","WNE",1124202.59369747,0.13932540281586
"active",5579.90433585442,2005,"Na0710412_fmh","WEC",467605.132744256,0.0119329407337926
"both",13521.8764901495,2005,"Na0710412_fmh","WEC",467605.132744256,0.0289172969740366
"passive",135516.116476274,2005,"Na0710412_fmh","WEC",467605.132744256,0.289808872885899
"passive",291652.356147853,2005,"Na1010471_frn","WNE",721362.325997874,0.404307718377731
"both",502.532079742959,2005,"RaABAMlw_fsi","WEC",313413.171581664,0.00160341723102093
"passive",91375.0571130555,2005,"RaABAMlw_fsi","WEC",313413.171581664,0.291548235359491
"active",3678.12789468812,2005,"RaDFHEdy_fwi","OEC",42248.5152361551,0.087059341
"both",6287.60857895915,2005,"RaDFHEdy_fwi","OEC",42248.5152361551,0.148824368
"passive",22381.9029276758,2005,"RaDFHEdy_fwi","OEC",42248.5152361551,0.529767799
"both",1236680.43891591,2005,"RaMCONdy_fdd","WNE",3747019.2271329,0.330043793199903
"passive",301507.868584952,2005,"RaMCONdy_fdd","WNE",3747019.2271329,0.0804660585677477
"active",42417.6750839534,2005,"RaMCONdy_fmd","OEC",53920.046976257,0.786677265
"both",97.7874021544016,2005,"RaMCONdy_fmd","OEC",53920.046976257,0.001813563
"both",337809.151499234,2005,"RaMCONdy_fmd","WEC",1614886.73928596,0.20918442345288
"passive",208764.145524535,2005,"RaMCONdy_fmd","WEC",1614886.73928596,0.129274790885237
"active",57830.9568348707,2005,"RaMCONdy_fmd","WNE",171527.832463045,0.337152029524597
"passive",17595.6904083423,2005,"RaMCONdy_fmd","WNE",171527.832463045,0.10258213
"both",20873.0321047672,2005,"RaMCONms_fcm","OBM",415263.154697786,0.0502645897393855
"passive",103203.902841893,2005,"RaMCONms_fcm","OBM",415263.154697786,0.248526510658047
"active",107632.067294541,2005,"RaMCONms_fmm","WEC",981585.652978763,0.109651222965532
"both",291453.861249548,2005,"RaMCONms_fmm","WEC",981585.652978763,0.296921476353173
"passive",85124.9394340253,2005,"RaMCONms_fmm","WEC",981585.652978763,0.0867218659682947
"passive",48814.5464265358,2005,"RaPIPOm_fpd","WCB",105217.820180076,0.463938013
"both",23227.6973369458,2005,"RaPIPOm_fpd","WEC",83792.5039345351,0.277204955649648
"passive",10965.7563715116,2005,"RaPIPOm_fpd","WEC",83792.5039345351,0.130867987667236
"active",4132.2576553157,2005,"RaPIPOm_fpd","WNE",123531.922804336,0.0334509296180943
"passive",47048.6283246663,2005,"RaPIPOm_fpd","WNE",123531.922804336,0.380862106381906
"passive",51441.9223713105,2005,"RaSAWD_fal","WEC",127898.605520857,0.402208625823695
"active",4380.7288199732,2005,"RaSAWD_fal","WNE",165752.214744061,0.0264293833221927
"passive",21187.4712827834,2005,"RaSAWD_fal","WNE",165752.214744061,0.127826173034846
"active",103500.331633208,2005,"RaSPFI_fcd","WNE",855616.945385686,0.120965733780031
"passive",122830.231194449,2005,"RaSPFI_fcd","WNE",855616.945385686,0.143557501820023
"active",4285.5566631273,2006,"Na0710412_fmh","WEC",639141.133450357,0.00670518049744667
"passive",223102.760419314,2006,"Na0710412_fmh","WEC",639141.133450357,0.349066503066248
"passive",213645.573484601,2006,"Na1010471_frn","WNE",671846.220834031,0.3179977305214
"passive",112797.388541415,2006,"RaABAMlw_fsi","WEC",285113.638987537,0.395622562785732
"active",4523.12019881928,2006,"RaABLA_faf","WNE",34141.6512284352,0.132481003
"both",546.568504985032,2006,"RaABLA_faf","WNE",34141.6512284352,0.016008848
"passive",19433.6108784759,2006,"RaABLA_faf","WNE",34141.6512284352,0.56920536
"active",8941.50421984249,2006,"RaMCONdy_fdd","OBM",76641.8199215982,0.116666126
"both",138.994768862473,2006,"RaMCONdy_fdd","OBM",76641.8199215982,0.001813563
"passive",37173.2794879514,2006,"RaMCONdy_fdd","OBM",76641.8199215982,0.485026054
"both",656789.974148426,2006,"RaMCONdy_fdd","WNE",3544054.98274453,0.185321609666395
"passive",643394.347436824,2006,"RaMCONdy_fdd","WNE",3544054.98274453,0.181541863929711
"both",371491.170330996,2006,"RaMCONdy_fmd","WEC",1334385.07855824,0.27839877431212
"passive",11617.4107942925,2006,"RaMCONdy_fmd","WEC",1334385.07855824,0.00870619057494608
"passive",44218.7336403129,2006,"RaMCONdy_fmd","WNE",57100.1336934395,0.774406832
"both",115381.264096749,2006,"RaMCONms_fcm","OBM",414647.421738986,0.278263551266887
"passive",39807.5439941094,2006,"RaMCONms_fcm","OBM",414647.421738986,0.096003355880427
"both",271615.323527264,2006,"RaMCONms_fmm","WEC",976913.328790915,0.278034207869219
"passive",32084.5398194636,2006,"RaMCONms_fmm","WEC",976913.328790915,0.0328427700532793
"passive",38905.8621257269,2006,"RaPIPOm_fpd","WCB",83860.0438755746,0.463938013
"active",22904.6726012857,2006,"RaPIPOm_fpd","WEC",53046.5952025422,0.431784029
"both",2895.03915181682,2006,"RaPIPOm_fpd","WEC",53046.5952025422,0.0545754
"passive",905.613595161609,2006,"RaPIPOm_fpd","WEC",53046.5952025422,0.01707204
"active",15136.1909358616,2006,"RaPIPOm_fpd","WNE",169843.548930686,0.089118433
"passive",78796.8786117707,2006,"RaPIPOm_fpd","WNE",169843.548930686,0.463938013
"active",155057.099069659,2006,"RaSAWD_fal","WEC",255519.615468278,0.606830511956952
"passive",83836.747683086,2006,"RaSAWD_fal","WNE",122324.414839266,0.685363979
"passive",126877.32599275,2006,"RaSPFI_fcd","WNE",1441247.07286661,0.0880330155608877
"active",12297.4992673417,2007,"Na0710412_fmh","WEC",1037447.90023063,0.0118536065903723
"passive",249416.349846367,2007,"Na0710412_fmh","WEC",1037447.90023063,0.240413373809828
"passive",321124.317607354,2007,"Na1010471_frn","WNE",654641.39766714,0.490534693882334
"active",17707.7158560745,2007,"RaABAMlw_fsi","WEC",301292.532026926,0.0587725017176728
"both",3582.60601524964,2007,"RaABAMlw_fsi","WEC",301292.532026926,0.0118907892975239
"passive",149155.191768013,2007,"RaABAMlw_fsi","WEC",301292.532026926,0.495051074663487
"active",10947.2292415554,2007,"RaDFHEdy_fwi","OEC",50566.3999122307,0.216492162
"both",7525.51250897299,2007,"RaDFHEdy_fwi","OEC",50566.3999122307,0.148824368
"active",3235.53116964826,2007,"RaMCONdy_fdd","OBM",27733.2528350882,0.116666126
"both",10606.4140395353,2007,"RaMCONdy_fdd","OBM",27733.2528350882,0.382443924
"passive",2844.93614765189,2007,"RaMCONdy_fdd","OBM",27733.2528350882,0.10258213
"both",1276669.00999926,2007,"RaMCONdy_fdd","WNE",3594504.81164375,0.355172430389778
"passive",183363.448261581,2007,"RaMCONdy_fdd","WNE",3594504.81164375,0.0510121582443311
"both",385249.843208551,2007,"RaMCONdy_fmd","WEC",1404382.9836831,0.274319646196655
"passive",248578.513554847,2007,"RaMCONdy_fmd","WEC",1404382.9836831,0.177001940669297
"active",42172.7924189931,2007,"RaMCONdy_fmd","WNE",104327.842712492,0.404233341
"both",4919.63166901877,2007,"RaMCONdy_fmd","WNE",104327.842712492,0.0471555007858867
"passive",10702.1723237524,2007,"RaMCONdy_fmd","WNE",104327.842712492,0.10258213
"active",42415.2365040618,2007,"RaMCONms_fcm","OBM",381573.323514859,0.111158809828094
"both",153972.217574189,2007,"RaMCONms_fcm","OBM",381573.323514859,0.403519345
"active",3406.23155053082,2007,"RaMCONms_fmm","WEC",899111.434562629,0.0037884420324248
"both",212714.828167593,2007,"RaMCONms_fmm","WEC",899111.434562629,0.236583386653366
"passive",69662.9443910534,2007,"RaMCONms_fmm","WEC",899111.434562629,0.0774797669267111
"active",17966.6880519565,2007,"RaPIPOm_fpd","WCB",41610.358061568,0.431784029
"both",2270.9019353533,2007,"RaPIPOm_fpd","WCB",41610.358061568,0.0545754
"passive",710.373697241411,2007,"RaPIPOm_fpd","WCB",41610.358061568,0.01707204
"active",1635.03597889877,2007,"RaPIPOm_fpd","WEC",18346.7765742556,0.089118433
"passive",8511.76706881509,2007,"RaPIPOm_fpd","WEC",18346.7765742556,0.463938013
"passive",80568.2471769887,2007,"RaPIPOm_fpd","WNE",111883.624340039,0.720107590831381
"active",91996.1143329856,2007,"RaSAWD_fal","WEC",418711.615786963,0.219712353
"passive",25169.7782633614,2007,"RaSAWD_fal","WEC",418711.615786963,0.0601124433007551
"passive",106950.008437498,2007,"RaSAWD_fal","WNE",156048.481849815,0.685363979
"active",62845.5015797578,2007,"RaSPFI_fcd","WNE",825678.574784173,0.076113760849596
"active",34255.655627455,2008,"Na0710412_fmh","WEC",873772.145449515,0.0392043346836515
"passive",87357.7000235639,2008,"Na0710412_fmh","WEC",873772.145449515,0.0999776663498725
"passive",267740.161232312,2008,"Na1010471_frn","WNE",501872.891501246,0.533482014602193
"both",585.42045639346,2008,"RaABAMlw_fsi","WEC",278640.169167595,0.00210099088779029
"passive",51271.7470384963,2008,"RaABAMlw_fsi","WEC",278640.169167595,0.184007019489203
"active",21749.6634382145,2008,"RaMCONdy_fdd","OBM",75633.320850621,0.287567215
"both",28925.5040112625,2008,"RaMCONdy_fdd","OBM",75633.320850621,0.382443924
"passive",7758.62715183011,2008,"RaMCONdy_fdd","OBM",75633.320850621,0.10258213
"both",806493.397920977,2008,"RaMCONdy_fdd","WNE",3132196.96626497,0.257484892108395
"passive",342752.789450301,2008,"RaMCONdy_fdd","WNE",3132196.96626497,0.109428874729746
"passive",55790.4638252929,2008,"RaMCONdy_fmd","WCB",72042.8352642592,0.774406832
"both",557063.833284539,2008,"RaMCONdy_fmd","WEC",1643179.44391887,0.339015824075781
"passive",174435.048882051,2008,"RaMCONdy_fmd","WEC",1643179.44391887,0.106157029609642
"passive",24005.8481429183,2008,"RaMCONdy_fmd","WNE",30999.0138916004,0.774406832
"active",8516.59822848024,2008,"RaMCONms_fcm","OBM",309113.574142267,0.0275516798384291
"both",40473.8786462695,2008,"RaMCONms_fcm","OBM",309113.574142267,0.130935300264885
"passive",51590.3318894673,2008,"RaMCONms_fcm","OBM",309113.574142267,0.166897659
"active",22238.5963836899,2008,"RaMCONms_fmm","WEC",912673.642147635,0.024366427775168
"both",106615.774894,2008,"RaMCONms_fmm","WEC",912673.642147635,0.116816975937992
"passive",6049.69894303361,2008,"RaMCONms_fmm","WEC",912673.642147635,0.00662854569657332
"active",7069.50880065588,2008,"RaPIPOm_fpd","WCB",79327.1219283656,0.089118433
"both",2968.57709766251,2008,"RaPIPOm_fpd","WCB",79327.1219283656,0.0374219689999999
"passive",1354.27579864593,2008,"RaPIPOm_fpd","WCB",79327.1219283656,0.01707204
"active",11163.1409289051,2008,"RaPIPOm_fpd","WEC",125261.862816922,0.089118433
"passive",58113.7397399614,2008,"RaPIPOm_fpd","WEC",125261.862816922,0.463938013
"active",194569.375802772,2008,"RaPIPOm_fpd","WNE",458734.88548787,0.42414340386571
"passive",81027.4058077057,2008,"RaPIPOm_fpd","WNE",458734.88548787,0.176632317207644
"passive",50547.6185446017,2008,"RaSAWD_fal","WEC",190965.800276677,0.264694612707442
"passive",48165.0736312476,2008,"RaSAWD_fal","WNE",124023.754806946,0.388353615855453
"active",136014.028787716,2008,"RaSPFI_fcd","WNE",799993.386247691,0.170018941563605
"passive",7333.38870843838,2008,"RaSPFI_fcd","WNE",799993.386247691,0.00916681166932528
"active",177004.167690898,2009,"Na0710412_fmh","WEC",1295029.69349687,0.136679621
"passive",214032.305943365,2009,"Na0710412_fmh","WEC",1295029.69349687,0.165272122344492
"passive",131054.703157189,2009,"Na1010471_frn","WNE",474336.672048667,0.276290472316134
"active",17076.1346842573,2009,"RaABAMlw_fsi","WEC",373239.619901453,0.0457511308385907
"passive",173744.663050912,2009,"RaABAMlw_fsi","WEC",373239.619901453,0.465504340339822
"both",152.928338862421,2009,"RaMCONdy_fdd","OBM",84324.800882253,0.001813563
"passive",32917.6266637652,2009,"RaMCONdy_fdd","OBM",84324.800882253,0.390367084408889
"both",939772.708600112,2009,"RaMCONdy_fdd","WNE",3142754.50681785,0.299028354445561
"passive",166127.062522928,2009,"RaMCONdy_fdd","WNE",3142754.50681785,0.0528603370586325
"both",326319.548443612,2009,"RaMCONdy_fmd","WEC",1961162.60340573,0.166390868292578
"passive",412077.49583838,2009,"RaMCONdy_fmd","WEC",1961162.60340573,0.210118985097295
"active",28306.7124718473,2009,"RaMCONdy_fmd","WNE",98435.1170624486,0.287567215
"both",5853.46125244231,2009,"RaMCONdy_fmd","WNE",98435.1170624486,0.0594651728684266
"passive",41890.1351513852,2009,"RaMCONdy_fmd","WNE",98435.1170624486,0.425560881131573
"active",20085.5172896599,2009,"RaMCONms_fcm","OBM",332456.926629742,0.0604153972464204
"both",138067.201656679,2009,"RaMCONms_fcm","OBM",332456.926629742,0.415293503
"passive",53582.176570947,2009,"RaMCONms_fcm","OBM",332456.926629742,0.161170281859165
"active",6750.07441039423,2009,"RaMCONms_fmm","WCB",54354.0050238187,0.12418725
"both",22572.8651484213,2009,"RaMCONms_fmm","WCB",54354.0050238187,0.415293503
"passive",13305.765310322,2009,"RaMCONms_fmm","WCB",54354.0050238187,0.24479825
"active",14745.9378621957,2009,"RaMCONms_fmm","WEC",609647.832754245,0.0241876327117856
"both",198110.878321095,2009,"RaMCONms_fmm","WEC",609647.832754245,0.324959538404454
"passive",7582.95978157969,2009,"RaMCONms_fmm","WEC",609647.832754245,0.0124382625085726
"passive",4658.24215165507,2009,"RaOAPI_fop","WEC",6991.98993559884,0.666225523
"active",27272.1293806463,2009,"RaPIPOm_fpd","WCB",63161.5056346753,0.431784029
"both",24777.6632369695,2009,"RaPIPOm_fpd","WCB",63161.5056346753,0.392290573
"passive",1078.2957506554,2009,"RaPIPOm_fpd","WCB",63161.5056346753,0.01707204
"active",50196.4840315698,2009,"RaPIPOm_fpd","WEC",146488.251570986,0.342665596
"both",37953.1894221367,2009,"RaPIPOm_fpd","WEC",146488.251570986,0.259086916630616
"passive",22013.6240147635,2009,"RaPIPOm_fpd","WEC",146488.251570986,0.150275696369384
"active",30396.7630423007,2009,"RaPIPOm_fpd","WNE",354689.850824794,0.085699556870929
"passive",9548.20651631973,2009,"RaPIPOm_fpd","WNE",354689.850824794,0.0269198751926969
"active",8012.31963699207,2009,"RaSAWD_fal","WEC",79961.185719173,0.100202611616237
"passive",12771.4019569371,2009,"RaSAWD_fal","WEC",79961.185719173,0.159720017181721
"passive",86847.5502207207,2009,"RaSAWD_fal","WNE",157818.285655457,0.550300935408228
"active",30909.3734814117,2009,"RaSPFI_fcd","WNE",729342.87001958,0.0423797568358788
"passive",25687.2956999584,2009,"RaSPFI_fcd","WNE",729342.87001958,0.0352197803747211
"passive",4367.7747806172,2010,"Na1010471_frn","WNE",5798.8127264226,0.753218803
"active",9691.41043479934,2010,"RaABAMlw_fsi","WEC",74130.0922499207,0.130735173
"both",13406.8605479175,2010,"RaABAMlw_fsi","WEC",74130.0922499207,0.180855846
"passive",38834.1561063089,2010,"RaABAMlw_fsi","WEC",74130.0922499207,0.523864937
"active",6588.92888181096,2010,"RaMCONdy_fdd","WNE",56476.7950022696,0.116666126
"both",102.424225774701,2010,"RaMCONdy_fdd","WNE",56476.7950022696,0.001813563
"passive",27392.7170225177,2010,"RaMCONdy_fdd","WNE",56476.7950022696,0.485026054
"active",1395.5372194019,2010,"RaMCONdy_fmd","WEC",11961.8030292863,0.116666126
"both",21.6934833872015,2010,"RaMCONdy_fmd","WEC",11961.8030292863,0.001813563
"passive",5801.78612201998,2010,"RaMCONdy_fmd","WEC",11961.8030292863,0.485026054
"passive",3889.48452225209,2010,"RaMCONms_fcm","OBM",5087.06678240622,0.764582949
"both",55820.1812648436,2010,"RaMCONms_fmm","WEC",134411.400278621,0.415293503
"passive",32903.6755682559,2010,"RaMCONms_fmm","WEC",134411.400278621,0.24479825
"active",46541.0923637309,2010,"RaPIPOm_fpd","WCB",56476.7950022696,0.824074602
"both",3082.24367796686,2010,"RaPIPOm_fpd","WCB",56476.7950022696,0.0545754
"active",89771.0407543544,2010,"RaSAWD_fal","WNE",125334.075423394,0.716254063
"active",8286.01296811122,2010,"RaSPFI_fcd","WNE",20959.9391966199,0.395326193
"both",4598.30374334875,2010,"RaSPFI_fcd","WNE",20959.9391966199,0.219385357
"both",53687.3777096683,2011,"RaMCONms_fcm","OBM",129275.74672332,0.415293503
"passive",31646.4765653119,2011,"RaMCONms_fcm","OBM",129275.74672332,0.24479825
"active",61735.628693082,2012,"Na0710412_fmh","WEC",690772.225030122,0.0893719035828198
"both",82531.3670019253,2012,"Na0710412_fmh","WEC",690772.225030122,0.119476962175667
"passive",165456.15878466,2012,"Na0710412_fmh","WEC",690772.225030122,0.239523467779042
"both",24102.1731854687,2012,"Na1010471_frn","WNE",472332.516316576,0.0510279778606528
"passive",125710.050348635,2012,"Na1010471_frn","WNE",472332.516316576,0.266147355953743
"active",1739.27487438938,2012,"RaABAMlw_fsi","WEC",204899.614736421,0.00848842432733096
"passive",96606.1568597513,2012,"RaABAMlw_fsi","WEC",204899.614736421,0.471480422176604
"active",10488.2275051319,2012,"RaMCONdy_fdd","OBM",89899.5095211436,0.116666126
"both",163.038424185694,2012,"RaMCONdy_fdd","OBM",89899.5095211436,0.001813563
"passive",43603.6043595757,2012,"RaMCONdy_fdd","OBM",89899.5095211436,0.485026054
"both",1105556.04899761,2012,"RaMCONdy_fdd","WNE",3097664.95502653,0.356899814876247
"passive",53993.7819400814,2012,"RaMCONdy_fdd","WNE",3097664.95502653,0.0174304783519168
"active",28380.3170989762,2012,"RaMCONdy_fmd","WEC",1747145.9800606,0.0162438155843118
"both",254753.60385837,2012,"RaMCONdy_fmd","WEC",1747145.9800606,0.145811286959281
"passive",306795.857759301,2012,"RaMCONdy_fmd","WEC",1747145.9800606,0.175598296456407
"passive",79997.0084951399,2012,"RaMCONdy_fmd","WNE",164319.019450588,0.486839617
"both",50954.2074239704,2012,"RaMCONms_fcm","OBM",129530.748012861,0.393375381565088
"both",88520.2792472113,2012,"RaMCONms_fmm","WEC",910811.138869493,0.0971884021500697
"passive",25566.5394498214,2012,"RaMCONms_fmm","WEC",910811.138869493,0.0280700777128778
"passive",79763.9316241599,2012,"RaPIPOm_fpd","WCB",124349.116249155,0.641451536047422
"passive",36521.5331761066,2012,"RaPIPOm_fpd","WEC",45278.1673285404,0.806603609
"active",39911.9090440748,2012,"RaPIPOm_fpd","WNE",353275.571704975,0.112976702157617
"passive",40147.0154400922,2012,"RaPIPOm_fpd","WNE",353275.571704975,0.113642206412221
"active",8790.09725345814,2012,"RaSAWD_fal","WEC",41243.8202689215,0.213125195390344
"passive",5431.9231610772,2012,"RaSAWD_fal","WEC",41243.8202689215,0.131702716325973
"active",11682.8083488639,2012,"RaSAWD_fal","WNE",498699.009661048,0.023426572185905
"passive",211386.162306036,2012,"RaSAWD_fal","WNE",498699.009661048,0.423875239795862
"passive",70415.643078145,2012,"RaSPFI_fcd","WNE",702003.661432387,0.100306660700981
"active",32204.6599683843,2013,"Na0710412_fmh","WEC",887433.397474349,0.0362896641708992
"passive",224660.815434716,2013,"Na0710412_fmh","WEC",887433.397474349,0.253157945231839
"both",41538.2082374759,2013,"Na1010471_frn","WNE",550970.340380866,0.075391006
"passive",154097.709879768,2013,"Na1010471_frn","WNE",550970.340380866,0.279684219976788
"active",12394.032462717,2013,"RaABAMlw_fsi","WEC",115262.556669451,0.107528696402775
"both",20845.9071985765,2013,"RaABAMlw_fsi","WEC",115262.556669451,0.180855846
"passive",14956.2591030416,2013,"RaABAMlw_fsi","WEC",115262.556669451,0.129758175900375
"active",4641.59468553253,2013,"RaMCONdy_fdd","OBM",11482.4637523715,0.404233341
"both",4391.39849464472,2013,"RaMCONdy_fdd","OBM",11482.4637523715,0.382443924
"passive",1177.89558936606,2013,"RaMCONdy_fdd","OBM",11482.4637523715,0.10258213
"both",630374.99290908,2013,"RaMCONdy_fdd","WNE",2869449.4995871,0.219684992887935
"passive",373665.201119956,2013,"RaMCONdy_fdd","WNE",2869449.4995871,0.130221912312353
"both",194840.50041411,2013,"RaMCONdy_fmd","WEC",1537143.15403315,0.126754947906373
"passive",256694.486136452,2013,"RaMCONdy_fmd","WEC",1537143.15403315,0.166994521923959
"active",6227.4884576928,2013,"RaMCONdy_fmd","WNE",53378.7198667486,0.116666126
"both",96.8056713377002,2013,"RaMCONdy_fmd","WNE",53378.7198667486,0.001813563
"passive",25890.0698645405,2013,"RaMCONdy_fmd","WNE",53378.7198667486,0.485026054
"active",10414.3785024129,2013,"RaMCONms_fcm","OBM",325772.003640214,0.0319683041699146
"both",65991.6717675038,2013,"RaMCONms_fcm","OBM",325772.003640214,0.202570113545993
"passive",78826.8589563457,2013,"RaMCONms_fcm","OBM",325772.003640214,0.241969408284092
"both",162205.075812937,2013,"RaMCONms_fmm","WEC",1008874.49561695,0.160778249938556
"passive",2673.57648269658,2013,"RaPIPOm_fdp","OBM",3314.61011687165,0.806603609
"active",62517.2435199063,2013,"RaPIPOm_fpd","WCB",144788.225874622,0.431784029
"passive",2471.83038366058,2013,"RaPIPOm_fpd","WCB",144788.225874622,0.01707204
"active",107458.267717974,2013,"RaPIPOm_fpd","WEC",132019.31561953,0.813958678801674
"active",47872.2198471771,2013,"RaPIPOm_fpd","WNE",342514.598381381,0.139766947375109
"passive",79097.6898854867,2013,"RaPIPOm_fpd","WNE",342514.598381381,0.230932317218823
"active",813.957404627243,2013,"RaSAWD_fal","WEC",51559.8834783561,0.0157866416623871
"passive",23463.6917951843,2013,"RaSAWD_fal","WEC",51559.8834783561,0.455076509337613
"passive",93604.110476601,2013,"RaSAWD_fal","WNE",200314.274922556,0.467286270600483
"active",265417.817651555,2013,"RaSPFI_fcd","WNE",1419572.80777507,0.186970204133137
"passive",59290.4815925307,2013,"RaSPFI_fcd","WNE",1419572.80777507,0.0417664252708941
"passive",136500.222971343,2014,"Na0710412_fmh","WEC",615473.243789582,0.221780921183326
"passive",182631.780380024,2014,"Na1010471_frn","WNE",487883.330705019,0.374334946258792
"both",1818.42066072229,2014,"RaABAMlw_fsi","WEC",237411.612040874,0.00765935855070656
"passive",93123.0299124604,2014,"RaABAMlw_fsi","WEC",237411.612040874,0.392242945119416
"active",2936.3085231257,2014,"RaABLA_faf","WNE",19774.4728232349,0.148489851
"both",3670.65500694507,2014,"RaABLA_faf","WNE",19774.4728232349,0.185625935
"active",43314.1731850475,2014,"RaMCONdy_fdd","OBM",131748.056714193,0.328765177
"both",238.933400978761,2014,"RaMCONdy_fdd","OBM",131748.056714193,0.001813563
"passive",12941.9901232021,2014,"RaMCONdy_fdd","OBM",131748.056714193,0.0982328730000002
"both",578301.978668085,2014,"RaMCONdy_fdd","WNE",3448682.8877996,0.167687780373761
"passive",762091.518341657,2014,"RaMCONdy_fdd","WNE",3448682.8877996,0.220980456346887
"active",178634.539760264,2014,"RaMCONdy_fmd","WEC",1881154.69344222,0.0949600478806932
"both",316006.217105482,2014,"RaMCONdy_fmd","WEC",1881154.69344222,0.167985237049931
"passive",229015.338243037,2014,"RaMCONdy_fmd","WEC",1881154.69344222,0.121741895571584
"passive",79228.5609504819,2014,"RaMCONdy_fmd","WNE",162740.578588702,0.486839617
"both",48369.6485273318,2014,"RaMCONms_fcm","OBM",189980.446003354,0.254603300207422
"passive",44176.4729119535,2014,"RaMCONms_fcm","OBM",189980.446003354,0.232531683345841
"active",18722.9843558659,2014,"RaMCONms_fmm","WEC",960967.896211033,0.0194834649832613
"both",86435.3397236658,2014,"RaMCONms_fmm","WEC",960967.896211033,0.0899461262592317
"passive",123724.178209728,2014,"RaMCONms_fmm","WEC",960967.896211033,0.128749543764736
"active",34936.518356661,2014,"RaPIPOm_fpd","WCB",211804.126526397,0.164947297909736
"passive",81503.5866269278,2014,"RaPIPOm_fpd","WCB",211804.126526397,0.384806415076006
"active",83219.6550048107,2014,"RaPIPOm_fpd","WNE",268234.852890781,0.310249224170342
"passive",60679.3370603278,2014,"RaPIPOm_fpd","WNE",268234.852890781,0.226217198870256
"active",78362.9651525186,2014,"RaSAWD_fal","WEC",233386.203268983,0.335765199720068
"passive",31529.9979186414,2014,"RaSAWD_fal","WEC",233386.203268983,0.135097951279932
"passive",46990.9777888931,2014,"RaSAWD_fal","WNE",68563.5359148239,0.685363979
"active",189905.431893192,2014,"RaSPFI_fcd","WNE",1291495.96734268,0.14704299254138
"both",29552.6146538823,2014,"RaSPFI_fcd","WNE",1291495.96734268,0.0228824676198473
"passive",145605.89275418,2014,"RaSPFI_fcd","WNE",1291495.96734268,0.112742042124817
"active",50357.0805719938,2015,"Na0710412_fmh","WEC",531376.393498571,0.0947672519669982
"passive",124919.645560201,2015,"Na0710412_fmh","WEC",531376.393498571,0.235086931012747
"passive",216454.632416269,2015,"Na1010471_frn","WNE",579651.538688528,0.373421992299032
"active",91.4033179731196,2015,"RaABAMlw_fsi","WEC",315089.711097616,0.000290086647560518
"both",5180.44594690039,2015,"RaABAMlw_fsi","WEC",315089.711097616,0.0164411777485666
"passive",114182.843120099,2015,"RaABAMlw_fsi","WEC",315089.711097616,0.362382010895699
"active",2278.17543547894,2015,"RaDFHEdy_fwi","OEC",26168.0758125534,0.087059341
"both",3894.44734457935,2015,"RaDFHEdy_fwi","OEC",26168.0758125534,0.148824368
"passive",13863.0039272816,2015,"RaDFHEdy_fwi","OEC",26168.0758125534,0.529767799
"both",926299.097813015,2015,"RaMCONdy_fdd","WNE",3596418.16071497,0.257561567209099
"passive",488223.837062332,2015,"RaMCONdy_fdd","WNE",3596418.16071497,0.135752800493387
"passive",64208.9232328798,2015,"RaMCONdy_fmd","OEC",82913.6838411568,0.774406832
"active",108831.914138496,2015,"RaMCONdy_fmd","WEC",1552254.96884752,0.0701121377110479
"both",306652.982385809,2015,"RaMCONdy_fmd","WEC",1552254.96884752,0.197553229682031
"passive",108639.269821701,2015,"RaMCONdy_fmd","WEC",1552254.96884752,0.069988031606921
"active",16681.9167252355,2015,"RaMCONdy_fmd","WNE",120253.689159197,0.138722702329333
"passive",12335.8795743084,2015,"RaMCONdy_fmd","WNE",120253.689159197,0.10258213
"both",90855.7294805459,2015,"RaMCONms_fcm","OBM",418202.677074638,0.217252864367319
"passive",152618.173037048,2015,"RaMCONms_fcm","OBM",418202.677074638,0.364938297632681
"both",124365.046770748,2015,"RaMCONms_fmm","WEC",924203.590159557,0.134564557089934
"passive",141390.826245555,2015,"RaMCONms_fmm","WEC",924203.590159557,0.152986666304927
"both",53765.9503476101,2015,"RaPIPOm_fpd","WCB",155663.936439661,0.345397601893815
"passive",9957.04542319535,2015,"RaPIPOm_fpd","WCB",155663.936439661,0.0639650111061848
"active",2339.9988313045,2015,"RaPIPOm_fpd","WEC",82589.3258662212,0.0283329450478244
"both",23264.5802511909,2015,"RaPIPOm_fpd","WEC",82589.3258662212,0.281689915823687
"passive",10544.4019913139,2015,"RaPIPOm_fpd","WEC",82589.3258662212,0.127672697176313
"active",14211.9745462558,2015,"RaPIPOm_fpd","WNE",41474.763478315,0.342665596
"both",14263.2666507142,2015,"RaPIPOm_fpd","WNE",41474.763478315,0.343902302376522
"passive",2714.95090032579,2015,"RaPIPOm_fpd","WNE",41474.763478315,0.0654603106234782
"active",15512.6286890677,2015,"RaSAWD_fal","WEC",111130.724032757,0.139589018465273
"passive",36814.7342019078,2015,"RaSAWD_fal","WEC",111130.724032757,0.331274132534727
"active",21585.706322639,2015,"RaSAWD_fal","WNE",174329.260390129,0.123821475949205
"passive",13163.1474996407,2015,"RaSAWD_fal","WNE",174329.260390129,0.0755073902693271
"active",87240.49418403,2015,"RaSPFI_fcd","WNE",766433.074974329,0.113826630181575
"passive",98626.26505699,2015,"RaSPFI_fcd","WNE",766433.074974329,0.128682161923001
"active",3680.09357068362,2016,"Na0710412_fmh","WEC",622264.072421002,0.00591403832197112
"passive",225472.342830028,2016,"Na0710412_fmh","WEC",622264.072421002,0.362341894419194
"both",16711.9664047966,2016,"Na1010471_frn","WNE",729743.328825662,0.0229011568104231
"passive",208673.210840859,2016,"Na1010471_frn","WNE",729743.328825662,0.285954256240569
"passive",153993.480025632,2016,"RaABAMlw_fsi","WEC",324686.260359612,0.474283943690976
"active",2370.36750077959,2016,"RaABLA_faf","WNE",17892.131302626,0.132481003
"both",286.432410419782,2016,"RaABLA_faf","WNE",17892.131302626,0.016008848
"passive",10184.2970392785,2016,"RaABLA_faf","WNE",17892.131302626,0.56920536
"active",5918.18878475155,2016,"RaMCONdy_fdd","OBM",50727.5675267691,0.116666126
"both",91.9976395465499,2016,"RaMCONdy_fdd","OBM",50727.5675267691,0.001813563
"passive",24604.1919065274,2016,"RaMCONdy_fdd","OBM",50727.5675267691,0.485026054
"both",648853.175657736,2016,"RaMCONdy_fdd","WNE",3729613.83164086,0.173973286497672
"passive",955439.137162673,2016,"RaMCONdy_fdd","WNE",3729613.83164086,0.256176424770047
"active",26508.9324206153,2016,"RaMCONdy_fmd","WEC",1338256.38412562,0.0198085604037193
"both",379991.44320392,2016,"RaMCONdy_fmd","WEC",1338256.38412562,0.283945175013827
"passive",23674.9723790105,2016,"RaMCONdy_fmd","WEC",1338256.38412562,0.017690909350288
"passive",55536.9510283914,2016,"RaMCONdy_fmd","WNE",71715.4714208299,0.774406832
"both",144646.00682937,2016,"RaMCONms_fcm","OBM",484252.989558304,0.29869925420864
"passive",81246.6202570381,2016,"RaMCONms_fcm","OBM",484252.989558304,0.167777219777506
"active",14888.0393166271,2016,"RaMCONms_fmm","WEC",1031065.07841809,0.0144394758665176
"both",192621.761994583,2016,"RaMCONms_fmm","WEC",1031065.07841809,0.186818238757647
"passive",26177.4237434974,2016,"RaMCONms_fmm","WEC",1031065.07841809,0.0253887211306391
"active",36155.1876275879,2016,"RaPIPOm_fpd","WCB",83734.425544461,0.431784029
"both",4569.83976785918,2016,"RaPIPOm_fpd","WCB",83734.425544461,0.0545754
"passive",1429.51746227206,2016,"RaPIPOm_fpd","WCB",83734.425544461,0.01707204
"active",15634.1956988646,2016,"RaPIPOm_fpd","WEC",45625.227280957,0.342665596
"both",15003.8503388849,2016,"RaPIPOm_fpd","WEC",45625.227280957,0.32884987611113
"passive",3673.41191956657,2016,"RaPIPOm_fpd","WEC",45625.227280957,0.0805127368888698
"active",97236.9060692415,2016,"RaPIPOm_fpd","WNE",225198.01460568,0.431784029
"passive",3844.58951326876,2016,"RaPIPOm_fpd","WNE",225198.01460568,0.01707204
"active",88233.7379185843,2016,"RaSAWD_fal","WEC",225504.593286887,0.391272464265654
"passive",35187.1344054052,2016,"RaSAWD_fal","WNE",80398.6718095101,0.437658155457775
"active",57806.3650369596,2016,"RaSPFI_fcd","WNE",1304584.78468706,0.0443101634447057
"passive",135896.910841033,2016,"RaSPFI_fcd","WNE",1304584.78468706,0.104168707496946
"both",63517.4621960934,2017,"Na0710412_fmh","WEC",862778.344179286,0.0736196760438095
"passive",116612.799339399,2017,"Na0710412_fmh","WEC",862778.344179286,0.135159627181332
"passive",198655.898823182,2017,"Na1010471_frn","WNE",601137.431460428,0.330466692683833
"both",27753.6288924054,2017,"RaABAMlw_fsi","WEC",280647.551502649,0.0988913986379225
"passive",148311.538656503,2017,"RaABAMlw_fsi","WEC",280647.551502649,0.528461901279417
"active",3040.17495661225,2017,"RaDFHEdy_fwi","OEC",14042.8869503934,0.216492162
"both",2089.92377528775,2017,"RaDFHEdy_fwi","OEC",14042.8869503934,0.148824368
"active",7415.76690580587,2017,"RaMCONdy_fdd","OBM",63564.0109092666,0.116666126
"both",24309.6697573187,2017,"RaMCONdy_fdd","OBM",63564.0109092666,0.382443924
"passive",6520.5316304158,2017,"RaMCONdy_fdd","OBM",63564.0109092666,0.10258213
"both",813150.153002192,2017,"RaMCONdy_fdd","WNE",3569580.14386903,0.227799942914526
"passive",419487.991079252,2017,"RaMCONdy_fdd","WNE",3569580.14386903,0.117517459805392
"both",419142.05757789,2017,"RaMCONdy_fmd","WEC",1321926.46605983,0.317069117185615
"passive",86732.3759810715,2017,"RaMCONdy_fmd","WEC",1321926.46605983,0.065610590458627
"active",34165.714081169,2017,"RaMCONdy_fmd","WNE",118809.489743707,0.287567215
"both",23185.0082113996,2017,"RaMCONdy_fmd","WNE",118809.489743707,0.195144413644177
"passive",34440.6897767442,2017,"RaMCONdy_fmd","WNE",118809.489743707,0.289881640355823
"active",37777.0233602995,2017,"RaMCONms_fcm","OBM",374149.422575473,0.100967744652016
"both",155381.824346795,2017,"RaMCONms_fcm","OBM",374149.422575473,0.415293503
"passive",9384.50470298889,2017,"RaMCONms_fcm","OBM",374149.422575473,0.0250822375680557
"both",99869.3514466152,2017,"RaMCONms_fmm","WEC",841001.107317699,0.11875055880145
"passive",169035.14145497,2017,"RaMCONms_fmm","WEC",841001.107317699,0.200992769193959
"active",10914.6194659204,2017,"RaPIPOm_fpd","WCB",25277.960120939,0.431784029
"both",1379.55478478429,2017,"RaPIPOm_fpd","WCB",25277.960120939,0.0545754
"passive",431.546346303075,2017,"RaPIPOm_fpd","WCB",25277.960120939,0.01707204
"active",8877.35869688058,2017,"RaPIPOm_fpd","WEC",20559.7199077518,0.431784029
"both",1122.05493785352,2017,"RaPIPOm_fpd","WEC",20559.7199077518,0.0545754
"passive",350.996360653935,2017,"RaPIPOm_fpd","WEC",20559.7199077518,0.01707204
"passive",93860.4279211529,2017,"RaPIPOm_fpd","WNE",215756.060390031,0.435030319665076
"passive",46324.1479127939,2017,"RaSAWD_fal","WEC",305285.969064245,0.151740180050808
"passive",131773.165066828,2017,"RaSAWD_fal","WNE",202929.776565894,0.649353521680144
"active",78980.3635731668,2017,"RaSPFI_fcd","WNE",823604.392465863,0.0958959960578894
"passive",69709.7122925485,2017,"RaSPFI_fcd","WNE",823604.392465863,0.0846398014996475
"active",115681.389787488,2018,"Na0710412_fmh","WEC",846368.968110383,0.136679621
"passive",56613.7279975719,2018,"Na0710412_fmh","WEC",846368.968110383,0.066890127273887
"passive",257768.00122421,2018,"Na1010471_frn","WNE",499500.037924445,0.516052015321769
"active",2198.61735945797,2018,"RaABAMlw_fsi","WEC",233847.363677325,0.00940193348722863
"both",13680.0906521494,2018,"RaABAMlw_fsi","WEC",233847.363677325,0.058500085
"passive",55859.6792934855,2018,"RaABAMlw_fsi","WEC",233847.363677325,0.238872392722646
"active",24323.6907561907,2018,"RaMCONdy_fdd","OBM",48177.943820836,0.504871914970999
"passive",982.378832918429,2018,"RaMCONdy_fdd","OBM",48177.943820836,0.0203906342821872
"both",857829.681152524,2018,"RaMCONdy_fdd","WNE",2883218.10346625,0.297525074541266
"passive",200771.481618728,2018,"RaMCONdy_fdd","WNE",2883218.10346625,0.0696345106106808
"passive",68789.7160577868,2018,"RaMCONdy_fmd","WCB",88828.9116460001,0.774406832
"both",255074.981060909,2018,"RaMCONdy_fmd","WEC",1553297.71511033,0.164215126681488
"passive",302743.141701501,2018,"RaMCONdy_fmd","WEC",1553297.71511033,0.194903487436081
"passive",43489.7692059377,2018,"RaMCONdy_fmd","WNE",56158.8139578005,0.774406832
"active",20369.9739889537,2018,"RaMCONms_fcm","OBM",331825.962274855,0.0613875232947597
"both",107731.914403447,2018,"RaMCONms_fcm","OBM",331825.962274855,0.324663910156047
"passive",11889.5170911143,2018,"RaMCONms_fcm","OBM",331825.962274855,0.0358305812167466
"both",146856.39284041,2018,"RaMCONms_fmm","WEC",802864.691005831,0.182915495581737
"passive",72559.9843541389,2018,"RaMCONms_fmm","WEC",802864.691005831,0.0903763550284365
"active",13491.4161408238,2018,"RaPIPOm_fpd","WCB",31245.7507334618,0.431784029
"both",1705.24934457897,2018,"RaPIPOm_fpd","WCB",31245.7507334618,0.0545754
"active",13872.4289236165,2018,"RaPIPOm_fpd","WEC",155662.846132141,0.089118433
"both",61065.0671039883,2018,"RaPIPOm_fpd","WEC",155662.846132141,0.392290573
"passive",2657.48233568175,2018,"RaPIPOm_fpd","WEC",155662.846132141,0.01707204
"active",45056.9078808056,2018,"RaPIPOm_fpd","WNE",560158.380084934,0.0804360150319876
"both",102638.026537471,2018,"RaPIPOm_fpd","WNE",560158.380084934,0.183230368743048
"passive",94451.0391617727,2018,"RaSAWD_fal","WEC",137811.501706851,0.685363979
"active",3750.88869824768,2018,"RaSAWD_fal","WNE",97528.3237863779,0.0384594808218326
"passive",42171.6051515545,2018,"RaSAWD_fal","WNE",97528.3237863779,0.432403670178167
"active",176690.525335264,2018,"RaSPFI_fcd","WNE",908144.130187671,0.194562206
"passive",83602.4387437312,2018,"RaSPFI_fcd","WNE",908144.130187671,0.0920585576283519
"active",131323.682157464,2019,"Na0710412_fmh","WEC",1271750.31077663,0.103262158494986
"both",70959.371455978,2019,"Na0710412_fmh","WEC",1271750.31077663,0.0557966220685606
"passive",179961.953836852,2019,"Na0710412_fmh","WEC",1271750.31077663,0.141507300852911
"passive",83383.4468848507,2019,"Na1010471_frn","WNE",492474.345462097,0.169315310844488
"active",10015.4046543376,2019,"RaABAMlw_fsi","WEC",323073.079025862,0.031000430876309
"passive",109797.293019664,2019,"RaABAMlw_fsi","WEC",323073.079025862,0.339852807763269
"both",157.09535277259,2019,"RaMCONdy_fdd","OBM",86622.4954813203,0.001813563
"passive",36276.9564587103,2019,"RaMCONdy_fdd","OBM",86622.4954813203,0.418793712385407
"active",37637.6041411545,2019,"RaMCONdy_fdd","WNE",3313428.40765485,0.0113591119259442
"both",712424.301380053,2019,"RaMCONdy_fdd","WNE",3313428.40765485,0.215011225151017
"passive",306239.517076601,2019,"RaMCONdy_fdd","WNE",3313428.40765485,0.09242376155438
"both",342087.257762255,2019,"RaMCONdy_fmd","WEC",1667249.80759928,0.205180565145685
"passive",205168.839836201,2019,"RaMCONdy_fmd","WEC",1667249.80759928,0.123058247720916
"active",27694.8068222623,2019,"RaMCONdy_fmd","WNE",96307.2470631338,0.287567215
"both",18728.3338362469,2019,"RaMCONdy_fmd","WNE",96307.2470631338,0.194464429286091
"passive",27983.190178388,2019,"RaMCONdy_fmd","WNE",96307.2470631338,0.290561624713909
"active",3538.22568603502,2019,"RaMCONms_fcm","OBM",216438.248075564,0.0163475065867274
"both",89885.3982264838,2019,"RaMCONms_fcm","OBM",216438.248075564,0.415293503
"passive",43398.2020275323,2019,"RaMCONms_fcm","OBM",216438.248075564,0.200510780388414
"active",10321.0876278074,2019,"RaMCONms_fmm","WCB",83109.0762361464,0.12418725
"both",34514.6594012033,2019,"RaMCONms_fmm","WCB",83109.0762361464,0.415293503
"passive",20344.9564217252,2019,"RaMCONms_fmm","WCB",83109.0762361464,0.24479825
"passive",94196.1390461889,2019,"RaMCONms_fmm","WEC",595130.000915431,0.158278256685591
"passive",4702.67155584655,2019,"RaOAPI_fop","WEC",7058.67817052477,0.666225523
"active",7049.83927972813,2019,"RaPIPOm_fpd","WCB",79106.4097786384,0.089118433
"passive",36700.4705682653,2019,"RaPIPOm_fpd","WCB",79106.4097786384,0.463938013
"active",26681.1796695677,2019,"RaPIPOm_fpd","WEC",129392.54652892,0.206203374037501
"both",38431.993493884,2019,"RaPIPOm_fpd","WEC",129392.54652892,0.29701860365886
"passive",14536.4774559189,2019,"RaPIPOm_fpd","WEC",129392.54652892,0.11234400934114
"active",123796.845255656,2019,"RaPIPOm_fpd","WNE",439410.736124821,0.281733774525914
"passive",23598.3402382841,2019,"RaPIPOm_fpd","WNE",439410.736124821,0.0537045144740856
"active",1270.00327726521,2019,"RaSAWD_fal","WEC",76797.8048866135,0.0165369736692381
"passive",15925.055715996,2019,"RaSAWD_fal","WEC",76797.8048866135,0.207363423206018
"passive",86214.4600900661,2019,"RaSAWD_fal","WNE",125793.684424238,0.685363979
"active",90910.1468052945,2019,"RaSPFI_fcd","WNE",652301.105406,0.139368377658522
"passive",93163.2558261395,2019,"RaSPFI_fcd","WNE",652301.105406,0.142822471177867
