"strataID","BpS","SCLASS","YEAR","PVT","BpS_Code","sclass","AREA_TOTAL","AREA_STRATA","avg","low","high","departure"
"2002_Na0210290_fdw","Na0210290","A",2002,"fdw","Na0210290_fdw","A",7396.190515,57447.29724,5318.46170180624,4278.7453586108,6358.17798755437,1038.01252744563
"2002_Na0210290_fdw","Na0210290","B",2002,"fdw","Na0210290_fdw","B",1070.66330347417,57447.29724,627.849669052168,272.1378428556,983.561495248736,87.1018082254318
"2002_Na0210290_fdw","Na0210290","C",2002,"fdw","Na0210290_fdw","C",10755.269891289,57447.29724,12167.1766455524,10755.269891289,13579.0844913145,0
"2002_Na0210290_fdw","Na0210290","D",2002,"fdw","Na0210290_fdw","D",35539.642100264,57447.29724,37295.9545356014,35539.642100264,39052.2669709389,0
"2002_Na0210290_fdw","Na0210290","E",2002,"fdw","Na0210290_fdw","E",2685.53142997283,57447.29724,2037.85405606747,1390.17656726751,2685.53142997283,0
"2002_Na0210290_fwo","Na0210290","A",2002,"fwo","Na0210290_fwo","A",23892.33964,216308.93843,20025.8473430371,16110.9557942607,23940.7386755047,0
"2002_Na0210290_fwo","Na0210290","B",2002,"fwo","Na0210290_fwo","B",7988.29268400278,216308.93843,2364.07110397073,1024.6930790982,3703.44912884326,4284.84355515952
"2002_Na0210290_fwo","Na0210290","C",2002,"fwo","Na0210290_fwo","C",40497.3101344266,216308.93843,45813.6272781375,40497.3101344266,51129.9485317181,0
"2002_Na0210290_fwo","Na0210290","D",2002,"fwo","Na0210290_fwo","D",133819.041525551,216308.93843,140432.165148271,133819.041525551,147045.288770991,0
"2002_Na0210290_fwo","Na0210290","E",2002,"fwo","Na0210290_fwo","E",10111.9544460195,216308.93843,7673.22517718544,5234.49547573347,10111.9544460195,0
"2002_Na0210350_fvg","Na0210350","A",2002,"fvg","Na0210350_fvg","A",5941.19627875355,93108.557885,4707.26031112189,3473.3241572731,5941.19627875355,0
"2002_Na0210350_fvg","Na0210350","B",2002,"fvg","Na0210350_fvg","B",11198.8956692714,93108.557885,9481.12778440652,7763.35896845604,11198.8956692714,0
"2002_Na0210350_fvg","Na0210350","C",2002,"fvg","Na0210350_fvg","C",6729.0924410376,93108.557885,8373.48882700941,6729.0924410376,10017.8843750042,0
"2002_Na0210350_fvg","Na0210350","D",2002,"fvg","Na0210350_fvg","D",36832.21507394,93108.557885,40922.1780297226,37865.654052496,43978.7020069492,-1033.43897855596
"2002_Na0210350_fvg","Na0210350","E",2002,"fvg","Na0210350_fvg","E",32407.1584219974,93108.557885,29624.5038638252,26841.8510747156,32407.1584219974,0
"2002_Na0710270_fdd","Na0710270","A",2002,"fdd","Na0710270_fdd","A",102809.49051231,1403267.971,126668.321246755,102809.49051231,150527.153384467,0
"2002_Na0710270_fdd","Na0710270","B",2002,"fdd","Na0710270_fdd","B",216048.660764177,1403267.971,88517.081336826,66538.0641665293,110496.091490783,105552.569273394
"2002_Na0710270_fdd","Na0710270","C",2002,"fdd","Na0710270_fdd","C",249311.717732421,1403267.971,281363.059824046,249311.717732421,313414.401915672,0
"2002_Na0710270_fdd","Na0710270","D",2002,"fdd","Na0710270_fdd","D",554930.270048274,1403267.971,593265.868497696,554930.270048274,631601.415026204,0
"2002_Na0710270_fdd","Na0710270","E",2002,"fdd","Na0710270_fdd","E",280167.831942819,1403267.971,313453.640094677,280167.831942819,346739.473505358,0
"2002_Na0710411_fmt","Na0710411","A",2002,"fmt","Na0710411_fmt","A",7503.98895555555,503602.80254,4626.61204060785,1749.23512566014,7503.98895555555,0
"2002_Na0710411_fmt","Na0710411","B",2002,"fmt","Na0710411_fmt","B",31045.1195166986,503602.80254,24210.3270300086,17375.5350469214,31045.1195166985,7.27595761418343e-12
"2002_Na0710411_fmt","Na0710411","C",2002,"fmt","Na0710411_fmt","C",28816.618697534,503602.80254,22250.3975854386,15684.1789913572,28816.618697534,0
"2002_Na0710411_fmt","Na0710411","D",2002,"fmt","Na0710411_fmt","D",15560.755755,503602.80254,17439.8350527498,11553.7849217929,23325.8877017206,0
"2002_Na0710411_fmt","Na0710411","E",2002,"fmt","Na0710411_fmt","E",420676.319615212,503602.80254,435075.636874429,424103.16469643,446048.108548825,-3426.84508121829
"2002_Na0710412_fmc","Na0710412","A",2002,"fmc","Na0710412_fmc","A",105208.744277382,833037.183225,122881.628119501,105208.744277382,140554.511961619,0
"2002_Na0710412_fmc","Na0710412","B",2002,"fmc","Na0710412_fmc","B",209171.3933,833037.183225,189026.45320623,167992.092724139,210060.797860614,0
"2002_Na0710412_fmc","Na0710412","C",2002,"fmc","Na0710412_fmc","C",113859.206482101,833037.183225,132810.568317021,113859.206482101,151761.922654606,0
"2002_Na0710412_fmc","Na0710412","D",2002,"fmc","Na0710412_fmc","D",29240.2640636094,833037.183225,41038.3047838008,29240.2640636094,52836.3463370294,0
"2002_Na0710412_fmc","Na0710412","E",2002,"fmc","Na0710412_fmc","E",375557.575101908,833037.183225,347280.224633262,324726.216062565,369834.265692409,5723.30940949859
"2002_Na0710412_fmh","Na0710412","A",2002,"fmh","Na0710412_fmh","A",179344.668445298,1420041.44669,209470.847736826,179344.668445298,239597.027028354,0
"2002_Na0710412_fmh","Na0710412","B",2002,"fmh","Na0710412_fmh","B",358081.30212391,1420041.44669,322224.990047237,286368.650989776,358081.30212391,0
"2002_Na0710412_fmh","Na0710412","C",2002,"fmh","Na0710412_fmh","C",162107.677109956,1420041.44669,226396.270618432,194090.726737881,258701.80171861,-31983.0496279249
"2002_Na0710412_fmh","Na0710412","D",2002,"fmh","Na0710412_fmh","D",90067.7703242256,1420041.44669,69956.1734678938,49844.5780316033,90067.7703242256,0
"2002_Na0710412_fmh","Na0710412","E",2002,"fmh","Na0710412_fmh","E",630440.028686611,1420041.44669,591993.157719404,553546.342133814,630440.028686611,0
"2002_Na0710412_fmi","Na0710412","A",2002,"fmi","Na0710412_fmi","A",13597.476505968,107664.08824,15881.5701379796,13597.476505968,18165.6637699912,0
"2002_Na0710412_fmi","Na0710412","B",2002,"fmi","Na0710412_fmi","B",27284.2682921935,107664.08824,24430.3149337248,21711.7745268626,27148.8532949693,135.414997224285
"2002_Na0710412_fmi","Na0710412","C",2002,"fmi","Na0710412_fmi","C",14715.4867759538,107664.08824,17164.814529805,14715.4867759538,19614.1413146794,0
"2002_Na0710412_fmi","Na0710412","D",2002,"fmi","Na0710412_fmi","D",4268.427235,107664.08824,5303.90690408086,3779.0946595178,6828.71925630801,0
"2002_Na0710412_fmi","Na0710412","E",2002,"fmi","Na0710412_fmi","E",47798.4294308847,107664.08824,44883.4811960894,41968.5371601935,47798.4294308847,0
"2002_Na1010471_frn","Na1010471","A",2002,"frn","Na1010471_frn","A",69108.0685823192,685999.617,82914.8954398386,69108.0685823192,96721.7291573543,0
"2002_Na1010471_frn","Na1010471","B",2002,"frn","Na1010471_frn","B",259323.001411544,685999.617,239589.548090915,219856.094084287,259323.001411544,0
"2002_Na1010471_frn","Na1010471","C",2002,"frn","Na1010471_frn","C",60716.8307152257,685999.617,33972.0428490909,24387.5731321899,43556.5132519914,17160.3174632343
"2002_Na1010471_frn","Na1010471","D",2002,"frn","Na1010471_frn","D",51718.2012412447,685999.617,64087.837635161,51718.2012412447,76457.4733430778,0
"2002_Na1010471_frn","Na1010471","E",2002,"frn","Na1010471_frn","E",245133.515049667,685999.617,265435.302588989,245133.515049667,285737.064746325,0
"2002_R1RFWF_fcw","R1RFWF","A",2002,"fcw","R1RFWF_fcw","A",22146.4190122181,149554.85523,25313.4274728498,22146.4190122181,28480.4374290302,0
"2002_R1RFWF_fcw","R1RFWF","B",2002,"fcw","R1RFWF_fcw","B",41604.2120252224,149554.85523,37633.375530481,33662.5361941974,41604.2120252224,0
"2002_R1RFWF_fcw","R1RFWF","C",2002,"fcw","R1RFWF_fcw","C",10313.6257055932,149554.85523,13121.2143666255,10313.6257055932,15928.8037754321,0
"2002_R1RFWF_fcw","R1RFWF","D",2002,"fcw","R1RFWF_fcw","D",21579.9316918162,149554.85523,24826.7910789718,21579.9316918162,28073.6548032182,0
"2002_R1RFWF_fcw","R1RFWF","E",2002,"fcw","R1RFWF_fcw","E",53910.6667951501,149554.85523,48660.0452855233,44748.5300232186,52571.5632398154,1339.1035553347
"2002_R1RFWF_frm","R1RFWF","A",2002,"frm","R1RFWF_frm","A",563.084182096118,3802.50971,643.607013699841,563.084182096118,724.12988332866,0
"2002_R1RFWF_frm","R1RFWF","B",2002,"frm","R1RFWF_frm","B",1057.80865462048,3802.50971,956.848078617409,855.887430366656,1057.80865462048,0
"2002_R1RFWF_frm","R1RFWF","C",2002,"frm","R1RFWF_frm","C",262.229279220064,3802.50971,333.613676128093,262.229279220064,404.99809204867,0
"2002_R1RFWF_frm","R1RFWF","D",2002,"frm","R1RFWF_frm","D",548.680948358857,3802.50971,631.234031156981,548.680948358857,713.787224227888,0
"2002_R1RFWF_frm","R1RFWF","E",2002,"frm","R1RFWF_frm","E",1370.70664570448,3802.50971,1237.20687237258,1137.754569451,1336.65924373933,34.0474019651506
"2002_RaABAMlw_fsi","RaABAMlw","A",2002,"fsi","RaABAMlw_fsi","A",254823.276149582,2302986.736655,302943.886926699,254823.276149582,351064.497703816,0
"2002_RaABAMlw_fsi","RaABAMlw","B",2002,"fsi","RaABAMlw_fsi","B",542598.464936741,2302986.736655,479553.562790497,416508.614584519,542598.464936741,0
"2002_RaABAMlw_fsi","RaABAMlw","C",2002,"fsi","RaABAMlw_fsi","C",164386.07401088,2302986.736655,68230.926585928,46258.0932837148,90203.7529791809,74182.3210316989
"2002_RaABAMlw_fsi","RaABAMlw","D",2002,"fsi","RaABAMlw_fsi","D",134724.91984819,2302986.736655,176839.507031156,134724.91984819,218954.085002175,0
"2002_RaABAMlw_fsi","RaABAMlw","E",2002,"fsi","RaABAMlw_fsi","E",1206454.00170961,2302986.736655,1275418.85332072,1206454.00170961,1344383.70493183,0
"2002_RaABAMlw_fsw","RaABAMlw","A",2002,"fsw","RaABAMlw_fsw","A",33792.9233781996,305406.380095,40174.3502928616,33792.9233781996,46555.7772075236,0
"2002_RaABAMlw_fsw","RaABAMlw","B",2002,"fsw","RaABAMlw_fsw","B",71955.704470155,305406.380095,63595.1199120807,55234.5292458788,71955.704470155,0
"2002_RaABAMlw_fsw","RaABAMlw","C",2002,"fsw","RaABAMlw_fsw","C",21799.7589836803,305406.380095,9048.31971781244,6134.43255882396,11962.2059605818,9837.55302309856
"2002_RaABAMlw_fsw","RaABAMlw","D",2002,"fsw","RaABAMlw_fsw","D",17866.2991950998,305406.380095,23451.2482597334,17866.2991950998,29036.1961027415,0
"2002_RaABAMlw_fsw","RaABAMlw","E",2002,"fsw","RaABAMlw_fsw","E",159991.694067865,305406.380095,169137.341912512,159991.694067865,178282.989757159,0
"2002_RaABAMlw_fwc","RaABAMlw","A",2002,"fwc","RaABAMlw_fwc","A",42247.7429595115,381817.52138,50225.7708142864,42247.7429595115,58203.7986690612,0
"2002_RaABAMlw_fwc","RaABAMlw","B",2002,"fwc","RaABAMlw_fwc","B",89958.6600692503,381817.52138,79506.2992762019,69053.930846803,89958.6600692503,0
"2002_RaABAMlw_fwc","RaABAMlw","C",2002,"fwc","RaABAMlw_fwc","C",27253.949112789,381817.52138,11312.1638331009,7669.23675253398,14955.0897682153,12298.8593445737
"2002_RaABAMlw_fwc","RaABAMlw","D",2002,"fwc","RaABAMlw_fwc","D",22336.3574552193,381817.52138,29318.6327050967,22336.3574552193,36300.9064277039,0
"2002_RaABAMlw_fwc","RaABAMlw","E",2002,"fwc","RaABAMlw_fwc","E",200020.81178323,381817.52138,211454.654751314,200020.81178323,222888.497719399,0
"2002_RaABAMup_fsi","RaABAMup","A",2002,"fsi","RaABAMup_fsi","A",4205.90257817606,49085.467635,5177.60551470039,4205.90257817606,6149.30840213925,0
"2002_RaABAMup_fsi","RaABAMup","B",2002,"fsi","RaABAMup_fsi","B",13935.0306767385,49085.467635,12637.8133384133,11340.5950674643,13935.0306767385,0
"2002_RaABAMup_fsi","RaABAMup","C",2002,"fsi","RaABAMup_fsi","C",1568.05725388958,49085.467635,1139.25313699741,710.449020105246,1568.05725388958,0
"2002_RaABAMup_fsi","RaABAMup","D",2002,"fsi","RaABAMup_fsi","D",2067.96716822341,49085.467635,1343.47214521254,858.348589892668,1828.59584778882,239.371320434597
"2002_RaABAMup_fsi","RaABAMup","E",2002,"fsi","RaABAMup_fsi","E",27308.5099579725,49085.467635,28787.3242850438,27308.5099579725,30266.1386121151,0
"2002_RaABAMup_fst","RaABAMup","A",2002,"fst","RaABAMup_fst","A",125643.929128674,1466341.86174,154671.842310565,125643.929128674,183699.754026114,0
"2002_RaABAMup_fst","RaABAMup","B",2002,"fst","RaABAMup_fst","B",427197.293275282,1466341.86174,377532.406877957,338780.296606725,416284.489288694,10912.8039865885
"2002_RaABAMup_fst","RaABAMup","C",2002,"fst","RaABAMup_fst","C",72065.3675043133,1466341.86174,34033.1802137453,21223.4127330523,46842.9476944384,25222.419809875
"2002_RaABAMup_fst","RaABAMup","D",2002,"fst","RaABAMup_fst","D",25641.6517956867,1466341.86174,40133.8632699936,25641.6517956867,54626.0791433262,0
"2002_RaABAMup_fst","RaABAMup","E",2002,"fst","RaABAMup_fst","E",815793.620036044,1466341.86174,859970.592529209,815793.620036044,904147.565022374,0
"2002_RaABAMup_fsw","RaABAMup","A",2002,"fsw","RaABAMup_fsw","A",43.7144187897218,510.17413,53.8138988221024,43.7144187897218,63.9133783443089,0
"2002_RaABAMup_fsw","RaABAMup","B",2002,"fsw","RaABAMup_fsw","B",144.834968363613,510.17413,131.35222573351,117.869473410099,144.834968363613,0
"2002_RaABAMup_fsw","RaABAMup","C",2002,"fsw","RaABAMup_fsw","C",28.8700183456045,510.17413,11.8409277943395,7.38411444781882,16.2977411408602,12.5722772047443
"2002_RaABAMup_fsw","RaABAMup","D",2002,"fsw","RaABAMup_fsw","D",8.92132164944421,510.17413,13.9634960383737,8.92132164944421,19.0056719578255,0
"2002_RaABAMup_fsw","RaABAMup","E",2002,"fsw","RaABAMup_fsw","E",283.833402851617,510.17413,299.20358977446,283.833402851617,314.573776697304,0
"2002_RaABLA_faf","RaABLA","A",2002,"faf","RaABLA_faf","A",22199.2759038078,171601.76116,26188.6892630158,22199.2759038078,30178.1024506219,0
"2002_RaABLA_faf","RaABLA","B",2002,"faf","RaABLA_faf","B",46507.4518229932,171601.76116,36310.5559955902,31853.7373629717,40767.3746282088,5740.07719478438
"2002_RaABLA_faf","RaABLA","C",2002,"faf","RaABLA_faf","C",2471.24468454441,171601.76116,1502.97110788992,534.697531235428,2471.24468454441,0
"2002_RaABLA_faf","RaABLA","D",2002,"faf","RaABLA_faf","D",2747.14651094274,171601.76116,4473.59956884241,2747.14651094274,6200.05296994559,0
"2002_RaABLA_faf","RaABLA","E",2002,"faf","RaABLA_faf","E",97676.6422377118,171601.76116,103125.94608267,97676.6422377118,108575.243406762,0
"2002_RaDFHEdy_fdg","RaDFHEdy","A",2002,"fdg","RaDFHEdy_fdg","A",114580.019653901,1480643.6394,83516.2774894454,62399.8339199418,104632.728462167,9947.29119173359
"2002_RaDFHEdy_fdg","RaDFHEdy","B",2002,"fdg","RaDFHEdy_fdg","B",282776.310191476,1480643.6394,251566.095354993,220355.853866925,282776.310191476,0
"2002_RaDFHEdy_fdg","RaDFHEdy","C",2002,"fdg","RaDFHEdy_fdg","C",107246.104463087,1480643.6394,86875.0687241842,66504.0255820638,107246.104463087,0
"2002_RaDFHEdy_fdg","RaDFHEdy","D",2002,"fdg","RaDFHEdy_fdg","D",191643.883143249,1480643.6394,226859.127976036,191643.883143249,262074.387615259,0
"2002_RaDFHEdy_fdg","RaDFHEdy","E",2002,"fdg","RaDFHEdy_fdg","E",784397.321948288,1480643.6394,831827.069855341,784397.321948288,879256.816281751,0
"2002_RaDFHEdy_fwi","RaDFHEdy","A",2002,"fwi","RaDFHEdy_fwi","A",458764.753151003,5928320.79961,334389.228962151,249841.503705582,418936.983860325,39827.7692906771
"2002_RaDFHEdy_fwi","RaDFHEdy","B",2002,"fwi","RaDFHEdy_fwi","B",1132202.66966089,5928320.79961,1007240.68633694,882278.596303213,1132202.66966089,0
"2002_RaDFHEdy_fwi","RaDFHEdy","C",2002,"fwi","RaDFHEdy_fwi","C",429400.630136299,5928320.79961,347837.42906148,266274.198345058,429400.630136299,0
"2002_RaDFHEdy_fwi","RaDFHEdy","D",2002,"fwi","RaDFHEdy_fwi","D",767319.284886498,5928320.79961,908316.931349335,767319.284886498,1049314.63709538,0
"2002_RaDFHEdy_fwi","RaDFHEdy","E",2002,"fwi","RaDFHEdy_fwi","E",3140633.46177531,5928320.79961,3330536.52390009,3140633.46177531,3520439.58009656,0
"2002_RaDFHEdy_fwx","RaDFHEdy","A",2002,"fwx","RaDFHEdy_fwx","A",4669.09663734667,110789.849965,6249.14436294776,4669.09663734667,7829.1926424981,0
"2002_RaDFHEdy_fwx","RaDFHEdy","B",2002,"fwx","RaDFHEdy_fwx","B",21158.8691202329,110789.849965,18823.5502581531,16488.2294018559,21158.8691202329,0
"2002_RaDFHEdy_fwx","RaDFHEdy","C",2002,"fwx","RaDFHEdy_fwx","C",11929.1464207854,110789.849965,6500.46748152832,4976.1946900951,8024.73971901228,3904.40670177315
"2002_RaDFHEdy_fwx","RaDFHEdy","D",2002,"fwx","RaDFHEdy_fwx","D",14339.8428191367,110789.849965,16974.8399161331,14339.8428191367,19609.838121028,0
"2002_RaDFHEdy_fwx","RaDFHEdy","E",2002,"fwx","RaDFHEdy_fwx","E",58692.8949674983,110789.849965,62241.8479462377,58692.8949674983,65790.8008141873,0
"2002_RaDFHEwt_fdm","RaDFHEwt","A",2002,"fdm","RaDFHEwt_fdm","A",8590.72541444284,143058.69728,6626.81576124169,4662.90653721664,8590.72541444284,0
"2002_RaDFHEwt_fdm","RaDFHEwt","B",2002,"fdm","RaDFHEwt_fdm","B",27606.1199312247,143058.69728,24324.1478402735,21042.1744617941,27606.1199312247,0
"2002_RaDFHEwt_fdm","RaDFHEwt","C",2002,"fdm","RaDFHEwt_fdm","C",1621.36690420127,143058.69728,865.747889153284,110.128731046603,1621.36690420127,2.27373675443232e-13
"2002_RaDFHEwt_fdm","RaDFHEwt","D",2002,"fdm","RaDFHEwt_fdm","D",5437.11296,143058.69728,4974.18809968689,3263.49849219533,6684.87756411976,0
"2002_RaDFHEwt_fdm","RaDFHEwt","E",2002,"fdm","RaDFHEwt_fdm","E",99803.3720701312,143058.69728,106267.796831292,102226.785907135,110308.818627911,-2423.41383700358
"2002_RaDFHEwt_fhc","RaDFHEwt","A",2002,"fhc","RaDFHEwt_fhc","A",8176.59001264533,136162.22833,6307.35507829332,4438.12055242799,8176.59001264533,0
"2002_RaDFHEwt_fhc","RaDFHEwt","B",2002,"fhc","RaDFHEwt_fhc","B",26275.3043110948,136162.22833,23151.5471280825,20027.7887196101,26275.3043110948,0
"2002_RaDFHEwt_fhc","RaDFHEwt","C",2002,"fhc","RaDFHEwt_fhc","C",1543.20523543186,136162.22833,824.012548697976,104.819725801859,1543.20523543187,0
"2002_RaDFHEwt_fhc","RaDFHEwt","D",2002,"fhc","RaDFHEwt_fhc","D",4893.57958,136162.22833,4734.39608121347,3106.17414598137,6362.61788028333,0
"2002_RaDFHEwt_fhc","RaDFHEwt","E",2002,"fhc","RaDFHEwt_fhc","E",95273.5491908281,136162.22833,101144.916676739,97298.711848925,104991.131852883,-2025.16265809696
"2002_RaDFHEwt_fwc","RaDFHEwt","A",2002,"fwc","RaDFHEwt_fwc","A",21.9420981990747,365.394985,16.9259562103897,11.9098153178896,21.9420981990747,0
"2002_RaDFHEwt_fwc","RaDFHEwt","B",2002,"fwc","RaDFHEwt_fwc","B",70.5104825499363,365.394985,62.1277965214428,53.7451072043945,70.5104825499363,0
"2002_RaDFHEwt_fwc","RaDFHEwt","C",2002,"fwc","RaDFHEwt_fwc","C",4.14123256330633,365.394985,2.21125973453955,0.281286540377775,4.14123256330633,0
"2002_RaDFHEwt_fwc","RaDFHEwt","D",2002,"fwc","RaDFHEwt_fwc","D",7.6974736019474,365.394985,12.7048786311461,8.33550147789544,17.0742554190018,-0.638027875948036
"2002_RaDFHEwt_fwc","RaDFHEwt","E",2002,"fwc","RaDFHEwt_fwc","E",261.103698085735,365.394985,271.425091710112,261.103698085735,281.746513104507,0
"2002_RaDFHEwt_fwm","RaDFHEwt","A",2002,"fwm","RaDFHEwt_fwm","A",132336.854127757,2203764.762615,102083.573670343,71830.2998242231,132336.854127757,0
"2002_RaDFHEwt_fwm","RaDFHEwt","B",2002,"fwm","RaDFHEwt_fwm","B",425261.766629144,2203764.762615,374704.236164792,324146.685866557,425261.766629144,0
"2002_RaDFHEwt_fwm","RaDFHEwt","C",2002,"fwm","RaDFHEwt_fwm","C",24976.5398307486,2203764.762615,13336.5166026229,1696.49117073247,24976.5398307486,0
"2002_RaDFHEwt_fwm","RaDFHEwt","D",2002,"fwm","RaDFHEwt_fwm","D",46424.8875367871,2203764.762615,76625.4737749618,50272.9517092612,102977.993636898,-3848.06417247412
"2002_RaDFHEwt_fwm","RaDFHEwt","E",2002,"fwm","RaDFHEwt_fwm","E",1574764.71449056,2203764.762615,1637014.94917969,1574764.71449056,1699265.35135494,0
"2002_RaDFHEwt_fwn","RaDFHEwt","A",2002,"fwn","RaDFHEwt_fwn","A",180074.432868004,2998723.91873,138907.953910402,97741.4839489725,180074.432868004,0
"2002_RaDFHEwt_fwn","RaDFHEwt","B",2002,"fwn","RaDFHEwt_fwn","B",578665.496855925,2998723.91873,509870.460993988,441075.398143535,578665.496855925,0
"2002_RaDFHEwt_fwn","RaDFHEwt","C",2002,"fwn","RaDFHEwt_fwn","C",33986.2714333921,2998723.91873,18147.3685428066,2308.46265349713,33986.2714333921,1.45519152283669e-11
"2002_RaDFHEwt_fwn","RaDFHEwt","D",2002,"fwn","RaDFHEwt_fwn","D",127377.18104,2998723.91873,104266.410322461,68407.8016461401,140125.016000058,0
"2002_RaDFHEwt_fwn","RaDFHEwt","E",2002,"fwn","RaDFHEwt_fwn","E",2078620.53653268,2998723.91873,2227531.706968,2142826.0837202,2312237.55811882,-64205.5471875197
"2002_RaDFHEwt_fww","RaDFHEwt","A",2002,"fww","RaDFHEwt_fww","A",55418.9156977405,922874.088265,42749.7011369127,30080.4893447071,55418.9156977405,0
"2002_RaDFHEwt_fww","RaDFHEwt","B",2002,"fww","RaDFHEwt_fww","B",178087.549002342,922874.088265,156915.491247478,135743.425186748,178087.549002342,0
"2002_RaDFHEwt_fww","RaDFHEwt","C",2002,"fww","RaDFHEwt_fww","C",10459.4654635303,922874.088265,5584.95435133104,710.442316257721,10459.4654635303,0
"2002_RaDFHEwt_fww","RaDFHEwt","D",2002,"fww","RaDFHEwt_fww","D",43124.2588143759,922874.088265,32088.571996237,21052.884255224,43124.2588143759,0
"2002_RaDFHEwt_fww","RaDFHEwt","E",2002,"fww","RaDFHEwt_fww","E",635783.899287011,922874.088265,685535.363995797,659466.733823653,711604.06430637,-23682.8345366422
"2002_RaDFWV_fwx","RaDFWV","A",2002,"fwx","RaDFWV_fwx","A",182908.451637777,1274809.283075,158087.032728283,133265.626566882,182908.451637777,0
"2002_RaDFWV_fwx","RaDFWV","B",2002,"fwx","RaDFWV_fwx","B",236333.458653066,1274809.283075,207246.085523581,178158.686897911,236333.458653066,0
"2002_RaDFWV_fwx","RaDFWV","C",2002,"fwx","RaDFWV_fwx","C",84500.3993285942,1274809.283075,107246.570229073,84500.3993285942,129992.746228788,0
"2002_RaDFWV_fwx","RaDFWV","D",2002,"fwx","RaDFWV_fwx","D",336843.572034915,1274809.283075,405198.760381175,368953.617409694,441443.903352655,-32110.0453747793
"2002_RaDFWV_fwx","RaDFWV","E",2002,"fwx","RaDFWV_fwx","E",434223.401420648,1274809.283075,397030.822739605,359838.267005129,434223.401420648,0
"2002_RaMCONdy_fdd","RaMCONdy","A",2002,"fdd","RaMCONdy_fdd","A",495620.772925588,4248197.74101,593302.795222123,495620.772925588,690984.813270461,0
"2002_RaMCONdy_fdd","RaMCONdy","B",2002,"fdd","RaMCONdy_fdd","B",470447.98799908,4248197.74101,27878.6914704346,7704.37423977932,48053.0087010899,422394.97929799
"2002_RaMCONdy_fdd","RaMCONdy","C",2002,"fdd","RaMCONdy_fdd","C",1221642.39315154,4248197.74101,1343007.90544432,1221642.39315154,1464373.42198529,0
"2002_RaMCONdy_fdd","RaMCONdy","D",2002,"fdd","RaMCONdy_fdd","D",1624697.4139998,4248197.74101,1760929.69395254,1624697.4139998,1897161.96965708,0
"2002_RaMCONdy_fdd","RaMCONdy","E",2002,"fdd","RaMCONdy_fdd","E",435789.172933994,4248197.74101,523078.629431403,435789.172933994,610368.090177009,0
"2002_RaMCONdy_fdg","RaMCONdy","A",2002,"fdg","RaMCONdy_fdg","A",122431.267933061,1049415.73129,146561.277200905,122431.267933061,170691.285419333,0
"2002_RaMCONdy_fdg","RaMCONdy","B",2002,"fdg","RaMCONdy_fdg","B",85997.0122538257,1049415.73129,6886.76450119734,1903.18154188549,11870.3474605092,74126.6647933164
"2002_RaMCONdy_fdg","RaMCONdy","C",2002,"fdg","RaMCONdy_fdg","C",331993.47995,1049415.73129,331758.008723253,301777.559224254,361738.459271667,0
"2002_RaMCONdy_fdg","RaMCONdy","D",2002,"fdg","RaMCONdy_fdg","D",401342.670181877,1049415.73129,434995.599355065,401342.670181877,468648.527478837,0
"2002_RaMCONdy_fdg","RaMCONdy","E",2002,"fdg","RaMCONdy_fdg","E",107651.300971236,1049415.73129,129214.075213086,107651.300971236,150776.850504351,0
"2002_RaMCONdy_fdx","RaMCONdy","A",2002,"fdx","RaMCONdy_fdx","A",536.277111143794,4596.682255,641.972101324794,536.277111143794,747.667086909112,0
"2002_RaMCONdy_fdx","RaMCONdy","B",2002,"fdx","RaMCONdy_fdx","B",320.139548641727,4596.682255,30.1656123813811,8.33637286042456,51.9948519023377,268.144696739389
"2002_RaMCONdy_fdx","RaMCONdy","C",2002,"fdx","RaMCONdy_fdx","C",1321.85511431027,4596.682255,1453.17637822878,1321.85511431027,1584.49764674398,0
"2002_RaMCONdy_fdx","RaMCONdy","D",2002,"fdx","RaMCONdy_fdx","D",1757.97319898337,4596.682255,1905.38076849732,1757.97319898337,2052.78833341459,0
"2002_RaMCONdy_fdx","RaMCONdy","E",2002,"fdx","RaMCONdy_fdx","E",660.43728192084,4596.682255,565.98736698763,471.537456651103,660.43728192084,0
"2002_RaMCONdy_fmd","RaMCONdy","A",2002,"fmd","RaMCONdy_fmd","A",271837.8564,2050495.021305,286371.892717044,239223.310517942,333520.472865651,0
"2002_RaMCONdy_fmd","RaMCONdy","B",2002,"fmd","RaMCONdy_fmd","B",110193.791565815,2050495.021305,13456.3223149385,3718.70190232296,23193.9427275541,86999.848838261
"2002_RaMCONdy_fmd","RaMCONdy","C",2002,"fmd","RaMCONdy_fmd","C",589655.142648045,2050495.021305,648235.132066171,589655.142648045,706815.123534792,0
"2002_RaMCONdy_fmd","RaMCONdy","D",2002,"fmd","RaMCONdy_fmd","D",784199.362090348,2050495.021305,849955.155208797,784199.362090348,915710.946276751,0
"2002_RaMCONdy_fmd","RaMCONdy","E",2002,"fmd","RaMCONdy_fmd","E",294608.868600792,2050495.021305,252476.50669508,210344.146839862,294608.868600792,0
"2002_RaMCONdy_fmx","RaMCONdy","A",2002,"fmx","RaMCONdy_fmx","A",77664.7819,596169.8286,83261.0079142362,69552.824340846,96969.1908914566,0
"2002_RaMCONdy_fmx","RaMCONdy","B",2002,"fmx","RaMCONdy_fmx","B",47504.3187052856,596169.8286,3912.34959594179,1081.1915428653,6743.50764901827,40760.8110562673
"2002_RaMCONdy_fmx","RaMCONdy","C",2002,"fmx","RaMCONdy_fmx","C",181842.828515,596169.8286,188470.697836873,171438.897277529,205502.498992387,0
"2002_RaMCONdy_fmx","RaMCONdy","D",2002,"fmx","RaMCONdy_fmx","D",228001.528620191,596169.8286,247119.653514703,228001.528620191,266237.777813044,0
"2002_RaMCONdy_fmx","RaMCONdy","E",2002,"fmx","RaMCONdy_fmx","E",61156.3708595229,596169.8286,73406.116161227,61156.3708595229,85655.8620591009,0
"2002_RaMCONms_fcm","RaMCONms","A",2002,"fcm","RaMCONms_fcm","A",273704.701319282,2203967.80925,319929.014075439,273704.701319282,366153.346667307,0
"2002_RaMCONms_fcm","RaMCONms","B",2002,"fcm","RaMCONms_fcm","B",915293.512002668,2203967.80925,978667.760034013,915293.512002668,1042041.92211061,0
"2002_RaMCONms_fcm","RaMCONms","C",2002,"fcm","RaMCONms_fcm","C",475442.133167316,2203967.80925,275837.782911883,230295.232334032,321380.353325444,154061.779841872
"2002_RaMCONms_fcm","RaMCONms","D",2002,"fcm","RaMCONms_fcm","D",171690.39488555,2203967.80925,212501.64148396,171690.39488555,253312.90791808,0
"2002_RaMCONms_fcm","RaMCONms","E",2002,"fcm","RaMCONms_fcm","E",367837.067875184,2203967.80925,417031.612948672,367837.067875184,466226.199897549,0
"2002_RaMCONms_fmm","RaMCONms","A",2002,"fmm","RaMCONms_fmm","A",219758.04504762,1769570.105205,256871.637017358,219758.04504762,293985.244913227,0
"2002_RaMCONms_fmm","RaMCONms","B",2002,"fmm","RaMCONms_fmm","B",734890.967794663,1769570.105205,785774.276654913,734890.967794663,836657.516501928,0
"2002_RaMCONms_fmm","RaMCONms","C",2002,"fmm","RaMCONms_fmm","C",313932.192416316,1769570.105205,221470.700469531,184904.496698716,258036.920166477,55895.2722498391
"2002_RaMCONms_fmm","RaMCONms","D",2002,"fmm","RaMCONms_fmm","D",137850.557011402,1769570.105205,170617.987476401,137850.557011402,203385.43386753,0
"2002_RaMCONms_fmm","RaMCONms","E",2002,"fmm","RaMCONms_fmm","E",363138.342935,1769570.105205,334835.505356369,295337.107995098,374333.936339471,0
"2002_RaMCONsw_fdm","RaMCONsw","A",2002,"fdm","RaMCONsw_fdm","A",31253.831166954,252622.9284,36871.6517647795,31253.831166954,42489.4748888343,-3.63797880709171e-12
"2002_RaMCONsw_fdm","RaMCONsw","B",2002,"fdm","RaMCONsw_fdm","B",19549.0098268761,252622.9284,7259.65667129685,4568.47017275607,9950.84342246055,9598.16640441552
"2002_RaMCONsw_fdm","RaMCONsw","C",2002,"fdm","RaMCONsw_fdm","C",27018.9730650825,252622.9284,31798.2691974889,27018.9730650825,36577.563056289,0
"2002_RaMCONsw_fdm","RaMCONsw","D",2002,"fdm","RaMCONsw_fdm","D",123302.864823235,252622.9284,131011.56279173,123302.864823235,138720.260760225,0
"2002_RaMCONsw_fdm","RaMCONsw","E",2002,"fdm","RaMCONsw_fdm","E",51498.249517852,252622.9284,45681.7902483109,39865.3309787699,51498.249517852,0
"2002_RaMCONsw_fiw","RaMCONsw","A",2002,"fiw","RaMCONsw_fiw","A",149885.881633477,1211519.002,176827.602431345,149885.881633477,203769.335344403,0
"2002_RaMCONsw_fiw","RaMCONsw","B",2002,"fiw","RaMCONsw_fiw","B",84056.4595604849,1211519.002,34815.5730003492,21909.2877254613,47721.8594867562,36334.6000737287
"2002_RaMCONsw_fiw","RaMCONsw","C",2002,"fiw","RaMCONsw_fiw","C",139272.422405,1211519.002,152496.875906966,129576.517421424,175417.223488837,0
"2002_RaMCONsw_fiw","RaMCONsw","D",2002,"fiw","RaMCONsw_fiw","D",591330.979656188,1211519.002,628300.047066896,591330.979656188,665269.114477605,0
"2002_RaMCONsw_fiw","RaMCONsw","E",2002,"fiw","RaMCONsw_fiw","E",246973.25874485,1211519.002,219078.914498115,191184.570251379,246973.25874485,0
"2002_RaMCONsw_fvw","RaMCONsw","A",2002,"fvw","RaMCONsw_fvw","A",14159.3127994382,114448.9149,16704.4241066192,14159.3127994382,19249.5365582892,0
"2002_RaMCONsw_fvw","RaMCONsw","B",2002,"fvw","RaMCONsw_fvw","B",8856.53165461208,114448.9149,3288.93277359566,2069.71100104209,4508.15466059815,4348.37699401393
"2002_RaMCONsw_fvw","RaMCONsw","C",2002,"fvw","RaMCONsw_fvw","C",12240.7422342707,114448.9149,14405.9663483447,12240.7422342707,16571.1894323786,0
"2002_RaMCONsw_fvw","RaMCONsw","D",2002,"fvw","RaMCONsw_fvw","D",55861.4341637909,114448.9149,59353.801714804,55861.4341637909,62846.169265817,0
"2002_RaMCONsw_fvw","RaMCONsw","E",2002,"fvw","RaMCONsw_fvw","E",23330.8940478881,114448.9149,20695.7909866767,18060.6879254653,23330.8940478881,0
"2002_RaMEVG_ftd","RaMEVG","A",2002,"ftd","RaMEVG_ftd","A",60888.42449133,430468.873975,71260.8143637336,60888.42449133,81633.2007923863,0
"2002_RaMEVG_ftd","RaMEVG","B",2002,"ftd","RaMEVG_ftd","B",39385.7616774711,430468.873975,32388.5301646128,25391.29649941,39385.7616774711,0
"2002_RaMEVG_ftd","RaMEVG","C",2002,"ftd","RaMEVG_ftd","C",207551.09362001,430468.873975,222228.833862823,207551.09362001,236906.573675167,0
"2002_RaMEVG_ftd","RaMEVG","D",2002,"ftd","RaMEVG_ftd","D",76488.5570794793,430468.873975,88152.5520199589,76488.5570794793,99816.538351061,0
"2002_RaMEVG_ftd","RaMEVG","E",2002,"ftd","RaMEVG_ftd","E",46155.0371067093,430468.873975,16438.1538951245,10989.1867680099,21887.1214527079,24267.9156540014
"2002_RaMEVG_fuc","RaMEVG","A",2002,"fuc","RaMEVG_fuc","A",21544.4632077359,108908.16587,18028.910009432,15404.7064374969,20653.1127101017,891.350497634234
"2002_RaMEVG_fuc","RaMEVG","B",2002,"fuc","RaMEVG_fuc","B",9964.55568570429,108908.16587,8194.26357794687,6423.97092564862,9964.55568570429,0
"2002_RaMEVG_fuc","RaMEVG","C",2002,"fuc","RaMEVG_fuc","C",52510.2052599992,108908.16587,56223.6578824852,52510.2052599992,59937.110396063,0
"2002_RaMEVG_fuc","RaMEVG","D",2002,"fuc","RaMEVG_fuc","D",19351.5233392988,108908.16587,22302.5016155083,19351.5233392988,25253.4777135545,0
"2002_RaMEVG_fuc","RaMEVG","E",2002,"fuc","RaMEVG_fuc","E",5537.41837726178,108908.16587,4158.83539842365,2780.2525284937,5537.41837726178,0
"2002_RaOAPI_fop","RaOAPI","A",2002,"fop","RaOAPI_fop","A",18775.661684085,84077.096935,21129.7155541251,18775.661684085,23483.7694241652,0
"2002_RaOAPI_fop","RaOAPI","B",2002,"fop","RaOAPI_fop","B",4233.75434396202,84077.096935,3201.0551204272,2168.35572873818,4233.75434396202,0
"2002_RaOAPI_fop","RaOAPI","C",2002,"fop","RaOAPI_fop","C",13948.6679200135,84077.096935,16130.6860929265,13948.6679200135,18312.7042658395,0
"2002_RaOAPI_fop","RaOAPI","D",2002,"fop","RaOAPI_fop","D",38143.4013472624,84077.096935,40946.3839515389,38143.4013472624,43749.369750745,0
"2002_RaOAPI_fop","RaOAPI","E",2002,"fop","RaOAPI_fop","E",8975.61163967715,84077.096935,2669.25478667169,1753.88288182804,3584.62677559243,5390.98486408471
"2002_RaPICOpu_fld","RaPICOpu","A",2002,"fld","RaPICOpu_fld","A",86979.0775701657,357333.388645,77287.4331633286,67595.781967157,86979.0775701657,0
"2002_RaPICOpu_fld","RaPICOpu","B",2002,"fld","RaPICOpu_fld","B",57269.646390107,357333.388645,49555.0079159574,41840.3697991412,57269.646390107,0
"2002_RaPICOpu_fld","RaPICOpu","C",2002,"fld","RaPICOpu_fld","C",159777.195227926,357333.388645,170508.224552983,159777.195227926,181239.25387804,0
"2002_RaPICOpu_fld","RaPICOpu","D",2002,"fld","RaPICOpu_fld","D",31927.3037368012,357333.388645,38909.8961881996,32431.497238741,45388.2983536587,-504.193501939772
"2002_RaPICOpu_fld","RaPICOpu","E",2002,"fld","RaPICOpu_fld","E",21380.16572,357333.388645,21072.8268245314,16015.1929323265,26130.4607167363,0
"2002_RaPICOpu_flp","RaPICOpu","A",2002,"flp","RaPICOpu_flp","A",4713.08588187006,24914.91185,5388.83195796219,4713.08588187006,6064.57756067099,0
"2002_RaPICOpu_flp","RaPICOpu","B",2002,"flp","RaPICOpu_flp","B",4978.22546554013,24914.91185,3455.20092212465,2917.30120510134,3993.10066406287,985.124801477257
"2002_RaPICOpu_flp","RaPICOpu","C",2002,"flp","RaPICOpu_flp","C",11140.3939884802,24914.91185,11888.6102430748,11140.3939884802,12636.8264976694,0
"2002_RaPICOpu_flp","RaPICOpu","D",2002,"flp","RaPICOpu_flp","D",2261.27174382101,24914.91185,2712.97523385017,2261.27174382101,3164.67894811354,0
"2002_RaPICOpu_flp","RaPICOpu","E",2002,"flp","RaPICOpu_flp","E",1821.93477028859,24914.91185,1469.29349298818,1116.65221568777,1821.93477028859,0
"2002_RaPICOpu_flw","RaPICOpu","A",2002,"flw","RaPICOpu_flw","A",15402.18812,75354.765035,16298.4388004303,14254.6552585172,18342.2209106028,0
"2002_RaPICOpu_flw","RaPICOpu","B",2002,"flw","RaPICOpu_flw","B",13909.0329616481,75354.765035,10450.2016785349,8823.33231480946,12077.0711176151,1831.96184403304
"2002_RaPICOpu_flw","RaPICOpu","C",2002,"flw","RaPICOpu_flw","C",33693.9490877329,75354.765035,35956.9175621866,33693.9490877329,38219.8860366404,0
"2002_RaPICOpu_flw","RaPICOpu","D",2002,"flw","RaPICOpu_flw","D",6839.18136904494,75354.765035,8205.35157914091,6839.18136904494,9571.52246742976,0
"2002_RaPICOpu_flw","RaPICOpu","E",2002,"flw","RaPICOpu_flw","E",5510.41349657409,75354.765035,4443.85541470735,3377.2973328406,5510.41349657409,0
"2002_RaPIJEsp_fjp","RaPIJEsp","A",2002,"fjp","RaPIJEsp_fjp","A",14723.4780385203,81797.103395,12269.56550925,10797.2174845458,13741.9127159832,981.565322537104
"2002_RaPIJEsp_fjp","RaPIJEsp","B",2002,"fjp","RaPIJEsp_fjp","B",2126.7246064729,81797.103395,817.97103395,0,2126.7246064729,4.54747350886464e-13
"2002_RaPIJEsp_fjp","RaPIJEsp","C",2002,"fjp","RaPIJEsp_fjp","C",33700.4072531168,81797.103395,35990.7254938,33700.4072531168,38281.0437344832,0
"2002_RaPIJEsp_fjp","RaPIJEsp","D",2002,"fjp","RaPIJEsp_fjp","D",29446.9572222,81797.103395,31900.87032405,29446.9572222,34354.7834259,0
"2002_RaPIJEsp_fjp","RaPIJEsp","E",2002,"fjp","RaPIJEsp_fjp","E",1799.53627469,81797.103395,817.97103395,0,1799.53627469,0
"2002_RaPIPOm_fdp","RaPIPOm","A",2002,"fdp","RaPIPOm_fdp","A",150468.072137121,1048723.860445,112969.747620642,93460.6270925691,132478.868148715,17989.2039884061
"2002_RaPIPOm_fdp","RaPIPOm","B",2002,"fdp","RaPIPOm_fdp","B",87321.9020497009,1048723.860445,72278.2152089632,57234.52417333,87321.9020497009,0
"2002_RaPIPOm_fdp","RaPIPOm","C",2002,"fdp","RaPIPOm_fdp","C",359361.586678807,1048723.860445,390167.369763851,359361.586678807,420973.112997388,0
"2002_RaPIPOm_fdp","RaPIPOm","D",2002,"fdp","RaPIPOm_fdp","D",411404.484132741,1048723.860445,444272.717974728,411404.484132741,477140.952865439,0
"2002_RaPIPOm_fdp","RaPIPOm","E",2002,"fdp","RaPIPOm_fdp","E",40167.8154466304,1048723.860445,29035.8360949129,17903.8556944715,40167.8154466304,0
"2002_RaPIPOm_fpd","RaPIPOm","A",2002,"fpd","RaPIPOm_fpd","A",87251.003515745,608117.110395,65507.0787232461,54194.4439588904,76819.7134876018,10431.2900281432
"2002_RaPIPOm_fpd","RaPIPOm","B",2002,"fpd","RaPIPOm_fpd","B",50634.8188989682,608117.110395,41911.5279390439,33188.2345466513,50634.8188989682,0
"2002_RaPIPOm_fpd","RaPIPOm","C",2002,"fpd","RaPIPOm_fpd","C",208380.8120713,608117.110395,226243.973671517,208380.8120713,244107.112163283,0
"2002_RaPIPOm_fpd","RaPIPOm","D",2002,"fpd","RaPIPOm_fpd","D",238558.609687959,608117.110395,257617.712032874,238558.609687959,276676.814985907,0
"2002_RaPIPOm_fpd","RaPIPOm","E",2002,"fpd","RaPIPOm_fpd","E",23291.8662210276,608117.110395,16836.8332312463,10381.7996333479,23291.8662210276,0
"2002_RaPIPOm_fpl","RaPIPOm","A",2002,"fpl","RaPIPOm_fpl","A",138135.608061146,962769.74971,103710.671363362,85800.5314339574,121620.811292766,16514.7967683797
"2002_RaPIPOm_fpl","RaPIPOm","B",2002,"fpl","RaPIPOm_fpl","B",80164.9404114047,962769.74971,66354.2442304034,52543.5441983231,80164.9404114047,0
"2002_RaPIPOm_fpl","RaPIPOm","C",2002,"fpl","RaPIPOm_fpl","C",329908.070095148,962769.74971,358188.990544334,329908.070095148,386469.874408269,0
"2002_RaPIPOm_fpl","RaPIPOm","D",2002,"fpl","RaPIPOm_fpl","D",377685.496780802,962769.74971,407859.828140091,377685.496780802,438034.160462149,0
"2002_RaPIPOm_fpl","RaPIPOm","E",2002,"fpl","RaPIPOm_fpl","E",36875.6343614993,962769.74971,26656.0395010541,16436.4436778391,36875.6343614993,0
"2002_RaPIPOxe_fpd","RaPIPOxe","A",2002,"fpd","RaPIPOxe_fpd","A",136370.020849948,643144.1005,152046.449920947,136370.020849948,167722.878991946,0
"2002_RaPIPOxe_fpd","RaPIPOxe","B",2002,"fpd","RaPIPOxe_fpd","B",77648.1667974605,643144.1005,37167.0538162809,26847.0291625409,47487.0758974445,30161.090900016
"2002_RaPIPOxe_fpd","RaPIPOxe","C",2002,"fpd","RaPIPOxe_fpd","C",127763.616349632,643144.1005,144205.996600833,127763.616349632,160648.389071773,0
"2002_RaPIPOxe_fpd","RaPIPOxe","D",2002,"fpd","RaPIPOxe_fpd","D",261229.204230019,643144.1005,277930.675725251,261229.204230019,294632.172303102,0
"2002_RaPIPOxe_fpd","RaPIPOxe","E",2002,"fpd","RaPIPOxe_fpd","E",40133.0922729407,643144.1005,31793.9115738065,23454.7328041045,40133.0922729407,0
"2002_RaPIPOxe_fxp","RaPIPOxe","A",2002,"fxp","RaPIPOxe_fxp","A",264158.633626231,1012933.16591,239468.71589752,214778.79816881,264158.633626231,0
"2002_RaPIPOxe_fxp","RaPIPOxe","B",2002,"fxp","RaPIPOxe_fxp","B",74790.7569877599,1012933.16591,58537.023756269,42283.2864730455,74790.7569877599,0
"2002_RaPIPOxe_fxp","RaPIPOxe","C",2002,"fxp","RaPIPOxe_fxp","C",201223.96255603,1012933.16591,227120.231012815,201223.96255603,253016.518715329,0
"2002_RaPIPOxe_fxp","RaPIPOxe","D",2002,"fxp","RaPIPOxe_fxp","D",409551.365080763,1012933.16591,437732.693259593,411428.363663989,464037.062359592,-1876.99858322577
"2002_RaPIPOxe_fxp","RaPIPOxe","E",2002,"fxp","RaPIPOxe_fxp","E",63208.4476592163,1012933.16591,50074.4817251393,36940.5188298617,63208.4476592163,0
"2002_RaREFI_fcw","RaREFI","A",2002,"fcw","RaREFI_fcw","A",14142.441205823,265840.30804,18270.3922294481,14142.441205823,22398.3445822748,0
"2002_RaREFI_fcw","RaREFI","B",2002,"fcw","RaREFI_fcw","B",68769.2504628534,265840.30804,59932.7696649429,53627.7532003434,66237.7861295425,2531.46433331093
"2002_RaREFI_fcw","RaREFI","C",2002,"fcw","RaREFI_fcw","C",29098.0387334835,265840.30804,35007.4545139244,29098.0387334835,40916.8705602056,0
"2002_RaREFI_fcw","RaREFI","D",2002,"fcw","RaREFI_fcw","D",51468.9975105852,265840.30804,58249.1655106422,51468.9975105852,65029.3335106992,-7.27595761418343e-12
"2002_RaREFI_fcw","RaREFI","E",2002,"fcw","RaREFI_fcw","E",102361.580127255,265840.30804,94380.5298428067,86399.4792925181,102361.580127255,0
"2002_RaREFI_frf","RaREFI","A",2002,"frf","RaREFI_frf","A",4884.461385,56680.256885,3895.46089752127,3015.33355282768,4775.58852561613,108.872859383867
"2002_RaREFI_frf","RaREFI","B",2002,"frf","RaREFI_frf","B",16196.5853516913,56680.256885,12778.3661006267,11434.0629905661,14122.6692106874,2073.9161410039
"2002_RaREFI_frf","RaREFI","C",2002,"frf","RaREFI_frf","C",6204.04152561906,56680.256885,7463.99795188556,6204.04152561906,8723.95443483232,0
"2002_RaREFI_frf","RaREFI","D",2002,"frf","RaREFI_frf","D",10973.7910778919,56680.256885,12419.4020418578,10973.7910778919,13865.0130058237,0
"2002_RaREFI_frf","RaREFI","E",2002,"frf","RaREFI_frf","E",18421.3775447977,56680.256885,20123.0306866323,18421.3775447977,21824.6837717865,0
"2002_RaREFI_frm","RaREFI","A",2002,"frm","RaREFI_frm","A",4692.92585060982,88214.533515,6062.71539308606,4692.92585060982,7432.50537663497,0
"2002_RaREFI_frm","RaREFI","B",2002,"frm","RaREFI_frm","B",22819.8928690829,88214.533515,19887.6587122348,17795.4474507832,21979.8699736864,840.022895396582
"2002_RaREFI_frm","RaREFI","C",2002,"frm","RaREFI_frm","C",9655.68363955333,88214.533515,11616.6216186778,9655.68363955333,13577.5596860167,0
"2002_RaREFI_frm","RaREFI","D",2002,"frm","RaREFI_frm","D",17079.1015078037,88214.533515,19328.9836332351,17079.1015078037,21578.8657586664,0
"2002_RaREFI_frm","RaREFI","E",2002,"frm","RaREFI_frm","E",33966.9296479502,88214.533515,31318.5553927698,28670.1810493749,33966.9296479502,0
"2002_RaSAWD_fal","RaSAWD","A",2002,"fal","RaSAWD_fal","A",324170.885483665,1146762.0259,288064.3342626,251957.783041536,324170.885483665,0
"2002_RaSAWD_fal","RaSAWD","B",2002,"fal","RaSAWD_fal","B",282623.159453918,1146762.0259,249578.684167077,216534.207733475,282623.159453918,0
"2002_RaSAWD_fal","RaSAWD","C",2002,"fal","RaSAWD_fal","C",539967.980962418,1146762.0259,609119.030405563,569415.17730345,648822.838783957,-29447.1963410327
"2002_RaSAWD_fal","RaSAWD","D",NA,NA,NA,NA,0,1146762.0259,NA,NA,NA,0
"2002_RaSAWD_fal","RaSAWD","E",NA,NA,NA,NA,0,1146762.0259,NA,NA,NA,0
"2002_RaSAWD_fsw","RaSAWD","A",2002,"fsw","RaSAWD_fsw","A",16204.2064213515,57322.75604,14399.3620156725,12594.5176099934,16204.2064213515,0
"2002_RaSAWD_fsw","RaSAWD","B",2002,"fsw","RaSAWD_fsw","B",14127.3760856498,57322.75604,12475.5945018894,10823.8128608063,14127.3760856498,0
"2002_RaSAWD_fsw","RaSAWD","C",2002,"fsw","RaSAWD_fsw","C",26991.1735329987,57322.75604,30447.8006688933,28463.1393060144,32432.4597961846,-1471.96577301574
"2002_RaSAWD_fsw","RaSAWD","D",NA,NA,NA,NA,0,57322.75604,NA,NA,NA,0
"2002_RaSAWD_fsw","RaSAWD","E",NA,NA,NA,NA,0,57322.75604,NA,NA,NA,0
"2002_RaSPFI_fcd","RaSPFI","A",2002,"fcd","RaSPFI_fcd","A",41011.639555,1397847.76006,42185.9844321609,26655.9363554794,57716.0297131469,0
"2002_RaSPFI_fcd","RaSPFI","B",2002,"fcd","RaSPFI_fcd","B",271968.343849432,1397847.76006,311210.291759328,271968.343849432,350452.241067071,0
"2002_RaSPFI_fcd","RaSPFI","C",2002,"fcd","RaSPFI_fcd","C",399233.985712382,1397847.76006,344443.649782211,306667.329872413,382219.94453075,17014.0411816323
"2002_RaSPFI_fcd","RaSPFI","D",2002,"fcd","RaSPFI_fcd","D",253981.553173186,1397847.76006,288418.133816801,253981.553173186,322854.713062568,0
"2002_RaSPFI_fcd","RaSPFI","E",2002,"fcd","RaSPFI_fcd","E",431652.23777,1397847.76006,411589.710054433,371859.583384206,451319.836724661,0
"2002_RaSPFI_fmz","RaSPFI","A",2002,"fmz","RaSPFI_fmz","A",4591.98557915149,240805.525285,7267.32798170761,4591.98557915149,9942.66990265267,0
"2002_RaSPFI_fmz","RaSPFI","B",2002,"fmz","RaSPFI_fmz","B",46851.6542164384,240805.525285,53611.8166244272,46851.6542164384,60371.9792732216,0
"2002_RaSPFI_fmz","RaSPFI","C",2002,"fmz","RaSPFI_fmz","C",78994.8193707157,240805.525285,59336.8865958105,52829.2061322223,65844.5627248994,13150.2566458163
"2002_RaSPFI_fmz","RaSPFI","D",2002,"fmz","RaSPFI_fmz","D",43753.0917686944,240805.525285,49685.4394304663,43753.0917686944,55617.7868514326,0
"2002_RaSPFI_fmz","RaSPFI","E",2002,"fmz","RaSPFI_fmz","E",66613.97435,240805.525285,70904.056338227,64059.7959718098,77748.3167046443,0
"2002_RaSSHE_fss","RaSSHE","A",2002,"fss","RaSSHE_fss","A",134262.966520705,1853674.33433,99504.576505097,73062.1049080104,125947.042541161,8315.92397954449
"2002_RaSSHE_fss","RaSSHE","B",2002,"fss","RaSSHE_fss","B",251770.58233646,1853674.33433,190667.974411181,153383.235582744,227952.731776362,23817.8505600978
"2002_RaSSHE_fss","RaSSHE","C",NA,NA,NA,NA,166.382100900792,1853674.33433,6934.44368343311,166.382100900792,13702.5071196398,0
"2002_RaSSHE_fss","RaSSHE","D",2002,"fss","RaSSHE_fss","D",152698.831213394,1853674.33433,189845.115398452,152698.831213394,226991.382900441,0
"2002_RaSSHE_fss","RaSSHE","E",2002,"fss","RaSSHE_fss","E",1314775.57215854,1853674.33433,1366722.20950244,1314775.57215854,1418668.84870002,0
"2002_RaTAOAco_ftm","RaTAOAco","A",2002,"ftm","RaTAOAco_ftm","A",46128.4606329858,586701.13908,57065.5285350982,46128.4606329858,68002.5964372107,0
"2002_RaTAOAco_ftm","RaTAOAco","B",2002,"ftm","RaTAOAco_ftm","B",85614.2504869291,586701.13908,73287.755187144,60961.26047406,85614.2504869291,0
"2002_RaTAOAco_ftm","RaTAOAco","C",2002,"ftm","RaTAOAco_ftm","C",257416.691263391,586701.13908,278044.805855967,257416.691263391,298672.919861841,0
"2002_RaTAOAco_ftm","RaTAOAco","D",2002,"ftm","RaTAOAco_ftm","D",136632.987147984,586701.13908,153861.727179075,136632.987147984,171090.477770786,0
"2002_RaTAOAco_ftm","RaTAOAco","E",2002,"ftm","RaTAOAco_ftm","E",60908.7495487101,586701.13908,24441.3141089004,16848.8076276525,32033.8205901484,28874.9289585617
"2002_RaTAOAco_fto","RaTAOAco","A",2002,"fto","RaTAOAco_fto","A",3441.37694712539,26919.58038,2618.33492387049,2116.50995899295,3120.15988874803,321.217058377359
"2002_RaTAOAco_fto","RaTAOAco","B",2002,"fto","RaTAOAco_fto","B",3928.23457147249,26919.58038,3362.65857558029,2797.08260660767,3928.23457147249,0
"2002_RaTAOAco_fto","RaTAOAco","C",2002,"fto","RaTAOAco_fto","C",11811.0377670046,26919.58038,12757.5165649382,11811.0377670046,13703.9953359521,0
"2002_RaTAOAco_fto","RaTAOAco","D",2002,"fto","RaTAOAco_fto","D",6269.12483220545,26919.58038,7059.63028927742,6269.12483220545,7850.13623090184,0
"2002_RaTAOAco_fto","RaTAOAco","E",2002,"fto","RaTAOAco_fto","E",1469.80626219206,26919.58038,1121.43964945952,773.073036726971,1469.80626219206,2.27373675443232e-13
