"strataID","BpS","SCLASS","YEAR","ew","PVT","BpS_Code","sclass","AREA_TOTAL","AREA_STRATA","avg","low","high","departure"
"2010_eastside_Na0210290_fdw","Na0210290","A",2010,"eastside","fdw","Na0210290_fdw","A",718.457915948098,9646.16073,893.040036290005,718.457915948098,1067.62214698575,0
"2010_eastside_Na0210290_fdw","Na0210290","B",2010,"eastside","fdw","Na0210290_fdw","B",703.238782317947,9646.16073,105.424260372994,45.695541809977,165.15297893601,538.085803381937
"2010_eastside_Na0210290_fdw","Na0210290","C",2010,"eastside","fdw","Na0210290_fdw","C",1805.95201254595,9646.16073,2043.0298237178,1805.95201254595,2280.10781816669,0
"2010_eastside_Na0210290_fdw","Na0210290","D",2010,"eastside","fdw","Na0210290_fdw","D",5967.57578609143,9646.16073,6262.48386457918,5967.57578609143,6557.39194306692,0
"2010_eastside_Na0210290_fdw","Na0210290","E",2010,"eastside","fdw","Na0210290_fdw","E",450.936233096571,9646.16073,342.182638932261,233.42902547563,450.936233096572,0
"2010_eastside_Na0210290_fwo","Na0210290","A",2010,"eastside","fwo","Na0210290_fwo","A",24098.944595,216308.93843,20025.8473430371,16110.9557942607,23940.7386755047,158.205919495347
"2010_eastside_Na0210290_fwo","Na0210290","B",2010,"eastside","fwo","Na0210290_fwo","B",7781.68772900278,216308.93843,2364.07110397073,1024.6930790982,3703.44912884326,4078.23860015952
"2010_eastside_Na0210290_fwo","Na0210290","C",2010,"eastside","fwo","Na0210290_fwo","C",40497.3101344266,216308.93843,45813.6272781375,40497.3101344266,51129.9485317181,0
"2010_eastside_Na0210290_fwo","Na0210290","D",2010,"eastside","fwo","Na0210290_fwo","D",133819.041525551,216308.93843,140432.165148271,133819.041525551,147045.288770991,0
"2010_eastside_Na0210290_fwo","Na0210290","E",2010,"eastside","fwo","Na0210290_fwo","E",10111.9544460195,216308.93843,7673.22517718544,5234.49547573347,10111.9544460195,0
"2010_eastside_Na0210350_fvg","Na0210350","A",2010,"eastside","fvg","Na0210350_fvg","A",125.106795664989,1960.63432,99.1231775983322,73.1395556104066,125.106795664989,0
"2010_eastside_Na0210350_fvg","Na0210350","B",2010,"eastside","fvg","Na0210350_fvg","B",235.820849275663,1960.63432,199.648936130797,163.477003379588,235.820849275663,2.8421709430404e-14
"2010_eastside_Na0210350_fvg","Na0210350","C",2010,"eastside","fvg","Na0210350_fvg","C",210.951693008546,1960.63432,176.32481852687,141.697926399485,210.951693008546,0
"2010_eastside_Na0210350_fvg","Na0210350","D",2010,"eastside","fvg","Na0210350_fvg","D",706.340943436621,1960.63432,861.719142866779,797.356360907949,926.081924825608,-91.0154174713285
"2010_eastside_Na0210350_fvg","Na0210350","E",2010,"eastside","fvg","Na0210350_fvg","E",682.414038614181,1960.63432,623.818264483565,565.222527605001,682.414038614181,0
"2010_eastside_Na0710270_fdd","Na0710270","A",2010,"eastside","fdd","Na0710270_fdd","A",102809.49051231,1403267.971,126668.321246755,102809.49051231,150527.153384467,0
"2010_eastside_Na0710270_fdd","Na0710270","B",2010,"eastside","fdd","Na0710270_fdd","B",216048.660764176,1403267.971,88517.0813368259,66538.0641665293,110496.091490783,105552.569273394
"2010_eastside_Na0710270_fdd","Na0710270","C",2010,"eastside","fdd","Na0710270_fdd","C",249311.717732421,1403267.971,281363.059824046,249311.717732421,313414.401915672,0
"2010_eastside_Na0710270_fdd","Na0710270","D",2010,"eastside","fdd","Na0710270_fdd","D",554930.270048274,1403267.971,593265.868497696,554930.270048274,631601.415026204,0
"2010_eastside_Na0710270_fdd","Na0710270","E",2010,"eastside","fdd","Na0710270_fdd","E",280167.831942819,1403267.971,313453.640094677,280167.831942819,346739.473505358,0
"2010_eastside_Na0710412_fmc","Na0710412","A",2010,"eastside","fmc","Na0710412_fmc","A",2101.47568062766,16639.371505,2454.47994710624,2101.47568062766,2807.48421358481,0
"2010_eastside_Na0710412_fmc","Na0710412","B",2010,"eastside","fmc","Na0710412_fmc","B",3355.53189824944,16639.371505,3775.67945646122,3355.53189824944,4195.82669852494,0
"2010_eastside_Na0710412_fmc","Na0710412","C",2010,"eastside","fmc","Na0710412_fmc","C",2274.2629909816,16639.371505,2652.80401705696,2274.2629909816,3031.34489337797,0
"2010_eastside_Na0710412_fmc","Na0710412","D",2010,"eastside","fmc","Na0710412_fmc","D",798.620445,16639.371505,819.713228873537,584.05510156836,1055.37137281808,0
"2010_eastside_Na0710412_fmc","Na0710412","E",2010,"eastside","fmc","Na0710412_fmc","E",8109.4804901413,16639.371505,6936.69477230519,6486.19323997033,7387.19695357554,722.283536565757
"2010_eastside_Na0710412_fmh","Na0710412","A",2010,"eastside","fmh","Na0710412_fmh","A",179263.523772937,1419398.947535,209376.072444892,179263.523772937,239488.621116847,0
"2010_eastside_Na0710412_fmh","Na0710412","B",2010,"eastside","fmh","Na0710412_fmh","B",357919.28788512,1419398.947535,322079.199032258,286239.083210816,357919.28788512,0
"2010_eastside_Na0710412_fmh","Na0710412","C",2010,"eastside","fmh","Na0710412_fmh","C",162034.331331349,1419398.947535,226293.8374022,194002.910196883,258584.751832926,-31968.5788655339
"2010_eastside_Na0710412_fmh","Na0710412","D",2010,"eastside","fmh","Na0710412_fmh","D",90027.0190725907,1419398.947535,69924.5217281189,49822.025803046,90027.0190725907,0
"2010_eastside_Na0710412_fmh","Na0710412","E",2010,"eastside","fmh","Na0710412_fmh","E",630154.785473004,1419398.947535,591725.309830537,553295.889544629,630154.785473004,0
"2010_eastside_Na0710412_fmi","Na0710412","A",2010,"eastside","fmi","Na0710412_fmi","A",6132.70031055327,48558.391485,7162.86658590755,6132.70031055327,8193.03286126182,0
"2010_eastside_Na0710412_fmi","Na0710412","B",2010,"eastside","fmi","Na0710412_fmi","B",12244.6088404821,48558.391485,11018.5003750666,9792.39098704175,12244.6088404821,0
"2010_eastside_Na0710412_fmi","Na0710412","C",2010,"eastside","fmi","Na0710412_fmi","C",5543.28049098671,48558.391485,7741.63230591517,6636.94254453943,8846.32163026539,-1093.66205355272
"2010_eastside_Na0710412_fmi","Na0710412","D",2010,"eastside","fmi","Na0710412_fmi","D",3079.87211343668,48558.391485,2392.15500784473,1704.43795081116,3079.87211343668,0
"2010_eastside_Na0710412_fmi","Na0710412","E",2010,"eastside","fmi","Na0710412_fmi","E",21557.9297295412,48558.391485,20243.2369674739,18928.5460991839,21557.9297295412,0
"2010_eastside_Na1010471_frn","Na1010471","A",2010,"eastside","frn","Na1010471_frn","A",69108.0685823192,685999.617,82914.8954398386,69108.0685823192,96721.7291573543,0
"2010_eastside_Na1010471_frn","Na1010471","B",2010,"eastside","frn","Na1010471_frn","B",259323.001411544,685999.617,239589.548090915,219856.094084287,259323.001411544,0
"2010_eastside_Na1010471_frn","Na1010471","C",2010,"eastside","frn","Na1010471_frn","C",60716.8307152258,685999.617,33972.0428490909,24387.5731321899,43556.5132519914,17160.3174632344
"2010_eastside_Na1010471_frn","Na1010471","D",2010,"eastside","frn","Na1010471_frn","D",51718.2012412447,685999.617,64087.837635161,51718.2012412447,76457.4733430778,0
"2010_eastside_Na1010471_frn","Na1010471","E",2010,"eastside","frn","Na1010471_frn","E",245133.515049667,685999.617,265435.302588989,245133.515049667,285737.064746325,0
"2010_eastside_R1RFWF_fcw","R1RFWF","A",2010,"eastside","fcw","R1RFWF_fcw","A",22106.4386521137,149284.8677,25267.7297939031,22106.4386521137,28429.0224285412,0
"2010_eastside_R1RFWF_fcw","R1RFWF","B",2010,"eastside","fcw","R1RFWF_fcw","B",42057.2901452649,149284.8677,37565.4369664711,33601.7660842158,41529.1050123139,528.185132951032
"2010_eastside_R1RFWF_fcw","R1RFWF","C",2010,"eastside","fcw","R1RFWF_fcw","C",10295.0067826214,149284.8677,13097.5269761226,10295.0067826214,15900.0479160481,0
"2010_eastside_R1RFWF_fcw","R1RFWF","D",2010,"eastside","fcw","R1RFWF_fcw","D",21540.9739966877,149284.8677,24781.9719121789,21540.9739966877,28022.9741569313,0
"2010_eastside_R1RFWF_fcw","R1RFWF","E",2010,"eastside","fcw","R1RFWF_fcw","E",53285.1581233123,149284.8677,48572.2005584757,44667.7466539758,52476.6571501032,808.500973209149
"2010_eastside_R1RFWF_frm","R1RFWF","A",2010,"eastside","frm","R1RFWF_frm","A",563.084182096118,3802.50971,643.607013699841,563.084182096118,724.12988332866,0
"2010_eastside_R1RFWF_frm","R1RFWF","B",2010,"eastside","frm","R1RFWF_frm","B",1057.80865462048,3802.50971,956.848078617409,855.887430366656,1057.80865462048,0
"2010_eastside_R1RFWF_frm","R1RFWF","C",2010,"eastside","frm","R1RFWF_frm","C",262.229279220064,3802.50971,333.613676128093,262.229279220064,404.99809204867,0
"2010_eastside_R1RFWF_frm","R1RFWF","D",2010,"eastside","frm","R1RFWF_frm","D",548.680948358857,3802.50971,631.234031156981,548.680948358857,713.787224227888,0
"2010_eastside_R1RFWF_frm","R1RFWF","E",2010,"eastside","frm","R1RFWF_frm","E",1370.70664570448,3802.50971,1237.20687237258,1137.754569451,1336.65924373933,34.0474019651508
"2010_eastside_RaABAMlw_fsi","RaABAMlw","A",2010,"eastside","fsi","RaABAMlw_fsi","A",52056.2864876052,470463.056405,61886.5513614534,52056.2864876052,71716.8162353016,0
"2010_eastside_RaABAMlw_fsi","RaABAMlw","B",2010,"eastside","fsi","RaABAMlw_fsi","B",110844.117402766,470463.056405,97965.0604449497,85085.994077872,110844.117402766,0
"2010_eastside_RaABAMlw_fsi","RaABAMlw","C",2010,"eastside","fsi","RaABAMlw_fsi","C",33581.4243211434,470463.056405,13938.4781301802,9449.78258161122,18427.1722673601,15154.2520537834
"2010_eastside_RaABAMlw_fsi","RaABAMlw","D",2010,"eastside","fsi","RaABAMlw_fsi","D",27522.1287890523,470463.056405,36125.4598851363,27522.1287890523,44728.7890993681,0
"2010_eastside_RaABAMlw_fsi","RaABAMlw","E",2010,"eastside","fsi","RaABAMlw_fsi","E",246459.099404433,470463.056405,260547.50658328,246459.099404433,274635.913762128,0
"2010_eastside_RaABAMlw_fsw","RaABAMlw","A",2010,"eastside","fsw","RaABAMlw_fsw","A",2433.95687443081,21997.08945,2893.58322086402,2433.95687443081,3353.20956729723,0
"2010_eastside_RaABAMlw_fsw","RaABAMlw","B",2010,"eastside","fsw","RaABAMlw_fsw","B",5182.65553972845,21997.08945,4580.47910084383,3978.30222201742,5182.65553972845,0
"2010_eastside_RaABAMlw_fsw","RaABAMlw","C",2010,"eastside","fsw","RaABAMlw_fsw","C",1570.14155435552,21997.08945,651.711002707299,441.836420311418,861.585519111912,708.556035243612
"2010_eastside_RaABAMlw_fsw","RaABAMlw","D",2010,"eastside","fsw","RaABAMlw_fsw","D",1286.8316025776,21997.08945,1689.09112351565,1286.8316025776,2091.35055646535,0
"2010_eastside_RaABAMlw_fsw","RaABAMlw","E",2010,"eastside","fsw","RaABAMlw_fsw","E",11523.5038789076,21997.08945,12182.2250020692,11523.5038789076,12840.9461252308,0
"2010_eastside_RaABAMlw_fwc","RaABAMlw","A",2010,"eastside","fwc","RaABAMlw_fwc","A",1262.23216982159,11407.52913,1500.59101942169,1262.23216982159,1738.94986902178,0
"2010_eastside_RaABAMlw_fwc","RaABAMlw","B",2010,"eastside","fwc","RaABAMlw_fwc","B",2687.68712218007,11407.52913,2375.40284095322,2063.11833157579,2687.68712218007,0
"2010_eastside_RaABAMlw_fwc","RaABAMlw","C",2010,"eastside","fwc","RaABAMlw_fwc","C",814.263885240242,11407.52913,337.972542441292,229.133124491496,446.811926168501,367.451959071741
"2010_eastside_RaABAMlw_fwc","RaABAMlw","D",2010,"eastside","fwc","RaABAMlw_fwc","D",667.341423744976,11407.52913,875.950258716126,667.341423744976,1084.55904805716,0
"2010_eastside_RaABAMlw_fwc","RaABAMlw","E",2010,"eastside","fwc","RaABAMlw_fwc","E",5976.00452901312,11407.52913,6317.61246846767,5976.00452901312,6659.22040792223,0
"2010_eastside_RaABLA_faf","RaABLA","A",2010,"eastside","faf","RaABLA_faf","A",1988.70766966492,15372.83198,2346.09666646367,1988.70766966492,2703.48564788959,0
"2010_eastside_RaABLA_faf","RaABLA","B",2010,"eastside","faf","RaABLA_faf","B",4166.33977332089,15372.83198,3252.8575036018,2853.5963098854,3652.11869731821,514.221076002679
"2010_eastside_RaABLA_faf","RaABLA","C",2010,"eastside","faf","RaABLA_faf","C",221.384845121419,15372.83198,134.642687558686,47.9005299959536,221.384845121419,0
"2010_eastside_RaABLA_faf","RaABLA","D",2010,"eastside","faf","RaABLA_faf","D",246.101330497359,15372.83198,400.764502955727,246.101330497359,555.427706159759,-2.8421709430404e-14
"2010_eastside_RaABLA_faf","RaABLA","E",2010,"eastside","faf","RaABLA_faf","E",8750.29836139541,15372.83198,9238.47069628427,8750.29836139541,9726.64244700551,0
"2010_eastside_RaDFHEdy_fwi","RaDFHEdy","A",2010,"eastside","fwi","RaDFHEdy_fwi","A",38637.6013776591,499288.78433,28162.5771048932,21041.8877245215,35283.2689817088,3354.33239595029
"2010_eastside_RaDFHEdy_fwi","RaDFHEdy","B",2010,"eastside","fwi","RaDFHEdy_fwi","B",95355.1795961102,499288.78433,84830.7631803544,74306.3377774006,95355.1795961102,0
"2010_eastside_RaDFHEdy_fwi","RaDFHEdy","C",2010,"eastside","fwi","RaDFHEdy_fwi","C",36164.5271668484,499288.78433,29295.1972356159,22425.8648079394,36164.5271668484,0
"2010_eastside_RaDFHEdy_fwi","RaDFHEdy","D",2010,"eastside","fwi","RaDFHEdy_fwi","D",64624.3558494925,499288.78433,76499.3109802021,64624.3558494925,88374.2711037995,0
"2010_eastside_RaDFHEdy_fwi","RaDFHEdy","E",2010,"eastside","fwi","RaDFHEdy_fwi","E",264507.12033989,499288.78433,280500.935828934,264507.12033989,296494.75081869,0
"2010_eastside_RaDFHEdy_fwx","RaDFHEdy","A",2010,"eastside","fwx","RaDFHEdy_fwx","A",4669.09663734667,110789.849965,6249.14436294776,4669.09663734667,7829.1926424981,0
"2010_eastside_RaDFHEdy_fwx","RaDFHEdy","B",2010,"eastside","fwx","RaDFHEdy_fwx","B",21158.8691202329,110789.849965,18823.5502581531,16488.2294018559,21158.8691202329,0
"2010_eastside_RaDFHEdy_fwx","RaDFHEdy","C",2010,"eastside","fwx","RaDFHEdy_fwx","C",11929.1464207854,110789.849965,6500.46748152832,4976.1946900951,8024.73971901228,3904.40670177315
"2010_eastside_RaDFHEdy_fwx","RaDFHEdy","D",2010,"eastside","fwx","RaDFHEdy_fwx","D",14339.8428191367,110789.849965,16974.8399161331,14339.8428191367,19609.838121028,0
"2010_eastside_RaDFHEdy_fwx","RaDFHEdy","E",2010,"eastside","fwx","RaDFHEdy_fwx","E",58692.8949674983,110789.849965,62241.8479462377,58692.8949674983,65790.8008141873,0
"2010_eastside_RaDFHEwt_fdm","RaDFHEwt","A",2010,"eastside","fdm","RaDFHEwt_fdm","A",690.091685,18634.92184,863.213464869733,607.393332389901,1119.03365325433,0
"2010_eastside_RaDFHEwt_fdm","RaDFHEwt","B",2010,"eastside","fdm","RaDFHEwt_fdm","B",3595.99169435439,18634.92184,3168.47980896211,2740.96775585552,3595.99169435439,0
"2010_eastside_RaDFHEwt_fdm","RaDFHEwt","C",2010,"eastside","fdm","RaDFHEwt_fdm","C",211.200340197543,18634.92184,112.772900594362,14.3454423562596,211.200340197544,0
"2010_eastside_RaDFHEwt_fdm","RaDFHEwt","D",2010,"eastside","fdm","RaDFHEwt_fdm","D",870.776634247716,18634.92184,647.941077456478,425.105502030319,870.776634247716,0
"2010_eastside_RaDFHEwt_fdm","RaDFHEwt","E",2010,"eastside","fdm","RaDFHEwt_fdm","E",13266.8614862004,18634.92184,13842.5144763078,13316.1296835057,14368.9006853639,-49.2681973053877
"2010_eastside_RaDFHEwt_fhc","RaDFHEwt","A",2010,"eastside","fhc","RaDFHEwt_fhc","A",1880.27622138912,31311.659235,1450.4297947227,1020.58346199126,1880.27622138912,0
"2010_eastside_RaDFHEwt_fhc","RaDFHEwt","B",2010,"eastside","fhc","RaDFHEwt_fhc","B",6042.22907465197,31311.659235,5323.89461694675,4605.55987743659,6042.22907465197,0
"2010_eastside_RaDFHEwt_fhc","RaDFHEwt","C",2010,"eastside","fhc","RaDFHEwt_fhc","C",354.873132249293,31311.659235,189.488674257472,24.1041849539915,354.873132249293,5.6843418860808e-14
"2010_eastside_RaDFHEwt_fhc","RaDFHEwt","D",2010,"eastside","fhc","RaDFHEwt_fhc","D",1031.46801,31311.659235,1088.71453263235,714.291089213227,1463.13794473982,0
"2010_eastside_RaDFHEwt_fhc","RaDFHEwt","E",2010,"eastside","fhc","RaDFHEwt_fhc","E",22002.8127967096,31311.659235,23259.1314285708,22374.6640076597,24143.6012291679,-371.851210950106
"2010_eastside_RaDFHEwt_fwm","RaDFHEwt","A",2010,"eastside","fwm","RaDFHEwt_fwm","A",18417.5001026028,306700.94139,14207.1098859018,9996.72058930362,18417.5001026028,0
"2010_eastside_RaDFHEwt_fwm","RaDFHEwt","B",2010,"eastside","fwm","RaDFHEwt_fwm","B",59184.2588532752,306700.94139,52148.0985285359,45111.935443488,59184.2588532752,0
"2010_eastside_RaDFHEwt_fwm","RaDFHEwt","C",2010,"eastside","fwm","RaDFHEwt_fwm","C",3476.01904191699,306700.94139,1856.06116690704,236.102985196143,3476.01904191699,0
"2010_eastside_RaDFHEwt_fwm","RaDFHEwt","D",2010,"eastside","fwm","RaDFHEwt_fwm","D",10725.66606,306700.94139,10664.0714743751,6996.55511207486,14331.5875299743,0
"2010_eastside_RaDFHEwt_fwm","RaDFHEwt","E",2010,"eastside","fwm","RaDFHEwt_fwm","E",214897.497332205,306700.94139,227825.598494075,219162.148608321,236489.071689099,-4264.65127611635
"2010_eastside_RaDFHEwt_fwn","RaDFHEwt","A",2010,"eastside","fwn","RaDFHEwt_fwn","A",10653.0155471863,177401.37797,8217.64960781552,5782.28420064887,10653.0155471863,1.81898940354586e-12
"2010_eastside_RaDFHEwt_fwn","RaDFHEwt","B",2010,"eastside","fwn","RaDFHEwt_fwn","B",34233.2469770715,177401.37797,30163.4044406596,26093.5603076352,34233.2469770715,0
"2010_eastside_RaDFHEwt_fwn","RaDFHEwt","C",2010,"eastside","fwn","RaDFHEwt_fwn","C",2010.59235453048,177401.37797,1073.57938685692,136.566241781976,2010.59235453048,0
"2010_eastside_RaDFHEwt_fwn","RaDFHEwt","D",2010,"eastside","fwn","RaDFHEwt_fwn","D",7206.93237,177401.37797,6168.29203637517,4046.93416427054,8289.64973107842,0
"2010_eastside_RaDFHEwt_fwn","RaDFHEwt","E",2010,"eastside","fwn","RaDFHEwt_fwn","E",123297.590721212,177401.37797,131778.451433885,126767.355149859,136789.561200415,-3469.764428647
"2010_eastside_RaDFHEwt_fww","RaDFHEwt","A",2010,"eastside","fww","RaDFHEwt_fww","A",1938.62377283876,32283.30299,1495.43862167534,1052.25356736183,1938.62377283876,2.27373675443232e-13
"2010_eastside_RaDFHEwt_fww","RaDFHEwt","B",2010,"eastside","fww","RaDFHEwt_fww","B",6229.72773457934,32283.30299,5489.10237288234,4748.47672063562,6229.72773457934,0
"2010_eastside_RaDFHEwt_fww","RaDFHEwt","C",2010,"eastside","fww","RaDFHEwt_fww","C",365.885332534798,32283.30299,195.368767854674,24.8521708912468,365.885332534798,0
"2010_eastside_RaDFHEwt_fww","RaDFHEwt","D",2010,"eastside","fww","RaDFHEwt_fww","D",1508.54112302686,32283.30299,1122.49883862108,736.456521931989,1508.54112302686,0
"2010_eastside_RaDFHEwt_fww","RaDFHEwt","E",2010,"eastside","fww","RaDFHEwt_fww","E",22240.5250270202,32283.30299,23980.8941952668,23068.9805365317,24892.8103075329,-828.455509511412
"2010_eastside_RaDFWV_fwx","RaDFWV","A",2010,"eastside","fwx","RaDFWV_fwx","A",4028.55124828243,38536.827995,4778.88957146177,4028.55124828243,5529.22828000939,0
"2010_eastside_RaDFWV_fwx","RaDFWV","B",2010,"eastside","fwx","RaDFWV_fwx","B",7144.23872377843,38536.827995,6264.94241648022,5385.64533844546,7144.23872377843,0
"2010_eastside_RaDFWV_fwx","RaDFWV","C",2010,"eastside","fwx","RaDFWV_fwx","C",2554.40354699964,38536.827995,3242.00857715931,2554.40354699964,3929.61376146629,0
"2010_eastside_RaDFWV_fwx","RaDFWV","D",2010,"eastside","fwx","RaDFWV_fwx","D",11153.2778126263,38536.827995,12248.9498154038,11153.2778126263,13344.6218181813,0
"2010_eastside_RaDFWV_fwx","RaDFWV","E",2010,"eastside","fwx","RaDFWV_fwx","E",13656.3566633132,38536.827995,12002.0372676635,10877.7254650566,13126.3497639332,530.006899380025
"2010_eastside_RaMCONdy_fdd","RaMCONdy","A",2010,"eastside","fdd","RaMCONdy_fdd","A",502076.060865,4248197.74101,593302.795222123,495620.772925588,690984.813270461,0
"2010_eastside_RaMCONdy_fdd","RaMCONdy","B",2010,"eastside","fdd","RaMCONdy_fdd","B",463992.700059668,4248197.74101,27878.6914704346,7704.37423977932,48053.0087010899,415939.691358578
"2010_eastside_RaMCONdy_fdd","RaMCONdy","C",2010,"eastside","fdd","RaMCONdy_fdd","C",1221642.39315154,4248197.74101,1343007.90544432,1221642.39315154,1464373.42198529,0
"2010_eastside_RaMCONdy_fdd","RaMCONdy","D",2010,"eastside","fdd","RaMCONdy_fdd","D",1624697.4139998,4248197.74101,1760929.69395254,1624697.4139998,1897161.96965708,0
"2010_eastside_RaMCONdy_fdd","RaMCONdy","E",2010,"eastside","fdd","RaMCONdy_fdd","E",435789.172933994,4248197.74101,523078.629431403,435789.172933994,610368.090177009,0
"2010_eastside_RaMCONdy_fdg","RaMCONdy","A",2010,"eastside","fdg","RaMCONdy_fdg","A",122431.267933061,1049415.73129,146561.277200905,122431.267933061,170691.285419333,0
"2010_eastside_RaMCONdy_fdg","RaMCONdy","B",2010,"eastside","fdg","RaMCONdy_fdg","B",111958.183480808,1049415.73129,6886.76450119734,1903.18154188549,11870.3474605092,100087.836020299
"2010_eastside_RaMCONdy_fdg","RaMCONdy","C",2010,"eastside","fdg","RaMCONdy_fdg","C",301777.559224254,1049415.73129,331758.008723253,301777.559224254,361738.459271667,0
"2010_eastside_RaMCONdy_fdg","RaMCONdy","D",2010,"eastside","fdg","RaMCONdy_fdg","D",401342.670181877,1049415.73129,434995.599355065,401342.670181877,468648.527478837,0
"2010_eastside_RaMCONdy_fdg","RaMCONdy","E",2010,"eastside","fdg","RaMCONdy_fdg","E",111906.05047,1049415.73129,129214.075213086,107651.300971236,150776.850504351,0
"2010_eastside_RaMCONdy_fdx","RaMCONdy","A",2010,"eastside","fdx","RaMCONdy_fdx","A",696.54114,4451.680715,621.721203358576,519.36034320796,724.082059057511,0
"2010_eastside_RaMCONdy_fdx","RaMCONdy","B",2010,"eastside","fdx","RaMCONdy_fdx","B",132.860005625176,4451.680715,29.2140434001696,8.07340343253755,50.3546833678017,82.5053222573747
"2010_eastside_RaMCONdy_fdx","RaMCONdy","C",2010,"eastside","fdx","RaMCONdy_fdx","C",1280.15742528176,4451.680715,1407.33618283446,1280.15742528176,1534.51494483885,0
"2010_eastside_RaMCONdy_fdx","RaMCONdy","D",2010,"eastside","fdx","RaMCONdy_fdx","D",1702.51824103973,4451.680715,1845.27586448357,1702.51824103973,1988.03348347573,0
"2010_eastside_RaMCONdy_fdx","RaMCONdy","E",2010,"eastside","fdx","RaMCONdy_fdx","E",639.603903053339,4451.680715,548.13339421314,456.662889824623,639.603903053339,0
"2010_eastside_RaMCONdy_fmd","RaMCONdy","A",2010,"eastside","fmd","RaMCONdy_fmd","A",293689.05473,2050495.021305,286371.892717044,239223.310517942,333520.472865651,0
"2010_eastside_RaMCONdy_fmd","RaMCONdy","B",2010,"eastside","fmd","RaMCONdy_fmd","B",105777.904596608,2050495.021305,13456.3223149385,3718.70190232296,23193.9427275541,82583.9618690535
"2010_eastside_RaMCONdy_fmd","RaMCONdy","C",2010,"eastside","fmd","RaMCONdy_fmd","C",589655.142648045,2050495.021305,648235.132066171,589655.142648045,706815.123534792,0
"2010_eastside_RaMCONdy_fmd","RaMCONdy","D",2010,"eastside","fmd","RaMCONdy_fmd","D",784199.362090348,2050495.021305,849955.155208797,784199.362090348,915710.946276751,0
"2010_eastside_RaMCONdy_fmd","RaMCONdy","E",2010,"eastside","fmd","RaMCONdy_fmd","E",277173.55724,2050495.021305,252476.50669508,210344.146839862,294608.868600792,0
"2010_eastside_RaMCONdy_fmx","RaMCONdy","A",2010,"eastside","fmx","RaMCONdy_fmx","A",69552.824340846,596169.8286,83261.0079142362,69552.824340846,96969.1908914566,0
"2010_eastside_RaMCONdy_fmx","RaMCONdy","B",2010,"eastside","fmx","RaMCONdy_fmx","B",58354.6258994396,596169.8286,3912.34959594179,1081.1915428653,6743.50764901827,51611.1182504213
"2010_eastside_RaMCONdy_fmx","RaMCONdy","C",2010,"eastside","fmx","RaMCONdy_fmx","C",179104.47888,596169.8286,188470.697836873,171438.897277529,205502.498992387,0
"2010_eastside_RaMCONdy_fmx","RaMCONdy","D",2010,"eastside","fmx","RaMCONdy_fmx","D",228001.528620191,596169.8286,247119.653514703,228001.528620191,266237.777813044,0
"2010_eastside_RaMCONdy_fmx","RaMCONdy","E",2010,"eastside","fmx","RaMCONdy_fmx","E",61156.3708595229,596169.8286,73406.116161227,61156.3708595229,85655.8620591009,0
"2010_eastside_RaMCONms_fcm","RaMCONms","A",2010,"eastside","fcm","RaMCONms_fcm","A",273704.701319282,2203967.80925,319929.014075439,273704.701319282,366153.346667307,0
"2010_eastside_RaMCONms_fcm","RaMCONms","B",2010,"eastside","fcm","RaMCONms_fcm","B",915293.512002668,2203967.80925,978667.760034013,915293.512002668,1042041.92211061,0
"2010_eastside_RaMCONms_fcm","RaMCONms","C",2010,"eastside","fcm","RaMCONms_fcm","C",475442.133167316,2203967.80925,275837.782911883,230295.232334032,321380.353325444,154061.779841872
"2010_eastside_RaMCONms_fcm","RaMCONms","D",2010,"eastside","fcm","RaMCONms_fcm","D",171690.39488555,2203967.80925,212501.64148396,171690.39488555,253312.90791808,0
"2010_eastside_RaMCONms_fcm","RaMCONms","E",2010,"eastside","fcm","RaMCONms_fcm","E",367837.067875184,2203967.80925,417031.612948672,367837.067875184,466226.199897549,0
"2010_eastside_RaMCONms_fmm","RaMCONms","A",2010,"eastside","fmm","RaMCONms_fmm","A",219758.04504762,1769570.105205,256871.637017358,219758.04504762,293985.244913227,0
"2010_eastside_RaMCONms_fmm","RaMCONms","B",2010,"eastside","fmm","RaMCONms_fmm","B",734890.967794663,1769570.105205,785774.276654912,734890.967794663,836657.516501928,0
"2010_eastside_RaMCONms_fmm","RaMCONms","C",2010,"eastside","fmm","RaMCONms_fmm","C",329909.049216316,1769570.105205,221470.700469531,184904.496698716,258036.920166477,71872.1290498392
"2010_eastside_RaMCONms_fmm","RaMCONms","D",2010,"eastside","fmm","RaMCONms_fmm","D",137850.557011402,1769570.105205,170617.987476401,137850.557011402,203385.43386753,0
"2010_eastside_RaMCONms_fmm","RaMCONms","E",2010,"eastside","fmm","RaMCONms_fmm","E",347161.486135,1769570.105205,334835.505356368,295337.107995098,374333.936339471,0
"2010_eastside_RaMCONsw_fdm","RaMCONsw","A",2010,"eastside","fdm","RaMCONsw_fdm","A",31253.831166954,252622.9284,36871.6517647795,31253.831166954,42489.4748888343,0
"2010_eastside_RaMCONsw_fdm","RaMCONsw","B",2010,"eastside","fdm","RaMCONsw_fdm","B",19549.0098268761,252622.9284,7259.65667129685,4568.47017275607,9950.84342246055,9598.16640441553
"2010_eastside_RaMCONsw_fdm","RaMCONsw","C",2010,"eastside","fdm","RaMCONsw_fdm","C",27018.9730650825,252622.9284,31798.2691974889,27018.9730650825,36577.563056289,0
"2010_eastside_RaMCONsw_fdm","RaMCONsw","D",2010,"eastside","fdm","RaMCONsw_fdm","D",123302.864823235,252622.9284,131011.56279173,123302.864823235,138720.260760225,0
"2010_eastside_RaMCONsw_fdm","RaMCONsw","E",2010,"eastside","fdm","RaMCONsw_fdm","E",51498.249517852,252622.9284,45681.7902483109,39865.3309787699,51498.249517852,0
"2010_eastside_RaMCONsw_fiw","RaMCONsw","A",2010,"eastside","fiw","RaMCONsw_fiw","A",136742.059714303,1105278.24176,161321.201885658,136742.059714303,185900.355109795,0
"2010_eastside_RaMCONsw_fiw","RaMCONsw","B",2010,"eastside","fiw","RaMCONsw_fiw","B",73615.3629947914,1105278.24176,31762.5189932373,19988.0141998894,43537.0248918635,30078.3381029279
"2010_eastside_RaMCONsw_fiw","RaMCONsw","C",2010,"eastside","fiw","RaMCONsw_fiw","C",130129.319165,1105278.24176,139124.090169528,118213.668223534,160034.502168017,0
"2010_eastside_RaMCONsw_fiw","RaMCONsw","D",2010,"eastside","fiw","RaMCONsw_fiw","D",539475.868239506,1105278.24176,573203.036991924,539475.868239506,606930.205744341,0
"2010_eastside_RaMCONsw_fiw","RaMCONsw","E",2010,"eastside","fiw","RaMCONsw_fiw","E",225315.6316464,1105278.24176,199867.403667158,174419.175687915,225315.6316464,0
"2010_eastside_RaMCONsw_fvw","RaMCONsw","A",2010,"eastside","fvw","RaMCONsw_fvw","A",13673.1384238483,110519.19525,16130.8607512036,13673.1384238483,18588.5841837508,0
"2010_eastside_RaMCONsw_fvw","RaMCONsw","B",2010,"eastside","fvw","RaMCONsw_fvw","B",8552.43365154769,110519.19525,3176.00392879866,1998.6453732227,4353.36259489381,4199.07105665389
"2010_eastside_RaMCONsw_fvw","RaMCONsw","C",2010,"eastside","fvw","RaMCONsw_fvw","C",11820.4439262384,110519.19525,13911.3228728186,11820.4439262384,16002.2008247261,0
"2010_eastside_RaMCONsw_fvw","RaMCONsw","D",2010,"eastside","fvw","RaMCONsw_fvw","D",53943.3751266875,110519.19525,57315.8286933501,53943.3751266875,60688.2822600128,0
"2010_eastside_RaMCONsw_fvw","RaMCONsw","E",2010,"eastside","fvw","RaMCONsw_fvw","E",22529.8041216781,110519.19525,19985.1799985018,17440.5558753255,22529.8041216781,0
"2010_eastside_RaMEVG_ftd","RaMEVG","A",2010,"eastside","ftd","RaMEVG_ftd","A",60888.42449133,430468.873975,71260.8143637336,60888.42449133,81633.2007923863,0
"2010_eastside_RaMEVG_ftd","RaMEVG","B",2010,"eastside","ftd","RaMEVG_ftd","B",39385.7616774711,430468.873975,32388.5301646128,25391.29649941,39385.7616774711,0
"2010_eastside_RaMEVG_ftd","RaMEVG","C",2010,"eastside","ftd","RaMEVG_ftd","C",207551.09362001,430468.873975,222228.833862823,207551.09362001,236906.573675167,0
"2010_eastside_RaMEVG_ftd","RaMEVG","D",2010,"eastside","ftd","RaMEVG_ftd","D",76488.5570794793,430468.873975,88152.5520199589,76488.5570794793,99816.538351061,0
"2010_eastside_RaMEVG_ftd","RaMEVG","E",2010,"eastside","ftd","RaMEVG_ftd","E",46155.0371067093,430468.873975,16438.1538951245,10989.1867680099,21887.1214527079,24267.9156540014
"2010_eastside_RaMEVG_fuc","RaMEVG","A",2010,"eastside","fuc","RaMEVG_fuc","A",21544.4632077359,108908.16587,18028.910009432,15404.7064374969,20653.1127101017,891.350497634241
"2010_eastside_RaMEVG_fuc","RaMEVG","B",2010,"eastside","fuc","RaMEVG_fuc","B",9964.55568570429,108908.16587,8194.26357794687,6423.97092564862,9964.55568570429,0
"2010_eastside_RaMEVG_fuc","RaMEVG","C",2010,"eastside","fuc","RaMEVG_fuc","C",52510.2052599992,108908.16587,56223.6578824852,52510.2052599992,59937.110396063,-7.27595761418343e-12
"2010_eastside_RaMEVG_fuc","RaMEVG","D",2010,"eastside","fuc","RaMEVG_fuc","D",19351.5233392988,108908.16587,22302.5016155083,19351.5233392988,25253.4777135545,0
"2010_eastside_RaMEVG_fuc","RaMEVG","E",2010,"eastside","fuc","RaMEVG_fuc","E",5537.41837726178,108908.16587,4158.83539842365,2780.2525284937,5537.41837726178,0
"2010_eastside_RaOAPI_fop","RaOAPI","A",2010,"eastside","fop","RaOAPI_fop","A",18775.661684085,84077.096935,21129.7155541251,18775.661684085,23483.7694241652,0
"2010_eastside_RaOAPI_fop","RaOAPI","B",2010,"eastside","fop","RaOAPI_fop","B",4233.75434396202,84077.096935,3201.0551204272,2168.35572873818,4233.75434396202,0
"2010_eastside_RaOAPI_fop","RaOAPI","C",2010,"eastside","fop","RaOAPI_fop","C",13948.6679200135,84077.096935,16130.6860929265,13948.6679200135,18312.7042658395,0
"2010_eastside_RaOAPI_fop","RaOAPI","D",2010,"eastside","fop","RaOAPI_fop","D",38143.4013472624,84077.096935,40946.3839515389,38143.4013472624,43749.369750745,0
"2010_eastside_RaOAPI_fop","RaOAPI","E",2010,"eastside","fop","RaOAPI_fop","E",8975.61163967713,84077.096935,2669.25478667169,1753.88288182804,3584.62677559243,5390.9848640847
"2010_eastside_RaPICOpu_fld","RaPICOpu","A",2010,"eastside","fld","RaPICOpu_fld","A",77852.260885,357333.388645,77287.4331633286,67595.781967157,86979.0775701657,0
"2010_eastside_RaPICOpu_fld","RaPICOpu","B",2010,"eastside","fld","RaPICOpu_fld","B",62021.0398083329,357333.388645,49555.0079159574,41840.3697991412,57269.646390107,4751.39341822596
"2010_eastside_RaPICOpu_fld","RaPICOpu","C",2010,"eastside","fld","RaPICOpu_fld","C",159777.195227926,357333.388645,170508.224552983,159777.195227926,181239.25387804,0
"2010_eastside_RaPICOpu_fld","RaPICOpu","D",2010,"eastside","fld","RaPICOpu_fld","D",32431.497238741,357333.388645,38909.8961881996,32431.497238741,45388.2983536587,0
"2010_eastside_RaPICOpu_fld","RaPICOpu","E",2010,"eastside","fld","RaPICOpu_fld","E",25251.395485,357333.388645,21072.8268245314,16015.1929323265,26130.4607167363,0
"2010_eastside_RaPICOpu_flp","RaPICOpu","A",2010,"eastside","flp","RaPICOpu_flp","A",4713.08588187006,24914.91185,5388.83195796219,4713.08588187006,6064.57756067099,0
"2010_eastside_RaPICOpu_flp","RaPICOpu","B",2010,"eastside","flp","RaPICOpu_flp","B",4978.22546554013,24914.91185,3455.20092212465,2917.30120510134,3993.10066406287,985.124801477257
"2010_eastside_RaPICOpu_flp","RaPICOpu","C",2010,"eastside","flp","RaPICOpu_flp","C",11140.3939884802,24914.91185,11888.6102430748,11140.3939884802,12636.8264976694,0
"2010_eastside_RaPICOpu_flp","RaPICOpu","D",2010,"eastside","flp","RaPICOpu_flp","D",2261.27174382101,24914.91185,2712.97523385017,2261.27174382101,3164.67894811354,0
"2010_eastside_RaPICOpu_flp","RaPICOpu","E",2010,"eastside","flp","RaPICOpu_flp","E",1821.93477028859,24914.91185,1469.29349298818,1116.65221568777,1821.93477028859,0
"2010_eastside_RaPICOpu_flw","RaPICOpu","A",2010,"eastside","flw","RaPICOpu_flw","A",14254.6552585172,75354.765035,16298.4388004303,14254.6552585172,18342.2209106028,0
"2010_eastside_RaPICOpu_flw","RaPICOpu","B",2010,"eastside","flw","RaPICOpu_flw","B",15056.5658231309,75354.765035,10450.2016785349,8823.33231480946,12077.0711176151,2979.49470551586
"2010_eastside_RaPICOpu_flw","RaPICOpu","C",2010,"eastside","flw","RaPICOpu_flw","C",33693.9490877329,75354.765035,35956.9175621866,33693.9490877329,38219.8860366404,0
"2010_eastside_RaPICOpu_flw","RaPICOpu","D",2010,"eastside","flw","RaPICOpu_flw","D",6839.18136904494,75354.765035,8205.35157914091,6839.18136904494,9571.52246742976,0
"2010_eastside_RaPICOpu_flw","RaPICOpu","E",2010,"eastside","flw","RaPICOpu_flw","E",5510.41349657409,75354.765035,4443.85541470735,3377.2973328406,5510.41349657409,0
"2010_eastside_RaPIJEsp_fjp","RaPIJEsp","A",2010,"eastside","fjp","RaPIJEsp_fjp","A",14723.4780385203,81797.103395,12269.56550925,10797.2174845458,13741.9127159832,981.565322537104
"2010_eastside_RaPIJEsp_fjp","RaPIJEsp","B",2010,"eastside","fjp","RaPIJEsp_fjp","B",2126.7246064729,81797.103395,817.97103395,0,2126.7246064729,0
"2010_eastside_RaPIJEsp_fjp","RaPIJEsp","C",2010,"eastside","fjp","RaPIJEsp_fjp","C",33700.4072531168,81797.103395,35990.7254938,33700.4072531168,38281.0437344832,0
"2010_eastside_RaPIJEsp_fjp","RaPIJEsp","D",2010,"eastside","fjp","RaPIJEsp_fjp","D",29446.9572222,81797.103395,31900.87032405,29446.9572222,34354.7834259,0
"2010_eastside_RaPIJEsp_fjp","RaPIJEsp","E",2010,"eastside","fjp","RaPIJEsp_fjp","E",1799.53627469,81797.103395,817.97103395,0,1799.53627469,6.82121026329696e-13
"2010_eastside_RaPIPOm_fdp","RaPIPOm","A",2010,"eastside","fdp","RaPIPOm_fdp","A",150468.072137121,1048723.860445,112969.747620642,93460.6270925691,132478.868148715,17989.2039884061
"2010_eastside_RaPIPOm_fdp","RaPIPOm","B",2010,"eastside","fdp","RaPIPOm_fdp","B",87321.9020497009,1048723.860445,72278.2152089632,57234.52417333,87321.9020497009,0
"2010_eastside_RaPIPOm_fdp","RaPIPOm","C",2010,"eastside","fdp","RaPIPOm_fdp","C",359361.586678807,1048723.860445,390167.369763851,359361.586678807,420973.112997388,0
"2010_eastside_RaPIPOm_fdp","RaPIPOm","D",2010,"eastside","fdp","RaPIPOm_fdp","D",411404.484132741,1048723.860445,444272.717974728,411404.484132741,477140.952865439,0
"2010_eastside_RaPIPOm_fdp","RaPIPOm","E",2010,"eastside","fdp","RaPIPOm_fdp","E",40167.8154466304,1048723.860445,29035.8360949129,17903.8556944715,40167.8154466304,0
"2010_eastside_RaPIPOm_fpd","RaPIPOm","A",2010,"eastside","fpd","RaPIPOm_fpd","A",87251.003515745,608117.110395,65507.0787232461,54194.4439588904,76819.7134876018,10431.2900281432
"2010_eastside_RaPIPOm_fpd","RaPIPOm","B",2010,"eastside","fpd","RaPIPOm_fpd","B",50634.8188989682,608117.110395,41911.5279390439,33188.2345466513,50634.8188989682,0
"2010_eastside_RaPIPOm_fpd","RaPIPOm","C",2010,"eastside","fpd","RaPIPOm_fpd","C",208380.8120713,608117.110395,226243.973671517,208380.8120713,244107.112163283,0
"2010_eastside_RaPIPOm_fpd","RaPIPOm","D",2010,"eastside","fpd","RaPIPOm_fpd","D",238558.609687959,608117.110395,257617.712032874,238558.609687959,276676.814985907,0
"2010_eastside_RaPIPOm_fpd","RaPIPOm","E",2010,"eastside","fpd","RaPIPOm_fpd","E",23291.8662210276,608117.110395,16836.8332312463,10381.7996333479,23291.8662210276,0
"2010_eastside_RaPIPOm_fpl","RaPIPOm","A",2010,"eastside","fpl","RaPIPOm_fpl","A",121704.32938,962769.74971,103710.671363362,85800.5314339574,121620.811292766,83.5180872341734
"2010_eastside_RaPIPOm_fpl","RaPIPOm","B",2010,"eastside","fpl","RaPIPOm_fpl","B",96596.2190925502,962769.74971,66354.2442304034,52543.5441983231,80164.9404114047,16431.2786811455
"2010_eastside_RaPIPOm_fpl","RaPIPOm","C",2010,"eastside","fpl","RaPIPOm_fpl","C",329908.070095148,962769.74971,358188.990544334,329908.070095148,386469.874408269,0
"2010_eastside_RaPIPOm_fpl","RaPIPOm","D",2010,"eastside","fpl","RaPIPOm_fpl","D",377685.496780802,962769.74971,407859.828140091,377685.496780802,438034.160462149,0
"2010_eastside_RaPIPOm_fpl","RaPIPOm","E",2010,"eastside","fpl","RaPIPOm_fpl","E",36875.6343614993,962769.74971,26656.0395010541,16436.4436778391,36875.6343614993,0
"2010_eastside_RaPIPOxe_fpd","RaPIPOxe","A",2010,"eastside","fpd","RaPIPOxe_fpd","A",136370.020849948,643144.1005,152046.449920947,136370.020849948,167722.878991946,0
"2010_eastside_RaPIPOxe_fpd","RaPIPOxe","B",2010,"eastside","fpd","RaPIPOxe_fpd","B",77648.1667974605,643144.1005,37167.0538162809,26847.0291625409,47487.0758974445,30161.090900016
"2010_eastside_RaPIPOxe_fpd","RaPIPOxe","C",2010,"eastside","fpd","RaPIPOxe_fpd","C",127763.616349632,643144.1005,144205.996600833,127763.616349632,160648.389071773,0
"2010_eastside_RaPIPOxe_fpd","RaPIPOxe","D",2010,"eastside","fpd","RaPIPOxe_fpd","D",261229.204230019,643144.1005,277930.675725251,261229.204230019,294632.172303102,0
"2010_eastside_RaPIPOxe_fpd","RaPIPOxe","E",2010,"eastside","fpd","RaPIPOxe_fpd","E",40133.0922729407,643144.1005,31793.9115738065,23454.7328041045,40133.0922729407,0
"2010_eastside_RaPIPOxe_fxp","RaPIPOxe","A",2010,"eastside","fxp","RaPIPOxe_fxp","A",264158.633626231,1012933.16591,239468.71589752,214778.79816881,264158.633626231,0
"2010_eastside_RaPIPOxe_fxp","RaPIPOxe","B",2010,"eastside","fxp","RaPIPOxe_fxp","B",74790.7569877599,1012933.16591,58537.023756269,42283.2864730455,74790.7569877599,0
"2010_eastside_RaPIPOxe_fxp","RaPIPOxe","C",2010,"eastside","fxp","RaPIPOxe_fxp","C",201223.96255603,1012933.16591,227120.231012815,201223.96255603,253016.518715329,0
"2010_eastside_RaPIPOxe_fxp","RaPIPOxe","D",2010,"eastside","fxp","RaPIPOxe_fxp","D",409551.365080763,1012933.16591,437732.693259593,411428.363663989,464037.062359592,-1876.99858322571
"2010_eastside_RaPIPOxe_fxp","RaPIPOxe","E",2010,"eastside","fxp","RaPIPOxe_fxp","E",63208.4476592163,1012933.16591,50074.4817251393,36940.5188298617,63208.4476592163,0
"2010_eastside_RaREFI_fcw","RaREFI","A",2010,"eastside","fcw","RaREFI_fcw","A",14142.441205823,265840.30804,18270.3922294481,14142.441205823,22398.3445822748,0
"2010_eastside_RaREFI_fcw","RaREFI","B",2010,"eastside","fcw","RaREFI_fcw","B",68769.2504628534,265840.30804,59932.7696649429,53627.7532003434,66237.7861295425,2531.46433331087
"2010_eastside_RaREFI_fcw","RaREFI","C",2010,"eastside","fcw","RaREFI_fcw","C",29098.0387334835,265840.30804,35007.4545139244,29098.0387334835,40916.8705602056,0
"2010_eastside_RaREFI_fcw","RaREFI","D",2010,"eastside","fcw","RaREFI_fcw","D",51468.9975105852,265840.30804,58249.1655106422,51468.9975105852,65029.3335106992,0
"2010_eastside_RaREFI_fcw","RaREFI","E",2010,"eastside","fcw","RaREFI_fcw","E",102361.580127255,265840.30804,94380.5298428067,86399.4792925181,102361.580127255,0
"2010_eastside_RaREFI_frf","RaREFI","A",2010,"eastside","frf","RaREFI_frf","A",3965.74764,56680.256885,3895.46089752127,3015.33355282768,4775.58852561613,0
"2010_eastside_RaREFI_frf","RaREFI","B",2010,"eastside","frf","RaREFI_frf","B",17115.2990966913,56680.256885,12778.3661006267,11434.0629905661,14122.6692106874,2992.62988600391
"2010_eastside_RaREFI_frf","RaREFI","C",2010,"eastside","frf","RaREFI_frf","C",6204.04152561906,56680.256885,7463.99795188556,6204.04152561906,8723.95443483232,0
"2010_eastside_RaREFI_frf","RaREFI","D",2010,"eastside","frf","RaREFI_frf","D",10973.7910778919,56680.256885,12419.4020418578,10973.7910778919,13865.0130058237,0
"2010_eastside_RaREFI_frf","RaREFI","E",2010,"eastside","frf","RaREFI_frf","E",18421.3775447977,56680.256885,20123.0306866323,18421.3775447977,21824.6837717865,0
"2010_eastside_RaREFI_frm","RaREFI","A",2010,"eastside","frm","RaREFI_frm","A",4692.92585060982,88214.533515,6062.71539308606,4692.92585060982,7432.50537663497,0
"2010_eastside_RaREFI_frm","RaREFI","B",2010,"eastside","frm","RaREFI_frm","B",22819.8928690829,88214.533515,19887.6587122348,17795.4474507832,21979.8699736864,840.022895396585
"2010_eastside_RaREFI_frm","RaREFI","C",2010,"eastside","frm","RaREFI_frm","C",9655.68363955333,88214.533515,11616.6216186778,9655.68363955333,13577.5596860167,0
"2010_eastside_RaREFI_frm","RaREFI","D",2010,"eastside","frm","RaREFI_frm","D",17079.1015078037,88214.533515,19328.9836332351,17079.1015078037,21578.8657586664,0
"2010_eastside_RaREFI_frm","RaREFI","E",2010,"eastside","frm","RaREFI_frm","E",33966.9296479502,88214.533515,31318.5553927698,28670.1810493749,33966.9296479502,0
"2010_eastside_RaSAWD_fal","RaSAWD","A",2010,"eastside","fal","RaSAWD_fal","A",176692.250574773,625052.934435,157012.050774521,137331.850974269,176692.250574773,0
"2010_eastside_RaSAWD_fal","RaSAWD","B",2010,"eastside","fal","RaSAWD_fal","B",154046.289610367,625052.934435,136035.101780272,118023.913325125,154046.289610367,0
"2010_eastside_RaSAWD_fal","RaSAWD","C",2010,"eastside","fal","RaSAWD_fal","C",294314.394249861,625052.934435,332005.794381266,310364.852904873,353646.711480594,-16050.4586550122
"2010_eastside_RaSAWD_fal","RaSAWD","D",NA,NA,NA,NA,NA,0,625052.934435,NA,NA,NA,0
"2010_eastside_RaSAWD_fal","RaSAWD","E",NA,NA,NA,NA,NA,0,625052.934435,NA,NA,NA,0
"2010_eastside_RaSAWD_fsw","RaSAWD","A",2010,"eastside","fsw","RaSAWD_fsw","A",16204.2064213515,57322.75604,14399.3620156725,12594.5176099934,16204.2064213515,0
"2010_eastside_RaSAWD_fsw","RaSAWD","B",2010,"eastside","fsw","RaSAWD_fsw","B",14127.3760856498,57322.75604,12475.5945018894,10823.8128608063,14127.3760856498,0
"2010_eastside_RaSAWD_fsw","RaSAWD","C",2010,"eastside","fsw","RaSAWD_fsw","C",26991.1735329987,57322.75604,30447.8006688933,28463.1393060144,32432.4597961846,-1471.96577301575
"2010_eastside_RaSAWD_fsw","RaSAWD","D",NA,NA,NA,NA,NA,0,57322.75604,NA,NA,NA,0
"2010_eastside_RaSAWD_fsw","RaSAWD","E",NA,NA,NA,NA,NA,0,57322.75604,NA,NA,NA,0
"2010_eastside_RaSPFI_fcd","RaSPFI","A",2010,"eastside","fcd","RaSPFI_fcd","A",57716.0297131469,1397847.76006,42185.9844321609,26655.9363554794,57716.0297131469,0
"2010_eastside_RaSPFI_fcd","RaSPFI","B",2010,"eastside","fcd","RaSPFI_fcd","B",271968.343849432,1397847.76006,311210.291759328,271968.343849432,350452.241067071,0
"2010_eastside_RaSPFI_fcd","RaSPFI","C",2010,"eastside","fcd","RaSPFI_fcd","C",390530.700469235,1397847.76006,344443.649782211,306667.329872413,382219.94453075,8310.75593848526
"2010_eastside_RaSPFI_fcd","RaSPFI","D",2010,"eastside","fcd","RaSPFI_fcd","D",253981.553173186,1397847.76006,288418.133816801,253981.553173186,322854.713062568,0
"2010_eastside_RaSPFI_fcd","RaSPFI","E",2010,"eastside","fcd","RaSPFI_fcd","E",423651.132855,1397847.76006,411589.710054433,371859.583384206,451319.836724661,0
"2010_eastside_RaSPFI_fmz","RaSPFI","A",2010,"eastside","fmz","RaSPFI_fmz","A",4591.98557915149,240805.525285,7267.32798170761,4591.98557915149,9942.66990265267,0
"2010_eastside_RaSPFI_fmz","RaSPFI","B",2010,"eastside","fmz","RaSPFI_fmz","B",46851.6542164384,240805.525285,53611.8166244272,46851.6542164384,60371.9792732216,0
"2010_eastside_RaSPFI_fmz","RaSPFI","C",2010,"eastside","fmz","RaSPFI_fmz","C",77796.3327157157,240805.525285,59336.8865958105,52829.2061322223,65844.5627248994,11951.7699908163
"2010_eastside_RaSPFI_fmz","RaSPFI","D",2010,"eastside","fmz","RaSPFI_fmz","D",43753.0917686944,240805.525285,49685.4394304663,43753.0917686944,55617.7868514326,0
"2010_eastside_RaSPFI_fmz","RaSPFI","E",2010,"eastside","fmz","RaSPFI_fmz","E",67812.461005,240805.525285,70904.056338227,64059.7959718098,77748.3167046443,0
"2010_eastside_RaSSHE_fss","RaSSHE","A",2010,"eastside","fss","RaSSHE_fss","A",3027.43989492154,38677.826425,2076.21191450997,1524.47674305129,2627.94696993516,399.492924986381
"2010_eastside_RaSSHE_fss","RaSSHE","B",2010,"eastside","fss","RaSSHE_fss","B",4756.34583133907,38677.826425,3978.38103625011,3200.41662793941,4756.34583133907,0
"2010_eastside_RaSSHE_fss","RaSSHE","C",NA,NA,NA,NA,NA,3.47164434425515,38677.826425,144.690577074158,3.47164434425515,285.909548481888,0
"2010_eastside_RaSSHE_fss","RaSSHE","D",2010,"eastside","fss","RaSSHE_fss","D",3457.130275,38677.826425,3961.21167835526,3186.1361942559,4736.28681435419,0
"2010_eastside_RaSSHE_fss","RaSSHE","E",2010,"eastside","fss","RaSSHE_fss","E",27433.4387793951,38677.826425,28517.3309093879,27433.4387793951,29601.2230780585,0
"2010_eastside_RaTAOAco_ftm","RaTAOAco","A",2010,"eastside","ftm","RaTAOAco_ftm","A",46128.4606329858,586701.13908,57065.5285350982,46128.4606329858,68002.5964372107,0
"2010_eastside_RaTAOAco_ftm","RaTAOAco","B",2010,"eastside","ftm","RaTAOAco_ftm","B",85614.2504869291,586701.13908,73287.755187144,60961.26047406,85614.2504869291,0
"2010_eastside_RaTAOAco_ftm","RaTAOAco","C",2010,"eastside","ftm","RaTAOAco_ftm","C",257416.691263391,586701.13908,278044.805855967,257416.691263391,298672.919861841,0
"2010_eastside_RaTAOAco_ftm","RaTAOAco","D",2010,"eastside","ftm","RaTAOAco_ftm","D",136632.987147984,586701.13908,153861.727179075,136632.987147984,171090.477770786,0
"2010_eastside_RaTAOAco_ftm","RaTAOAco","E",2010,"eastside","ftm","RaTAOAco_ftm","E",60908.7495487102,586701.13908,24441.3141089004,16848.8076276525,32033.8205901484,28874.9289585618
"2010_eastside_RaTAOAco_fto","RaTAOAco","A",2010,"eastside","fto","RaTAOAco_fto","A",3429.37915234261,26825.72969,2609.20652975039,2109.13109508647,3109.2819644143,320.097187928306
"2010_eastside_RaTAOAco_fto","RaTAOAco","B",2010,"eastside","fto","RaTAOAco_fto","B",3914.53942764742,26825.72969,3350.93521945446,2787.33103808723,3914.53942764742,0
"2010_eastside_RaTAOAco_fto","RaTAOAco","C",2010,"eastside","fto","RaTAOAco_fto","C",11769.8605261858,26825.72969,12713.0395814412,11769.8605261858,13656.2186098709,0
"2010_eastside_RaTAOAco_fto","RaTAOAco","D",2010,"eastside","fto","RaTAOAco_fto","D",6247.26855945182,26825.72969,7035.01804924838,6247.26855945182,7822.76802190808,0
"2010_eastside_RaTAOAco_fto","RaTAOAco","E",2010,"eastside","fto","RaTAOAco_fto","E",1464.68202437238,26825.72969,1117.52993454534,770.37784471829,1464.68202437238,0
"2010_westside_Na0210290_fdw","Na0210290","A",2010,"westside","fdw","Na0210290_fdw","A",6226.7486038954,47801.13651,4425.42166551623,3560.28744266271,5290.55584056862,936.192763326781
"2010_westside_Na0210290_fdw","Na0210290","B",2010,"westside","fdw","Na0210290_fdw","B",818.408516312726,47801.13651,522.425408679174,226.442301045623,818.408516312726,0
"2010_westside_Na0210290_fdw","Na0210290","C",2010,"westside","fdw","Na0210290_fdw","C",8949.31787874308,47801.13651,10124.1468218346,8949.31787874308,11298.9766731478,0
"2010_westside_Na0210290_fdw","Na0210290","D",2010,"westside","fdw","Na0210290_fdw","D",29572.0663141725,47801.13651,31033.4706710222,29572.0663141725,32494.875027872,0
"2010_westside_Na0210290_fdw","Na0210290","E",2010,"westside","fdw","Na0210290_fdw","E",2234.59519687626,47801.13651,1695.67141713521,1156.74754179188,2234.59519687626,0
"2010_westside_Na0210350_fvg","Na0210350","A",2010,"westside","fvg","Na0210350_fvg","A",5816.08948308856,91147.923565,4608.13713352355,3400.1846016627,5816.08948308856,0
"2010_westside_Na0210350_fvg","Na0210350","B",2010,"westside","fvg","Na0210350_fvg","B",10963.0748199958,91147.923565,9281.47884827572,7599.88196507645,10963.0748199958,0
"2010_westside_Na0210350_fvg","Na0210350","C",2010,"westside","fvg","Na0210350_fvg","C",6587.39451463811,91147.923565,8197.16400848254,6587.39451463811,9806.93268199564,0
"2010_westside_Na0210350_fvg","Na0210350","D",2010,"westside","fvg","Na0210350_fvg","D",36056.6203638943,91147.923565,40060.4588868558,37068.2976915881,43052.6200821235,-1011.67732769371
"2010_westside_Na0210350_fvg","Na0210350","E",2010,"westside","fvg","Na0210350_fvg","E",31724.7443833832,91147.923565,29000.6855993416,26276.6285471106,31724.7443833832,0
"2010_westside_Na0710411_fmt","Na0710411","A",2010,"westside","fmt","Na0710411_fmt","A",7503.98895555555,503602.80254,4626.61204060785,1749.23512566014,7503.98895555555,0
"2010_westside_Na0710411_fmt","Na0710411","B",2010,"westside","fmt","Na0710411_fmt","B",31045.1195166986,503602.80254,24210.3270300086,17375.5350469214,31045.1195166985,7.27595761418343e-12
"2010_westside_Na0710411_fmt","Na0710411","C",2010,"westside","fmt","Na0710411_fmt","C",28816.618697534,503602.80254,22250.3975854386,15684.1789913572,28816.618697534,0
"2010_westside_Na0710411_fmt","Na0710411","D",2010,"westside","fmt","Na0710411_fmt","D",15507.15856,503602.80254,17439.8350527498,11553.7849217929,23325.8877017206,0
"2010_westside_Na0710411_fmt","Na0710411","E",2010,"westside","fmt","Na0710411_fmt","E",420729.916810212,503602.80254,435075.636874429,424103.16469643,446048.108548825,-3373.24788621831
"2010_westside_Na0710412_fmc","Na0710412","A",2010,"westside","fmc","Na0710412_fmc","A",103107.268596755,816397.81172,120427.148172394,103107.268596755,137747.027748034,0
"2010_westside_Na0710412_fmc","Na0710412","B",2010,"westside","fmc","Na0710412_fmc","B",205864.971162089,816397.81172,185250.773749768,164636.560825889,205864.971162089,0
"2010_westside_Na0710412_fmc","Na0710412","C",2010,"westside","fmc","Na0710412_fmc","C",111584.943491119,816397.81172,130157.764299964,111584.943491119,148730.577761228,0
"2010_westside_Na0710412_fmc","Na0710412","D",2010,"westside","fmc","Na0710412_fmc","D",28656.2089620411,816397.81172,40218.5915549273,28656.2089620411,51780.9749642113,0
"2010_westside_Na0710412_fmc","Na0710412","E",2010,"westside","fmc","Na0710412_fmc","E",367184.419507996,816397.81172,340343.529860957,318240.022822595,362447.068738834,4737.35076916259
"2010_westside_Na0710412_fmh","Na0710412","A",2010,"westside","fmh","Na0710412_fmh","A",81.1446723604073,642.499155,94.7752919337323,81.1446723604073,108.405911507057,0
"2010_westside_Na0710412_fmh","Na0710412","B",2010,"westside","fmh","Na0710412_fmh","B",162.014238790128,642.499155,145.791014979036,129.56777896046,162.014238790128,0
"2010_westside_Na0710412_fmh","Na0710412","C",2010,"westside","fmh","Na0710412_fmh","C",87.8165409982202,642.499155,102.433216232208,87.8165409982202,117.049885683703,0
"2010_westside_Na0710412_fmh","Na0710412","D",2010,"westside","fmh","Na0710412_fmh","D",22.5522285573316,642.499155,31.6517397748653,22.5522285573316,40.7512516348982,0
"2010_westside_Na0710412_fmh","Na0710412","E",2010,"westside","fmh","Na0710412_fmh","E",288.971474293913,642.499155,267.847888867663,250.452589185558,285.243213607235,3.72826068667791
"2010_westside_Na0710412_fmi","Na0710412","A",2010,"westside","fmi","Na0710412_fmi","A",7464.77619541471,59105.696755,8718.70355207203,7464.77619541471,9972.63090872936,0
"2010_westside_Na0710412_fmi","Na0710412","B",2010,"westside","fmi","Na0710412_fmi","B",15247.2199181208,59105.696755,13411.8145586581,11919.3835398208,14904.2444544872,342.97546363368
"2010_westside_Na0710412_fmi","Na0710412","C",2010,"westside","fmi","Na0710412_fmi","C",8078.54423141433,59105.696755,9423.18222388979,8078.54423141433,10767.819684414,0
"2010_westside_Na0710412_fmi","Na0710412","D",2010,"westside","fmi","Na0710412_fmi","D",2074.65670870663,59105.696755,2911.75189623613,2074.65670870663,3748.84714287132,0
"2010_westside_Na0710412_fmi","Na0710412","E",2010,"westside","fmi","Na0710412_fmi","E",26240.4997013435,59105.696755,24640.2442286155,23039.9910610096,26240.4997013435,0
"2010_westside_R1RFWF_fcw","R1RFWF","A",2010,"westside","fcw","R1RFWF_fcw","A",39.9803601043799,269.98753,45.6976789467544,39.9803601043799,51.4150004890042,0
"2010_westside_R1RFWF_fcw","R1RFWF","B",2010,"westside","fcw","R1RFWF_fcw","B",75.1070129084841,269.98753,67.9385640099155,60.7701099815838,75.1070129084841,0
"2010_westside_R1RFWF_fcw","R1RFWF","C",2010,"westside","fcw","R1RFWF_fcw","C",18.6189229718773,269.98753,23.6873905029538,18.6189229718773,28.7558593839681,0
"2010_westside_R1RFWF_fcw","R1RFWF","D",2010,"westside","fcw","R1RFWF_fcw","D",38.9576951285327,269.98753,44.8191667928749,38.9576951285327,50.6806462868555,0
"2010_westside_R1RFWF_fcw","R1RFWF","E",2010,"westside","fcw","R1RFWF_fcw","E",97.323538886726,269.98753,87.844727047626,80.783369242807,94.9060897122206,2.41744917450536
"2010_westside_RaABAMlw_fsi","RaABAMlw","A",2010,"westside","fsi","RaABAMlw_fsi","A",202766.989661977,1832523.68025,241057.335565246,202766.989661977,279347.681468515,0
"2010_westside_RaABAMlw_fsi","RaABAMlw","B",2010,"westside","fsi","RaABAMlw_fsi","B",431754.347533975,1832523.68025,381588.502345548,331422.620506647,431754.347533975,0
"2010_westside_RaABAMlw_fsi","RaABAMlw","C",2010,"westside","fsi","RaABAMlw_fsi","C",130804.649689736,1832523.68025,54292.4484557477,36808.3107021036,71776.5807118208,59028.0689779155
"2010_westside_RaABAMlw_fsi","RaABAMlw","D",2010,"westside","fsi","RaABAMlw_fsi","D",107202.791059138,1832523.68025,140714.04714602,107202.791059138,174225.295902807,0
"2010_westside_RaABAMlw_fsi","RaABAMlw","E",2010,"westside","fsi","RaABAMlw_fsi","E",959994.902305174,1832523.68025,1014871.34673744,959994.902305174,1069747.7911697,0
"2010_westside_RaABAMlw_fsw","RaABAMlw","A",2010,"westside","fsw","RaABAMlw_fsw","A",31358.9665037688,283409.290645,37280.7670719976,31358.9665037688,43202.5676402264,0
"2010_westside_RaABAMlw_fsw","RaABAMlw","B",2010,"westside","fsw","RaABAMlw_fsw","B",66773.0489304265,283409.290645,59014.6408112369,51256.2270238614,66773.0489304265,0
"2010_westside_RaABAMlw_fsw","RaABAMlw","C",2010,"westside","fsw","RaABAMlw_fsw","C",20229.6174293248,283409.290645,8396.60871510514,5692.59613851254,11100.6204414699,9128.99698785498
"2010_westside_RaABAMlw_fsw","RaABAMlw","D",2010,"westside","fsw","RaABAMlw_fsw","D",16579.4675925222,283409.290645,21762.1571362178,16579.4675925222,26944.8455462761,0
"2010_westside_RaABAMlw_fsw","RaABAMlw","E",2010,"westside","fsw","RaABAMlw_fsw","E",148468.190188958,283409.290645,156955.116910443,148468.190188958,165442.043631928,0
"2010_westside_RaABAMlw_fwc","RaABAMlw","A",2010,"westside","fwc","RaABAMlw_fwc","A",40985.5107896899,370409.99225,48725.1797948647,40985.5107896899,56464.8488000394,0
"2010_westside_RaABAMlw_fwc","RaABAMlw","B",2010,"westside","fwc","RaABAMlw_fwc","B",87270.9729470702,370409.99225,77130.8964352486,66990.8125152272,87270.9729470702,0
"2010_westside_RaABAMlw_fwc","RaABAMlw","C",2010,"westside","fwc","RaABAMlw_fwc","C",26439.6852275487,370409.99225,10974.1912906596,7440.10362804249,14508.2778420468,11931.407385502
"2010_westside_RaABAMlw_fwc","RaABAMlw","D",2010,"westside","fwc","RaABAMlw_fwc","D",21669.0160314743,370409.99225,28442.6824463805,21669.0160314743,35216.3473796468,0
"2010_westside_RaABAMlw_fwc","RaABAMlw","E",2010,"westside","fwc","RaABAMlw_fwc","E",194044.807254217,370409.99225,205137.042282847,194044.807254217,216229.277311476,0
"2010_westside_RaABAMup_fsi","RaABAMup","A",2010,"westside","fsi","RaABAMup_fsi","A",6149.30840213925,49085.467635,5177.60551470039,4205.90257817606,6149.30840213925,0
"2010_westside_RaABAMup_fsi","RaABAMup","B",2010,"westside","fsi","RaABAMup_fsi","B",13935.0306767385,49085.467635,12637.8133384133,11340.5950674643,13935.0306767385,0
"2010_westside_RaABAMup_fsi","RaABAMup","C",2010,"westside","fsi","RaABAMup_fsi","C",1568.05725388958,49085.467635,1139.25313699741,710.449020105246,1568.05725388958,0
"2010_westside_RaABAMup_fsi","RaABAMup","D",2010,"westside","fsi","RaABAMup_fsi","D",1828.59584778882,49085.467635,1343.47214521254,858.348589892668,1828.59584778882,0
"2010_westside_RaABAMup_fsi","RaABAMup","E",2010,"westside","fsi","RaABAMup_fsi","E",25604.4754544439,49085.467635,28787.3242850438,27308.5099579725,30266.1386121151,-1704.0345035286
"2010_westside_RaABAMup_fst","RaABAMup","A",2010,"westside","fst","RaABAMup_fst","A",125643.929128674,1466341.86174,154671.842310565,125643.929128674,183699.754026114,0
"2010_westside_RaABAMup_fst","RaABAMup","B",2010,"westside","fst","RaABAMup_fst","B",450121.769875282,1466341.86174,377532.406877957,338780.296606725,416284.489288694,33837.2805865885
"2010_westside_RaABAMup_fst","RaABAMup","C",2010,"westside","fst","RaABAMup_fst","C",49140.8909043133,1466341.86174,34033.1802137453,21223.4127330523,46842.9476944384,2297.94320987495
"2010_westside_RaABAMup_fst","RaABAMup","D",2010,"westside","fst","RaABAMup_fst","D",25641.6517956867,1466341.86174,40133.8632699936,25641.6517956867,54626.0791433262,0
"2010_westside_RaABAMup_fst","RaABAMup","E",2010,"westside","fst","RaABAMup_fst","E",815793.620036044,1466341.86174,859970.592529209,815793.620036044,904147.565022374,0
"2010_westside_RaABAMup_fsw","RaABAMup","A",2010,"westside","fsw","RaABAMup_fsw","A",43.7144187897218,510.17413,53.8138988221024,43.7144187897218,63.9133783443089,0
"2010_westside_RaABAMup_fsw","RaABAMup","B",2010,"westside","fsw","RaABAMup_fsw","B",144.834968363613,510.17413,131.35222573351,117.869473410099,144.834968363613,0
"2010_westside_RaABAMup_fsw","RaABAMup","C",2010,"westside","fsw","RaABAMup_fsw","C",28.8700183456046,510.17413,11.8409277943395,7.38411444781882,16.2977411408602,12.5722772047443
"2010_westside_RaABAMup_fsw","RaABAMup","D",2010,"westside","fsw","RaABAMup_fsw","D",8.92132164944421,510.17413,13.9634960383737,8.92132164944421,19.0056719578255,0
"2010_westside_RaABAMup_fsw","RaABAMup","E",2010,"westside","fsw","RaABAMup_fsw","E",283.833402851617,510.17413,299.20358977446,283.833402851617,314.573776697304,0
"2010_westside_RaABLA_faf","RaABLA","A",2010,"westside","faf","RaABLA_faf","A",20210.5682341429,156228.92918,23842.5925965521,20210.5682341429,27474.6168027324,0
"2010_westside_RaABLA_faf","RaABLA","B",2010,"westside","faf","RaABLA_faf","B",42341.1120496723,156228.92918,33057.6984919884,29000.1410530863,37115.2559308906,5225.85611878171
"2010_westside_RaABLA_faf","RaABLA","C",2010,"westside","faf","RaABLA_faf","C",2249.85983942299,156228.92918,1368.32842033123,486.797001239475,2249.85983942299,0
"2010_westside_RaABLA_faf","RaABLA","D",2010,"westside","faf","RaABLA_faf","D",2501.04518044538,156228.92918,4072.83506588668,2501.04518044538,5644.62526378583,0
"2010_westside_RaABLA_faf","RaABLA","E",2010,"westside","faf","RaABLA_faf","E",88926.3438763164,156228.92918,93887.4753863862,88926.3438763164,98848.6009597567,0
"2010_westside_RaDFHEdy_fdg","RaDFHEdy","A",2010,"westside","fdg","RaDFHEdy_fdg","A",114580.019653901,1480643.6394,83516.2774894454,62399.8339199418,104632.728462167,9947.29119173368
"2010_westside_RaDFHEdy_fdg","RaDFHEdy","B",2010,"westside","fdg","RaDFHEdy_fdg","B",282776.310191476,1480643.6394,251566.095354993,220355.853866925,282776.310191476,0
"2010_westside_RaDFHEdy_fdg","RaDFHEdy","C",2010,"westside","fdg","RaDFHEdy_fdg","C",107246.104463087,1480643.6394,86875.0687241842,66504.0255820638,107246.104463087,0
"2010_westside_RaDFHEdy_fdg","RaDFHEdy","D",2010,"westside","fdg","RaDFHEdy_fdg","D",191643.883143249,1480643.6394,226859.127976036,191643.883143249,262074.387615259,0
"2010_westside_RaDFHEdy_fdg","RaDFHEdy","E",2010,"westside","fdg","RaDFHEdy_fdg","E",784397.321948288,1480643.6394,831827.069855341,784397.321948288,879256.816281751,0
"2010_westside_RaDFHEdy_fwi","RaDFHEdy","A",2010,"westside","fwi","RaDFHEdy_fwi","A",420127.151773344,5429032.01528,306226.651857258,228799.61598106,383653.714878617,36473.4368947271
"2010_westside_RaDFHEdy_fwi","RaDFHEdy","B",2010,"westside","fwi","RaDFHEdy_fwi","B",1036847.49006478,5429032.01528,922409.923156585,807972.258525812,1036847.49006478,0
"2010_westside_RaDFHEdy_fwi","RaDFHEdy","C",2010,"westside","fwi","RaDFHEdy_fwi","C",393236.10296945,5429032.01528,318542.231825864,243848.333537119,393236.10296945,0
"2010_westside_RaDFHEdy_fwi","RaDFHEdy","D",2010,"westside","fwi","RaDFHEdy_fwi","D",702694.929037006,5429032.01528,831817.620369133,702694.929037006,960940.365991581,0
"2010_westside_RaDFHEdy_fwi","RaDFHEdy","E",2010,"westside","fwi","RaDFHEdy_fwi","E",2876126.34143542,5429032.01528,3050035.58807116,2876126.34143542,3223944.82927787,0
"2010_westside_RaDFHEwt_fdm","RaDFHEwt","A",2010,"westside","fdm","RaDFHEwt_fdm","A",7471.69176118851,124423.77544,5763.60229637196,4055.51320482674,7471.69176118851,0
"2010_westside_RaDFHEwt_fdm","RaDFHEwt","B",2010,"westside","fdm","RaDFHEwt_fdm","B",24010.1282368703,124423.77544,21155.6680313114,18301.2067059385,24010.1282368703,0
"2010_westside_RaDFHEwt_fdm","RaDFHEwt","C",2010,"westside","fdm","RaDFHEwt_fdm","C",1410.16656400372,124423.77544,752.974988558922,95.7832886903436,1410.16656400372,0
"2010_westside_RaDFHEwt_fdm","RaDFHEwt","D",2010,"westside","fdm","RaDFHEwt_fdm","D",3998.6621,124423.77544,4326.24702223041,2838.39299016501,5814.10092987204,0
"2010_westside_RaDFHEwt_fdm","RaDFHEwt","E",2010,"westside","fdm","RaDFHEwt_fdm","E",87533.1267779374,124423.77544,92425.2823549847,88910.656223629,95939.9179425472,-1377.5294456916
"2010_westside_RaDFHEwt_fhc","RaDFHEwt","A",2010,"westside","fhc","RaDFHEwt_fhc","A",6296.31379125621,104850.569095,4856.92528357062,3417.53709043674,6296.31379125621,0
"2010_westside_RaDFHEwt_fhc","RaDFHEwt","B",2010,"westside","fhc","RaDFHEwt_fhc","B",20233.0752364428,104850.569095,17827.6525111357,15422.2288421735,20233.0752364428,0
"2010_westside_RaDFHEwt_fhc","RaDFHEwt","C",2010,"westside","fhc","RaDFHEwt_fhc","C",1188.33210318257,104850.569095,634.523874440504,80.7155408478674,1188.33210318257,2.27373675443232e-13
"2010_westside_RaDFHEwt_fhc","RaDFHEwt","D",2010,"westside","fhc","RaDFHEwt_fhc","D",3900.141115,104850.569095,3645.68154858111,2391.88305676815,4899.47993554352,0
"2010_westside_RaDFHEwt_fhc","RaDFHEwt","E",2010,"westside","fhc","RaDFHEwt_fhc","E",73232.7068491184,104850.569095,77885.7852481687,74924.0478412653,80847.5306237153,-1691.34099214684
"2010_westside_RaDFHEwt_fwc","RaDFHEwt","A",2010,"westside","fwc","RaDFHEwt_fwc","A",21.9420981990747,365.394985,16.9259562103897,11.9098153178896,21.9420981990747,0
"2010_westside_RaDFHEwt_fwc","RaDFHEwt","B",2010,"westside","fwc","RaDFHEwt_fwc","B",70.5104825499363,365.394985,62.1277965214429,53.7451072043945,70.5104825499363,0
"2010_westside_RaDFHEwt_fwc","RaDFHEwt","C",2010,"westside","fwc","RaDFHEwt_fwc","C",4.14123256330633,365.394985,2.21125973453955,0.281286540377775,4.14123256330633,0
"2010_westside_RaDFHEwt_fwc","RaDFHEwt","D",2010,"westside","fwc","RaDFHEwt_fwc","D",7.69747360194742,365.394985,12.7048786311461,8.33550147789544,17.0742554190018,-0.638027875948016
"2010_westside_RaDFHEwt_fwc","RaDFHEwt","E",2010,"westside","fwc","RaDFHEwt_fwc","E",261.103698085735,365.394985,271.425091710112,261.103698085735,281.746513104507,0
"2010_westside_RaDFHEwt_fwm","RaDFHEwt","A",2010,"westside","fwm","RaDFHEwt_fwm","A",113919.354025154,1897063.821225,87876.463784441,61833.5792349195,113919.354025154,0
"2010_westside_RaDFHEwt_fwm","RaDFHEwt","B",2010,"westside","fwm","RaDFHEwt_fwm","B",366077.507775868,1897063.821225,322556.137636256,279034.750423069,366077.507775868,0
"2010_westside_RaDFHEwt_fwm","RaDFHEwt","C",2010,"westside","fwm","RaDFHEwt_fwm","C",21500.5207888316,1897063.821225,11480.4554357159,1460.38818553632,21500.5207888316,0
"2010_westside_RaDFHEwt_fwm","RaDFHEwt","D",2010,"westside","fwm","RaDFHEwt_fwm","D",39963.872752903,1897063.821225,65961.4023005868,43276.3965971864,88646.4061069234,-3312.52384428339
"2010_westside_RaDFHEwt_fwm","RaDFHEwt","E",2010,"westside","fwm","RaDFHEwt_fwm","E",1355602.56588224,1897063.821225,1409189.35068562,1355602.56588224,1462776.27966584,0
"2010_westside_RaDFHEwt_fwn","RaDFHEwt","A",2010,"westside","fwn","RaDFHEwt_fwn","A",169421.417320817,2821322.54076,130690.304302587,91959.1997483236,169421.417320817,0
"2010_westside_RaDFHEwt_fwn","RaDFHEwt","B",2010,"westside","fwn","RaDFHEwt_fwn","B",544432.249878853,2821322.54076,479707.056553328,414981.8378359,544432.249878853,0
"2010_westside_RaDFHEwt_fwn","RaDFHEwt","C",2010,"westside","fwn","RaDFHEwt_fwn","C",31975.6790788616,2821322.54076,17073.7891559497,2171.89641171516,31975.6790788616,0
"2010_westside_RaDFHEwt_fwn","RaDFHEwt","D",2010,"westside","fwn","RaDFHEwt_fwn","D",131835.36626898,2821322.54076,98098.1182860858,64360.8674818695,131835.36626898,0
"2010_westside_RaDFHEwt_fwn","RaDFHEwt","E",2010,"westside","fwn","RaDFHEwt_fwn","E",1943657.82821249,2821322.54076,2095753.25553412,2016058.72857034,2175447.9969184,-72400.9003578527
"2010_westside_RaDFHEwt_fww","RaDFHEwt","A",2010,"westside","fww","RaDFHEwt_fww","A",53480.2919249017,890590.785275,41254.2625152373,29028.2357773453,53480.2919249017,0
"2010_westside_RaDFHEwt_fww","RaDFHEwt","B",2010,"westside","fww","RaDFHEwt_fww","B",171857.821267763,890590.785275,151426.388874596,130994.948466112,171857.821267763,0
"2010_westside_RaDFHEwt_fww","RaDFHEwt","C",2010,"westside","fww","RaDFHEwt_fww","C",10093.5801309955,890590.785275,5389.58558347636,685.590145366474,10093.5801309955,5.45696821063757e-12
"2010_westside_RaDFHEwt_fww","RaDFHEwt","D",2010,"westside","fww","RaDFHEwt_fww","D",41615.717691349,890590.785275,30966.0731576159,20316.427733292,41615.717691349,0
"2010_westside_RaDFHEwt_fww","RaDFHEwt","E",2010,"westside","fww","RaDFHEwt_fww","E",613543.374259991,890590.785275,661554.46980053,636397.753287122,686711.253998837,-22854.3790271308
"2010_westside_RaDFWV_fwx","RaDFWV","A",2010,"westside","fwx","RaDFWV_fwx","A",177379.223357768,1236272.45508,153308.143156821,129237.075318599,177379.223357768,0
"2010_westside_RaDFWV_fwx","RaDFWV","B",2010,"westside","fwx","RaDFWV_fwx","B",229189.219929287,1236272.45508,200981.143107101,172773.041559466,229189.219929287,0
"2010_westside_RaDFWV_fwx","RaDFWV","C",2010,"westside","fwx","RaDFWV_fwx","C",81945.9957815946,1236272.45508,104004.561651913,81945.9957815946,126063.132467322,0
"2010_westside_RaDFWV_fwx","RaDFWV","D",2010,"westside","fwx","RaDFWV_fwx","D",326660.964354636,1236272.45508,392949.810565771,357800.339597068,428099.281534474,-31139.3752424324
"2010_westside_RaDFWV_fwx","RaDFWV","E",2010,"westside","fwx","RaDFWV_fwx","E",421097.051656715,1236272.45508,385028.785471942,348960.541540072,421097.051656715,0
"2010_westside_RaMCONdy_fdx","RaMCONdy","A",2010,"westside","fdx","RaMCONdy_fdx","A",16.916767935834,145.00154,20.2508979662183,16.916767935834,23.585027851601,0
"2010_westside_RaMCONdy_fdx","RaMCONdy","B",2010,"westside","fdx","RaMCONdy_fdx","B",10.0987462245104,145.00154,0.9515689812115,0.26296942788702,1.64016853453598,8.45857768997445
"2010_westside_RaMCONdy_fdx","RaMCONdy","C",2010,"westside","fdx","RaMCONdy_fdx","C",41.6976890285111,145.00154,45.8401953943183,41.6976890285111,49.9827019051271,0
"2010_westside_RaMCONdy_fdx","RaMCONdy","D",2010,"westside","fdx","RaMCONdy_fdx","D",55.454957943643,145.00154,60.1049040137526,55.454957943643,64.7548499388607,0
"2010_westside_RaMCONdy_fdx","RaMCONdy","E",2010,"westside","fdx","RaMCONdy_fdx","E",20.8333788675015,145.00154,17.8539727744901,14.8745668264802,20.8333788675015,0
"2010_westside_RaMCONsw_fiw","RaMCONsw","A",2010,"westside","fiw","RaMCONsw_fiw","A",13143.8219191738,106240.76024,15506.4005456866,13143.8219191738,17868.980234607,-1.81898940354586e-12
"2010_westside_RaMCONsw_fiw","RaMCONsw","B",2010,"westside","fiw","RaMCONsw_fiw","B",8221.35060780392,106240.76024,3053.05400711191,1921.27352557191,4184.83459489266,4036.51601291126
"2010_westside_RaMCONsw_fiw","RaMCONsw","C",2010,"westside","fiw","RaMCONsw_fiw","C",11362.8491978895,106240.76024,13372.7857374382,11362.8491978895,15382.7213208201,0
"2010_westside_RaMCONsw_fiw","RaMCONsw","D",2010,"westside","fiw","RaMCONsw_fiw","D",51855.111416682,106240.76024,55097.0100749727,51855.111416682,58338.9087332633,0
"2010_westside_RaMCONsw_fiw","RaMCONsw","E",2010,"westside","fiw","RaMCONsw_fiw","E",21657.6270984507,106240.76024,19211.5108309574,16765.3945634641,21657.6270984507,0
"2010_westside_RaMCONsw_fvw","RaMCONsw","A",2010,"westside","fvw","RaMCONsw_fvw","A",660.952374538438,3929.71965,573.56335541557,486.174375589899,660.952374538438,0
"2010_westside_RaMCONsw_fvw","RaMCONsw","B",2010,"westside","fvw","RaMCONsw_fvw","B",154.792065704343,3929.71965,112.928844797006,71.0656278193885,154.792065704344,0
"2010_westside_RaMCONsw_fvw","RaMCONsw","C",2010,"westside","fvw","RaMCONsw_fvw","C",420.298308032263,3929.71965,494.643475526119,420.298308032263,568.988607652499,0
"2010_westside_RaMCONsw_fvw","RaMCONsw","D",2010,"westside","fvw","RaMCONsw_fvw","D",1892.58697551497,3929.71965,2037.97302145386,1918.05903710347,2157.88700580426,-25.4720615884939
"2010_westside_RaMCONsw_fvw","RaMCONsw","E",2010,"westside","fvw","RaMCONsw_fvw","E",801.089926209984,3929.71965,710.610988174919,620.132050139855,801.089926209984,0
"2010_westside_RaSAWD_fal","RaSAWD","A",2010,"westside","fal","RaSAWD_fal","A",147478.634908892,521709.091465,131052.28348808,114625.932067267,147478.634908892,0
"2010_westside_RaSAWD_fal","RaSAWD","B",2010,"westside","fal","RaSAWD_fal","B",128576.869843551,521709.091465,113543.582386805,98510.2944083498,128576.869843551,0
"2010_westside_RaSAWD_fal","RaSAWD","C",2010,"westside","fal","RaSAWD_fal","C",245653.586712557,521709.091465,277113.236024297,259050.324398578,295176.127303362,-13396.7376860204
"2010_westside_RaSAWD_fal","RaSAWD","D",NA,NA,NA,NA,NA,0,521709.091465,NA,NA,NA,0
"2010_westside_RaSAWD_fal","RaSAWD","E",NA,NA,NA,NA,NA,0,521709.091465,NA,NA,NA,0
"2010_westside_RaSSHE_fss","RaSSHE","A",2010,"westside","fss","RaSSHE_fss","A",123319.095571226,1814996.507905,97428.3645905871,71537.6281649591,123319.095571226,0
"2010_westside_RaSSHE_fss","RaSSHE","B",2010,"westside","fss","RaSSHE_fss","B",254659.673478935,1814996.507905,186689.593374931,150182.818954804,223196.385945023,31463.2875339115
"2010_westside_RaSSHE_fss","RaSSHE","C",NA,NA,NA,NA,NA,162.910456556537,1814996.507905,6789.75310635896,162.910456556537,13416.5975711579,0
"2010_westside_RaSSHE_fss","RaSSHE","D",2010,"westside","fss","RaSSHE_fss","D",149512.695019138,1814996.507905,185883.903720097,149512.695019138,222255.096086086,0
"2010_westside_RaSSHE_fss","RaSSHE","E",2010,"westside","fss","RaSSHE_fss","E",1287342.13337915,1814996.507905,1338204.87859305,1287342.13337915,1389067.62562196,0
"2010_westside_RaTAOAco_fto","RaTAOAco","A",2010,"westside","fto","RaTAOAco_fto","A",7.37886390647222,93.85069,9.12839412009968,7.37886390647222,10.8779243337271,0
"2010_westside_RaTAOAco_fto","RaTAOAco","B",2010,"westside","fto","RaTAOAco_fto","B",12.231725,93.85069,11.7233561258293,9.75156852044246,13.6951438250668,0
"2010_westside_RaTAOAco_fto","RaTAOAco","C",2010,"westside","fto","RaTAOAco_fto","C",41.1772408188423,93.85069,44.4769834969425,41.1772408188423,47.7767260811919,0
"2010_westside_RaTAOAco_fto","RaTAOAco","D",2010,"westside","fto","RaTAOAco_fto","D",21.8562727536326,93.85069,24.6122400290396,21.8562727536326,27.3682089937591,0
"2010_westside_RaTAOAco_fto","RaTAOAco","E",2010,"westside","fto","RaTAOAco_fto","E",11.2065875210529,93.85069,3.90971491417927,2.69519200868099,5.12423781967755,6.08234970137536
