"strataID","BpS","SCLASS","YEAR","STATE","PVT","BpS_Code","sclass","AREA_TOTAL","AREA_STRATA","avg","low","high","departure"
"2003_Oregon_Na0210290_fdw","Na0210290","A",2003,"Oregon","fdw","Na0210290_fdw","A",7389.74106,57447.29724,5318.46170180624,4278.7453586108,6358.17798755437,1031.56307244563
"2003_Oregon_Na0210290_fdw","Na0210290","B",2003,"Oregon","fdw","Na0210290_fdw","B",1077.11275847417,57447.29724,627.849669052168,272.1378428556,983.561495248736,93.5512632254336
"2003_Oregon_Na0210290_fdw","Na0210290","C",2003,"Oregon","fdw","Na0210290_fdw","C",10755.269891289,57447.29724,12167.1766455524,10755.269891289,13579.0844913145,0
"2003_Oregon_Na0210290_fdw","Na0210290","D",2003,"Oregon","fdw","Na0210290_fdw","D",35539.642100264,57447.29724,37295.9545356014,35539.642100264,39052.2669709389,0
"2003_Oregon_Na0210290_fdw","Na0210290","E",2003,"Oregon","fdw","Na0210290_fdw","E",2685.53142997283,57447.29724,2037.85405606747,1390.17656726751,2685.53142997283,0
"2003_Oregon_Na0210290_fwo","Na0210290","A",2003,"Oregon","fwo","Na0210290_fwo","A",24142.31162,216308.93843,20025.8473430371,16110.9557942607,23940.7386755047,201.572944495347
"2003_Oregon_Na0210290_fwo","Na0210290","B",2003,"Oregon","fwo","Na0210290_fwo","B",7738.32070400278,216308.93843,2364.07110397073,1024.6930790982,3703.44912884326,4034.87157515952
"2003_Oregon_Na0210290_fwo","Na0210290","C",2003,"Oregon","fwo","Na0210290_fwo","C",40497.3101344266,216308.93843,45813.6272781375,40497.3101344266,51129.9485317181,0
"2003_Oregon_Na0210290_fwo","Na0210290","D",2003,"Oregon","fwo","Na0210290_fwo","D",133819.041525551,216308.93843,140432.165148271,133819.041525551,147045.288770991,0
"2003_Oregon_Na0210290_fwo","Na0210290","E",2003,"Oregon","fwo","Na0210290_fwo","E",10111.9544460195,216308.93843,7673.22517718544,5234.49547573347,10111.9544460195,0
"2003_Oregon_Na0210350_fvg","Na0210350","A",2003,"Oregon","fvg","Na0210350_fvg","A",5941.19627875355,93108.557885,4707.26031112189,3473.3241572731,5941.19627875355,0
"2003_Oregon_Na0210350_fvg","Na0210350","B",2003,"Oregon","fvg","Na0210350_fvg","B",11198.8956692714,93108.557885,9481.12778440652,7763.35896845604,11198.8956692714,0
"2003_Oregon_Na0210350_fvg","Na0210350","C",2003,"Oregon","fvg","Na0210350_fvg","C",6729.0924410376,93108.557885,8373.48882700941,6729.0924410376,10017.8843750042,0
"2003_Oregon_Na0210350_fvg","Na0210350","D",2003,"Oregon","fvg","Na0210350_fvg","D",36832.21507394,93108.557885,40922.1780297226,37865.654052496,43978.7020069492,-1033.43897855596
"2003_Oregon_Na0210350_fvg","Na0210350","E",2003,"Oregon","fvg","Na0210350_fvg","E",32407.1584219974,93108.557885,29624.5038638252,26841.8510747156,32407.1584219974,0
"2003_Oregon_Na0710270_fdd","Na0710270","A",2003,"Oregon","fdd","Na0710270_fdd","A",102809.49051231,1403267.971,126668.321246755,102809.49051231,150527.153384467,0
"2003_Oregon_Na0710270_fdd","Na0710270","B",2003,"Oregon","fdd","Na0710270_fdd","B",216048.660764176,1403267.971,88517.081336826,66538.0641665293,110496.091490783,105552.569273394
"2003_Oregon_Na0710270_fdd","Na0710270","C",2003,"Oregon","fdd","Na0710270_fdd","C",249311.717732421,1403267.971,281363.059824046,249311.717732421,313414.401915672,0
"2003_Oregon_Na0710270_fdd","Na0710270","D",2003,"Oregon","fdd","Na0710270_fdd","D",554930.270048274,1403267.971,593265.868497696,554930.270048274,631601.415026204,0
"2003_Oregon_Na0710270_fdd","Na0710270","E",2003,"Oregon","fdd","Na0710270_fdd","E",280167.831942819,1403267.971,313453.640094677,280167.831942819,346739.473505358,0
"2003_Oregon_Na0710412_fmc","Na0710412","A",2003,"Oregon","fmc","Na0710412_fmc","A",37413.8731993798,296241.037355,43698.6268068661,37413.8731993798,49983.3804143524,0
"2003_Oregon_Na0710412_fmc","Na0710412","B",2003,"Oregon","fmc","Na0710412_fmc","B",74700.9016151439,296241.037355,67220.7600248561,59740.6128059887,74700.9016151439,0
"2003_Oregon_Na0710412_fmc","Na0710412","C",2003,"Oregon","fmc","Na0710412_fmc","C",40490.1127103282,296241.037355,47229.513066423,40490.1127103282,53968.9107563484,0
"2003_Oregon_Na0710412_fmc","Na0710412","D",2003,"Oregon","fmc","Na0710412_fmc","D",10398.294737821,296241.037355,14593.86234523,10398.294737821,18789.4302488801,0
"2003_Oregon_Na0710412_fmc","Na0710412","E",2003,"Oregon","fmc","Na0710412_fmc","E",133237.855092327,296241.037355,123498.27363042,115477.715808942,131518.843005297,1719.01208702961
"2003_Oregon_Na0710412_fmh","Na0710412","A",2003,"Oregon","fmh","Na0710412_fmh","A",83680.1835626637,662575.19644,97736.7163551383,83680.1835626637,111793.249147613,0
"2003_Oregon_Na0710412_fmh","Na0710412","B",2003,"Oregon","fmh","Na0710412_fmh","B",167076.66501514,662575.19644,150346.517403469,133616.357202868,167076.66501514,0
"2003_Oregon_Na0710412_fmh","Na0710412","C",2003,"Oregon","fmh","Na0710412_fmh","C",87681.127171436,662575.19644,105633.9262688,90560.5267334197,120707.319841003,-2879.39956198378
"2003_Oregon_Na0710412_fmh","Na0710412","D",2003,"Oregon","fmh","Na0710412_fmh","D",29981.06995,662575.19644,32640.7553002916,23256.9134920244,42024.5977711341,0
"2003_Oregon_Na0710412_fmh","Na0710412","E",2003,"Oregon","fmh","Na0710412_fmh","E",294156.15074076,662575.19644,276217.277799426,258278.430698524,294156.15074076,0
"2003_Oregon_Na0710412_fmi","Na0710412","A",2003,"Oregon","fmi","Na0710412_fmi","A",8876.08680534665,70280.37832,10367.0850314054,8876.08680534665,11858.0832574642,0
"2003_Oregon_Na0710412_fmi","Na0710412","B",2003,"Oregon","fmi","Na0710412_fmi","B",17722.0808880239,70280.37832,15947.4881930131,14172.8941626752,17722.0808880239,0
"2003_Oregon_Na0710412_fmi","Na0710412","C",2003,"Oregon","fmi","Na0710412_fmi","C",8672.54208306108,70280.37832,11204.7543305079,9605.89547251422,12803.6125559782,-933.353389453137
"2003_Oregon_Na0710412_fmi","Na0710412","D",2003,"Oregon","fmi","Na0710412_fmi","D",3808.069585,70280.37832,3462.25551979711,2466.89687081125,4457.61423906334,0
"2003_Oregon_Na0710412_fmi","Na0710412","E",2003,"Oregon","fmi","Na0710412_fmi","E",31201.5989585684,70280.37832,29298.7948938745,27395.9935701154,31201.5989585684,0
"2003_Oregon_R1RFWF_fcw","R1RFWF","A",2003,"Oregon","fcw","R1RFWF_fcw","A",22146.4190122181,149554.85523,25313.4274728498,22146.4190122181,28480.4374290302,0
"2003_Oregon_R1RFWF_fcw","R1RFWF","B",2003,"Oregon","fcw","R1RFWF_fcw","B",41604.2120252224,149554.85523,37633.375530481,33662.5361941974,41604.2120252224,0
"2003_Oregon_R1RFWF_fcw","R1RFWF","C",2003,"Oregon","fcw","R1RFWF_fcw","C",10313.6257055932,149554.85523,13121.2143666255,10313.6257055932,15928.8037754321,0
"2003_Oregon_R1RFWF_fcw","R1RFWF","D",2003,"Oregon","fcw","R1RFWF_fcw","D",21579.9316918162,149554.85523,24826.7910789718,21579.9316918162,28073.6548032182,0
"2003_Oregon_R1RFWF_fcw","R1RFWF","E",2003,"Oregon","fcw","R1RFWF_fcw","E",53910.6667951501,149554.85523,48660.0452855233,44748.5300232186,52571.5632398154,1339.10355533471
"2003_Oregon_R1RFWF_frm","R1RFWF","A",2003,"Oregon","frm","R1RFWF_frm","A",563.084182096118,3802.50971,643.607013699841,563.084182096118,724.12988332866,0
"2003_Oregon_R1RFWF_frm","R1RFWF","B",2003,"Oregon","frm","R1RFWF_frm","B",1057.80865462048,3802.50971,956.848078617409,855.887430366656,1057.80865462048,0
"2003_Oregon_R1RFWF_frm","R1RFWF","C",2003,"Oregon","frm","R1RFWF_frm","C",262.229279220064,3802.50971,333.613676128093,262.229279220064,404.99809204867,0
"2003_Oregon_R1RFWF_frm","R1RFWF","D",2003,"Oregon","frm","R1RFWF_frm","D",548.680948358857,3802.50971,631.234031156981,548.680948358857,713.787224227888,0
"2003_Oregon_R1RFWF_frm","R1RFWF","E",2003,"Oregon","frm","R1RFWF_frm","E",1370.70664570448,3802.50971,1237.20687237258,1137.754569451,1336.65924373933,34.0474019651506
"2003_Oregon_RaABAMlw_fsi","RaABAMlw","A",2003,"Oregon","fsi","RaABAMlw_fsi","A",103519.845048465,935569.284445,123068.444558505,103519.845048465,142617.044068546,0
"2003_Oregon_RaABAMlw_fsi","RaABAMlw","B",2003,"Oregon","fsi","RaABAMlw_fsi","B",220426.131641187,935569.284445,194814.662391244,169203.174429915,220426.131641187,0
"2003_Oregon_RaABAMlw_fsi","RaABAMlw","C",2003,"Oregon","fsi","RaABAMlw_fsi","C",66780.4808370118,935569.284445,27718.2487189368,18791.9672069385,36644.5274242273,30135.9534127845
"2003_Oregon_RaABAMlw_fsi","RaABAMlw","D",2003,"Oregon","fsi","RaABAMlw_fsi","D",54730.8826634217,935569.284445,71839.5848406182,54730.8826634217,88948.2832755375,0
"2003_Oregon_RaABAMlw_fsi","RaABAMlw","E",2003,"Oregon","fsi","RaABAMlw_fsi","E",490111.944254915,935569.284445,518128.343935696,490111.944254915,546144.743616477,0
"2003_Oregon_RaABAMlw_fsw","RaABAMlw","A",2003,"Oregon","fsw","RaABAMlw_fsw","A",33792.3820067383,305401.487405,40173.7066892739,33792.3820067383,46555.0313718095,0
"2003_Oregon_RaABAMlw_fsw","RaABAMlw","B",2003,"Oregon","fsw","RaABAMlw_fsw","B",71954.5517209701,305401.487405,63594.1011016447,55233.6443742896,71954.5517209701,0
"2003_Oregon_RaABAMlw_fsw","RaABAMlw","C",2003,"Oregon","fsw","RaABAMlw_fsw","C",21799.409745846,305401.487405,9048.17476136658,6134.33428361168,11962.014322917,9837.39542292895
"2003_Oregon_RaABAMlw_fsw","RaABAMlw","D",2003,"Oregon","fsw","RaABAMlw_fsw","D",17866.0129723189,305401.487405,23450.8725646094,17866.0129723189,29035.7309352939,0
"2003_Oregon_RaABAMlw_fsw","RaABAMlw","E",2003,"Oregon","fsw","RaABAMlw_fsw","E",159989.130959127,305401.487405,169134.632288105,159989.130959127,178280.133617084,0
"2003_Oregon_RaABAMlw_fwc","RaABAMlw","A",2003,"Oregon","fwc","RaABAMlw_fwc","A",10159.7951753045,91820.001255,12078.3622567476,10159.7951753045,13996.9293381907,0
"2003_Oregon_RaABAMlw_fwc","RaABAMlw","B",2003,"Oregon","fwc","RaABAMlw_fwc","B",21633.3819637261,91820.001255,19119.7839034101,16606.1840066941,21633.3819637261,0
"2003_Oregon_RaABAMlw_fwc","RaABAMlw","C",2003,"Oregon","fwc","RaABAMlw_fwc","C",6554.06706506129,91820.001255,2720.36467472207,1844.30857362809,3596.42050035604,2957.64656470525
"2003_Oregon_RaABAMlw_fwc","RaABAMlw","D",2003,"Oregon","fwc","RaABAMlw_fwc","D",5371.47787811761,91820.001255,7050.58500732772,5371.47787811761,8729.69176925783,0
"2003_Oregon_RaABAMlw_fwc","RaABAMlw","E",2003,"Oregon","fwc","RaABAMlw_fwc","E",48101.2791727905,91820.001255,50850.9054127925,48101.2791727905,53600.5316527945,0
"2003_Oregon_RaABAMup_fsi","RaABAMup","A",2003,"Oregon","fsi","RaABAMup_fsi","A",4205.90257817606,49085.467635,5177.60551470039,4205.90257817606,6149.30840213925,0
"2003_Oregon_RaABAMup_fsi","RaABAMup","B",2003,"Oregon","fsi","RaABAMup_fsi","B",13935.0306767385,49085.467635,12637.8133384133,11340.5950674643,13935.0306767385,0
"2003_Oregon_RaABAMup_fsi","RaABAMup","C",2003,"Oregon","fsi","RaABAMup_fsi","C",1568.05725388958,49085.467635,1139.25313699741,710.449020105246,1568.05725388958,0
"2003_Oregon_RaABAMup_fsi","RaABAMup","D",2003,"Oregon","fsi","RaABAMup_fsi","D",2067.96716822341,49085.467635,1343.47214521254,858.348589892668,1828.59584778882,239.371320434597
"2003_Oregon_RaABAMup_fsi","RaABAMup","E",2003,"Oregon","fsi","RaABAMup_fsi","E",27308.5099579725,49085.467635,28787.3242850438,27308.5099579725,30266.1386121151,0
"2003_Oregon_RaABAMup_fst","RaABAMup","A",2003,"Oregon","fst","RaABAMup_fst","A",226.785221454437,2646.722895,279.180126365231,226.785221454437,331.575028629302,0
"2003_Oregon_RaABAMup_fst","RaABAMup","B",2003,"Oregon","fst","RaABAMup_fst","B",832.012774630987,2646.722895,681.439772647996,611.492852246551,751.386642761706,80.6261318692817
"2003_Oregon_RaABAMup_fst","RaABAMup","C",2003,"Oregon","fst","RaABAMup_fst","C",66.940895,2646.722895,61.429329416057,38.307910219482,84.550748612632,0
"2003_Oregon_RaABAMup_fst","RaABAMup","D",2003,"Oregon","fst","RaABAMup_fst","D",46.2827589145752,2646.722895,72.4409617928008,46.2827589145752,98.5991726111951,0
"2003_Oregon_RaABAMup_fst","RaABAMup","E",2003,"Oregon","fst","RaABAMup_fst","E",1474.701245,2646.722895,1552.23274712548,1472.49403981565,1631.97145443532,0
"2003_Oregon_RaABAMup_fsw","RaABAMup","A",2003,"Oregon","fsw","RaABAMup_fsw","A",43.7144187897218,510.17413,53.8138988221024,43.7144187897218,63.9133783443089,0
"2003_Oregon_RaABAMup_fsw","RaABAMup","B",2003,"Oregon","fsw","RaABAMup_fsw","B",144.834968363613,510.17413,131.35222573351,117.869473410099,144.834968363613,0
"2003_Oregon_RaABAMup_fsw","RaABAMup","C",2003,"Oregon","fsw","RaABAMup_fsw","C",28.8700183456045,510.17413,11.8409277943395,7.38411444781882,16.2977411408602,12.5722772047443
"2003_Oregon_RaABAMup_fsw","RaABAMup","D",2003,"Oregon","fsw","RaABAMup_fsw","D",8.92132164944421,510.17413,13.9634960383737,8.92132164944421,19.0056719578255,0
"2003_Oregon_RaABAMup_fsw","RaABAMup","E",2003,"Oregon","fsw","RaABAMup_fsw","E",283.833402851617,510.17413,299.20358977446,283.833402851617,314.573776697304,0
"2003_Oregon_RaDFHEdy_fdg","RaDFHEdy","A",2003,"Oregon","fdg","RaDFHEdy_fdg","A",48.6797320740138,1354.38555,76.3946410949578,57.0788481000171,95.7104408618264,-8.3991160260033
"2003_Oregon_RaDFHEdy_fdg","RaDFHEdy","B",2003,"Oregon","fdg","RaDFHEdy_fdg","B",236.62828,1354.38555,230.114441687531,201.565573507082,258.66328548904,0
"2003_Oregon_RaDFHEdy_fdg","RaDFHEdy","C",2003,"Oregon","fdg","RaDFHEdy_fdg","C",98.1009679259862,1354.38555,79.4670200204097,60.8330653429054,98.1009679259862,0
"2003_Oregon_RaDFHEdy_fdg","RaDFHEdy","D",2003,"Oregon","fdg","RaDFHEdy_fdg","D",166.696123968045,1354.38555,207.514297593479,175.301942458137,239.726666272677,-8.60581849009108
"2003_Oregon_RaDFHEdy_fdg","RaDFHEdy","E",2003,"Oregon","fdg","RaDFHEdy_fdg","E",804.280446031955,1354.38555,760.895149603622,717.509851820904,804.280446031955,0
"2003_Oregon_RaDFHEdy_fwi","RaDFHEdy","A",2003,"Oregon","fwi","RaDFHEdy_fwi","A",229444.763184017,2964966.58168,167240.087481727,124954.727357612,209525.462430676,19919.3007533416
"2003_Oregon_RaDFHEdy_fwi","RaDFHEdy","B",2003,"Oregon","fwi","RaDFHEdy_fwi","B",566255.301071808,2964966.58168,503757.316050427,441259.277659646,566255.301071808,0
"2003_Oregon_RaDFHEdy_fwi","RaDFHEdy","C",2003,"Oregon","fwi","RaDFHEdy_fwi","C",214758.708501439,2964966.58168,173966.016328371,133173.309330471,214758.708501439,0
"2003_Oregon_RaDFHEdy_fwi","RaDFHEdy","D",2003,"Oregon","fwi","RaDFHEdy_fwi","D",383763.988837569,2964966.58168,454281.986089902,383763.988837569,524800.0129919,0
"2003_Oregon_RaDFHEdy_fwi","RaDFHEdy","E",2003,"Oregon","fwi","RaDFHEdy_fwi","E",1570743.82008517,2964966.58168,1665721.17572957,1570743.82008517,1760698.52840901,0
"2003_Oregon_RaDFHEdy_fwx","RaDFHEdy","A",2003,"Oregon","fwx","RaDFHEdy_fwx","A",4669.09663734667,110789.849965,6249.14436294776,4669.09663734667,7829.1926424981,0
"2003_Oregon_RaDFHEdy_fwx","RaDFHEdy","B",2003,"Oregon","fwx","RaDFHEdy_fwx","B",21158.8691202329,110789.849965,18823.5502581531,16488.2294018559,21158.8691202329,0
"2003_Oregon_RaDFHEdy_fwx","RaDFHEdy","C",2003,"Oregon","fwx","RaDFHEdy_fwx","C",11929.1464207854,110789.849965,6500.46748152832,4976.1946900951,8024.73971901228,3904.40670177315
"2003_Oregon_RaDFHEdy_fwx","RaDFHEdy","D",2003,"Oregon","fwx","RaDFHEdy_fwx","D",14339.8428191367,110789.849965,16974.8399161331,14339.8428191367,19609.838121028,0
"2003_Oregon_RaDFHEdy_fwx","RaDFHEdy","E",2003,"Oregon","fwx","RaDFHEdy_fwx","E",58692.8949674983,110789.849965,62241.8479462377,58692.8949674983,65790.8008141873,0
"2003_Oregon_RaDFHEwt_fdm","RaDFHEwt","A",2003,"Oregon","fdm","RaDFHEwt_fdm","A",8590.72541444284,143058.69728,6626.81576124169,4662.90653721664,8590.72541444284,0
"2003_Oregon_RaDFHEwt_fdm","RaDFHEwt","B",2003,"Oregon","fdm","RaDFHEwt_fdm","B",27606.1199312247,143058.69728,24324.1478402735,21042.1744617941,27606.1199312247,0
"2003_Oregon_RaDFHEwt_fdm","RaDFHEwt","C",2003,"Oregon","fdm","RaDFHEwt_fdm","C",1621.36690420127,143058.69728,865.747889153284,110.128731046603,1621.36690420127,2.27373675443232e-13
"2003_Oregon_RaDFHEwt_fdm","RaDFHEwt","D",2003,"Oregon","fdm","RaDFHEwt_fdm","D",5417.319805,143058.69728,4974.18809968689,3263.49849219533,6684.87756411976,0
"2003_Oregon_RaDFHEwt_fdm","RaDFHEwt","E",2003,"Oregon","fdm","RaDFHEwt_fdm","E",99823.1652251312,143058.69728,106267.796831292,102226.785907135,110308.818627911,-2403.62068200359
"2003_Oregon_RaDFHEwt_fhc","RaDFHEwt","A",2003,"Oregon","fhc","RaDFHEwt_fhc","A",8176.59001264533,136162.22833,6307.35507829332,4438.12055242799,8176.59001264533,0
"2003_Oregon_RaDFHEwt_fhc","RaDFHEwt","B",2003,"Oregon","fhc","RaDFHEwt_fhc","B",26275.3043110948,136162.22833,23151.5471280825,20027.7887196101,26275.3043110948,0
"2003_Oregon_RaDFHEwt_fhc","RaDFHEwt","C",2003,"Oregon","fhc","RaDFHEwt_fhc","C",1543.20523543186,136162.22833,824.012548697976,104.819725801859,1543.20523543187,0
"2003_Oregon_RaDFHEwt_fhc","RaDFHEwt","D",2003,"Oregon","fhc","RaDFHEwt_fhc","D",5102.18609,136162.22833,4734.39608121347,3106.17414598137,6362.61788028333,0
"2003_Oregon_RaDFHEwt_fhc","RaDFHEwt","E",2003,"Oregon","fhc","RaDFHEwt_fhc","E",95064.9426808281,136162.22833,101144.916676739,97298.711848925,104991.131852883,-2233.76916809696
"2003_Oregon_RaDFHEwt_fwc","RaDFHEwt","A",2003,"Oregon","fwc","RaDFHEwt_fwc","A",21.9420981990747,365.394985,16.9259562103897,11.9098153178896,21.9420981990747,0
"2003_Oregon_RaDFHEwt_fwc","RaDFHEwt","B",2003,"Oregon","fwc","RaDFHEwt_fwc","B",70.5104825499363,365.394985,62.1277965214429,53.7451072043945,70.5104825499363,0
"2003_Oregon_RaDFHEwt_fwc","RaDFHEwt","C",2003,"Oregon","fwc","RaDFHEwt_fwc","C",4.14123256330633,365.394985,2.21125973453955,0.281286540377775,4.14123256330633,0
"2003_Oregon_RaDFHEwt_fwc","RaDFHEwt","D",2003,"Oregon","fwc","RaDFHEwt_fwc","D",7.69747360194743,365.394985,12.7048786311461,8.33550147789544,17.0742554190018,-0.63802787594801
"2003_Oregon_RaDFHEwt_fwc","RaDFHEwt","E",2003,"Oregon","fwc","RaDFHEwt_fwc","E",261.103698085735,365.394985,271.425091710112,261.103698085735,281.746513104507,0
"2003_Oregon_RaDFHEwt_fwm","RaDFHEwt","A",2003,"Oregon","fwm","RaDFHEwt_fwm","A",43761.3847517473,728744.82558,33757.1765149298,23752.9704643469,43761.3847517473,0
"2003_Oregon_RaDFHEwt_fwm","RaDFHEwt","B",2003,"Oregon","fwm","RaDFHEwt_fwm","B",140626.312392916,728744.82558,123907.858887797,107189.398823974,140626.312392916,0
"2003_Oregon_RaDFHEwt_fwm","RaDFHEwt","C",2003,"Oregon","fwm","RaDFHEwt_fwm","C",8259.28632280733,728744.82558,4410.14287472801,560.998697903868,8259.28632280733,0
"2003_Oregon_RaDFHEwt_fwm","RaDFHEwt","D",2003,"Oregon","fwm","RaDFHEwt_fwm","D",21808.0537,728744.82558,25338.6470590712,16624.3484995579,34052.9448898397,0
"2003_Oregon_RaDFHEwt_fwm","RaDFHEwt","E",2003,"Oregon","fwm","RaDFHEwt_fwm","E",514289.788412529,728744.82558,541330.995871005,520745.978272751,561916.068853866,-6456.1898602217
"2003_Oregon_RaDFHEwt_fwn","RaDFHEwt","A",2003,"Oregon","fwn","RaDFHEwt_fwn","A",111911.859040865,1863633.62722,86327.8984700225,60743.9434900809,111911.859040865,0
"2003_Oregon_RaDFHEwt_fwn","RaDFHEwt","B",2003,"Oregon","fwn","RaDFHEwt_fwn","B",359626.463815781,1863633.62722,316872.030365832,274117.58014318,359626.463815781,0
"2003_Oregon_RaDFHEwt_fwn","RaDFHEwt","C",2003,"Oregon","fwn","RaDFHEwt_fwn","C",21121.6370775208,1863633.62722,11278.1460309464,1434.65312073836,21121.6370775208,1.09139364212751e-11
"2003_Oregon_RaDFHEwt_fwn","RaDFHEwt","D",2003,"Oregon","fwn","RaDFHEwt_fwn","D",87084.272813966,1863633.62722,64799.0257631825,42513.7768487653,87084.272813966,0
"2003_Oregon_RaDFHEwt_fwn","RaDFHEwt","E",2003,"Oregon","fwn","RaDFHEwt_fwn","E",1283889.39447187,1863633.62722,1384356.51540822,1331714.04074983,1436999.13170275,-47824.6462779655
"2003_Oregon_RaDFHEwt_fww","RaDFHEwt","A",2003,"Oregon","fww","RaDFHEwt_fww","A",30285.7579916777,504339.37478,23362.1875590372,16438.6186394149,30285.7579916777,0
"2003_Oregon_RaDFHEwt_fww","RaDFHEwt","B",2003,"Oregon","fww","RaDFHEwt_fww","B",97322.6621724734,504339.37478,85752.3921793386,74182.1176471495,97322.6621724734,0
"2003_Oregon_RaDFHEwt_fww","RaDFHEwt","C",2003,"Oregon","fww","RaDFHEwt_fww","C",5715.96964254037,504339.37478,3052.109081338,388.248015796266,5715.96964254036,3.63797880709171e-12
"2003_Oregon_RaDFHEwt_fww","RaDFHEwt","D",2003,"Oregon","fww","RaDFHEwt_fww","D",23566.8787376854,504339.37478,17536.011189338,11505.1431366513,23566.8787376854,0
"2003_Oregon_RaDFHEwt_fww","RaDFHEwt","E",2003,"Oregon","fww","RaDFHEwt_fww","E",347448.106235623,504339.37478,374636.671744912,360390.484957821,388882.896861796,-12942.3787221975
"2003_Oregon_RaDFWV_fwx","RaDFWV","A",2003,"Oregon","fwx","RaDFWV_fwx","A",182835.379963668,1274299.998525,158023.877176788,133212.387132907,182835.379963668,0
"2003_Oregon_RaDFWV_fwx","RaDFWV","B",2003,"Oregon","fwx","RaDFWV_fwx","B",236239.043762354,1274299.998525,207163.290998309,178087.512748264,236239.043762354,0
"2003_Oregon_RaDFWV_fwx","RaDFWV","C",2003,"Oregon","fwx","RaDFWV_fwx","C",84466.64153563,1274299.998525,107203.725372212,84466.64153563,129940.814305994,0
"2003_Oregon_RaDFWV_fwx","RaDFWV","D",2003,"Oregon","fwx","RaDFWV_fwx","D",336709.00349256,1274299.998525,405036.88403537,368806.220948507,441267.547122234,-32097.2174559475
"2003_Oregon_RaDFWV_fwx","RaDFWV","E",2003,"Oregon","fwx","RaDFWV_fwx","E",434049.929770788,1274299.998525,396872.209473621,359694.512113854,434049.929770788,0
"2003_Oregon_RaMCONdy_fdd","RaMCONdy","A",2003,"Oregon","fdd","RaMCONdy_fdd","A",247752.542402703,1523190.91643,212728.663652086,177704.783378278,247752.542402703,0
"2003_Oregon_RaMCONdy_fdd","RaMCONdy","B",2003,"Oregon","fdd","RaMCONdy_fdd","B",17229.4019306244,1523190.91643,9995.90230929896,2762.40268797354,17229.4019306244,0
"2003_Oregon_RaMCONdy_fdd","RaMCONdy","C",2003,"Oregon","fdd","RaMCONdy_fdd","C",525050.958220982,1523190.91643,481535.363224432,438019.769751073,525050.958220982,0
"2003_Oregon_RaMCONdy_fdd","RaMCONdy","D",2003,"Oregon","fdd","RaMCONdy_fdd","D",582535.111080645,1523190.91643,631381.182756024,582535.111080645,680227.252908213,0
"2003_Oregon_RaMCONdy_fdd","RaMCONdy","E",2003,"Oregon","fdd","RaMCONdy_fdd","E",150622.902795045,1523190.91643,187549.795349013,156252.168604041,218847.423617176,-5629.26580899593
"2003_Oregon_RaMCONdy_fdg","RaMCONdy","A",2003,"Oregon","fdg","RaMCONdy_fdg","A",121692.586363839,1043084.14564,145677.008696153,121692.586363839,169661.429985384,0
"2003_Oregon_RaMCONdy_fdg","RaMCONdy","B",2003,"Oregon","fdg","RaMCONdy_fdg","B",87718.1663814309,1043084.14564,6845.21362865886,1891.69881241932,11798.7284448984,75919.4379365325
"2003_Oregon_RaMCONdy_fdg","RaMCONdy","C",2003,"Oregon","fdg","RaMCONdy_fdg","C",327750.405745,1043084.14564,329756.3670624,299956.802772349,359555.932395534,0
"2003_Oregon_RaMCONdy_fdg","RaMCONdy","D",2003,"Oregon","fdg","RaMCONdy_fdg","D",398921.193720749,1043084.14564,432371.080003422,398921.193720749,465820.96524301,0
"2003_Oregon_RaMCONdy_fdg","RaMCONdy","E",2003,"Oregon","fdg","RaMCONdy_fdg","E",107001.793428981,1043084.14564,128434.469990862,107001.793428981,149867.147595827,0
"2003_Oregon_RaMCONdy_fdx","RaMCONdy","A",2003,"Oregon","fdx","RaMCONdy_fdx","A",536.277111143794,4596.682255,641.972101324794,536.277111143794,747.667086909112,0
"2003_Oregon_RaMCONdy_fdx","RaMCONdy","B",2003,"Oregon","fdx","RaMCONdy_fdx","B",320.139548641727,4596.682255,30.1656123813811,8.33637286042456,51.9948519023377,268.14469673939
"2003_Oregon_RaMCONdy_fdx","RaMCONdy","C",2003,"Oregon","fdx","RaMCONdy_fdx","C",1321.85511431027,4596.682255,1453.17637822878,1321.85511431027,1584.49764674398,0
"2003_Oregon_RaMCONdy_fdx","RaMCONdy","D",2003,"Oregon","fdx","RaMCONdy_fdx","D",1757.97319898337,4596.682255,1905.38076849732,1757.97319898337,2052.78833341459,0
"2003_Oregon_RaMCONdy_fdx","RaMCONdy","E",2003,"Oregon","fdx","RaMCONdy_fdx","E",660.43728192084,4596.682255,565.98736698763,471.537456651103,660.43728192084,0
"2003_Oregon_RaMCONdy_fmd","RaMCONdy","A",2003,"Oregon","fmd","RaMCONdy_fmd","A",69508.3789060698,595788.865965,83207.8027175857,69508.3789060698,96907.2259333128,0
"2003_Oregon_RaMCONdy_fmd","RaMCONdy","B",2003,"Oregon","fmd","RaMCONdy_fmd","B",20854.3887237444,595788.865965,3909.84953817366,1080.50064312608,6739.19843322124,14115.1902905231
"2003_Oregon_RaMCONdy_fmd","RaMCONdy","C",2003,"Oregon","fmd","RaMCONdy_fmd","C",191969.14005,595788.865965,188350.261863391,171329.344913563,205371.179409007,0
"2003_Oregon_RaMCONdy_fmd","RaMCONdy","D",2003,"Oregon","fmd","RaMCONdy_fmd","D",227855.831775165,595788.865965,246961.739863513,227855.831775165,266067.647356073,0
"2003_Oregon_RaMCONdy_fmd","RaMCONdy","E",2003,"Oregon","fmd","RaMCONdy_fmd","E",85601.1265100211,595788.865965,73359.2084076032,61117.2909009742,85601.1265100211,0
"2003_Oregon_RaMCONdy_fmx","RaMCONdy","A",2003,"Oregon","fmx","RaMCONdy_fmx","A",77200.86593,596169.8286,83261.0079142362,69552.824340846,96969.1908914566,0
"2003_Oregon_RaMCONdy_fmx","RaMCONdy","B",2003,"Oregon","fmx","RaMCONdy_fmx","B",46658.9953102856,596169.8286,3912.34959594179,1081.1915428653,6743.50764901827,39915.4876612673
"2003_Oregon_RaMCONdy_fmx","RaMCONdy","C",2003,"Oregon","fmx","RaMCONdy_fmx","C",183152.06788,596169.8286,188470.697836873,171438.897277529,205502.498992387,0
"2003_Oregon_RaMCONdy_fmx","RaMCONdy","D",2003,"Oregon","fmx","RaMCONdy_fmx","D",228001.528620191,596169.8286,247119.653514703,228001.528620191,266237.777813044,0
"2003_Oregon_RaMCONdy_fmx","RaMCONdy","E",2003,"Oregon","fmx","RaMCONdy_fmx","E",61156.3708595229,596169.8286,73406.116161227,61156.3708595229,85655.8620591009,0
"2003_Oregon_RaMCONms_fcm","RaMCONms","A",2003,"Oregon","fcm","RaMCONms_fcm","A",224904.94124183,1811014.747825,262887.761026282,224904.94124183,300870.597109867,0
"2003_Oregon_RaMCONms_fcm","RaMCONms","B",2003,"Oregon","fcm","RaMCONms_fcm","B",752102.658608906,1811014.747825,804177.692252951,752102.658608906,856252.65526742,0
"2003_Oregon_RaMCONms_fcm","RaMCONms","C",2003,"Oregon","fcm","RaMCONms_fcm","C",390673.906982513,1811014.747825,226657.708322321,189235.096973873,264080.335969902,126593.571012611
"2003_Oregon_RaMCONms_fcm","RaMCONms","D",2003,"Oregon","fcm","RaMCONms_fcm","D",141079.119165283,1811014.747825,174613.987123266,141079.119165283,208148.871380381,0
"2003_Oregon_RaMCONms_fcm","RaMCONms","E",2003,"Oregon","fcm","RaMCONms_fcm","E",302254.121826468,1811014.747825,342677.600911195,302254.121826468,383101.114405202,0
"2003_Oregon_RaMCONms_fmm","RaMCONms","A",2003,"Oregon","fmm","RaMCONms_fmm","A",104572.946393266,842058.6364,122233.631637676,104572.946393266,139894.324460614,0
"2003_Oregon_RaMCONms_fmm","RaMCONms","B",2003,"Oregon","fmm","RaMCONms_fmm","B",349701.480841959,842058.6364,373914.553581125,349701.480841959,398127.593480004,0
"2003_Oregon_RaMCONms_fmm","RaMCONms","C",2003,"Oregon","fmm","RaMCONms_fmm","C",177161.785072561,842058.6364,105387.921897743,87987.7140195651,122788.137354449,54373.6477181114
"2003_Oregon_RaMCONms_fmm","RaMCONms","D",2003,"Oregon","fmm","RaMCONms_fmm","D",65596.8654322141,842058.6364,81189.4083524011,65596.8654322141,96781.9588511158,0
"2003_Oregon_RaMCONms_fmm","RaMCONms","E",2003,"Oregon","fmm","RaMCONms_fmm","E",145025.55866,842058.6364,159333.121773113,140537.615155892,178128.644389448,0
"2003_Oregon_RaMCONsw_fdm","RaMCONsw","A",2003,"Oregon","fdm","RaMCONsw_fdm","A",31253.831166954,252622.9284,36871.6517647795,31253.831166954,42489.4748888343,0
"2003_Oregon_RaMCONsw_fdm","RaMCONsw","B",2003,"Oregon","fdm","RaMCONsw_fdm","B",19549.0098268761,252622.9284,7259.65667129685,4568.47017275607,9950.84342246055,9598.16640441554
"2003_Oregon_RaMCONsw_fdm","RaMCONsw","C",2003,"Oregon","fdm","RaMCONsw_fdm","C",27018.9730650825,252622.9284,31798.2691974889,27018.9730650825,36577.563056289,0
"2003_Oregon_RaMCONsw_fdm","RaMCONsw","D",2003,"Oregon","fdm","RaMCONsw_fdm","D",123302.864823235,252622.9284,131011.56279173,123302.864823235,138720.260760225,0
"2003_Oregon_RaMCONsw_fdm","RaMCONsw","E",2003,"Oregon","fdm","RaMCONsw_fdm","E",51498.249517852,252622.9284,45681.7902483109,39865.3309787699,51498.249517852,0
"2003_Oregon_RaMCONsw_fiw","RaMCONsw","A",2003,"Oregon","fiw","RaMCONsw_fiw","A",149885.881633477,1211519.002,176827.602431345,149885.881633477,203769.335344403,0
"2003_Oregon_RaMCONsw_fiw","RaMCONsw","B",2003,"Oregon","fiw","RaMCONsw_fiw","B",81823.3913654849,1211519.002,34815.5730003492,21909.2877254613,47721.8594867562,34101.5318787287
"2003_Oregon_RaMCONsw_fiw","RaMCONsw","C",2003,"Oregon","fiw","RaMCONsw_fiw","C",141505.4906,1211519.002,152496.875906966,129576.517421424,175417.223488837,0
"2003_Oregon_RaMCONsw_fiw","RaMCONsw","D",2003,"Oregon","fiw","RaMCONsw_fiw","D",591330.979656188,1211519.002,628300.047066896,591330.979656188,665269.114477605,0
"2003_Oregon_RaMCONsw_fiw","RaMCONsw","E",2003,"Oregon","fiw","RaMCONsw_fiw","E",246973.25874485,1211519.002,219078.914498115,191184.570251379,246973.25874485,0
"2003_Oregon_RaMCONsw_fvw","RaMCONsw","A",2003,"Oregon","fvw","RaMCONsw_fvw","A",14159.3127994382,114448.9149,16704.4241066192,14159.3127994382,19249.5365582892,0
"2003_Oregon_RaMCONsw_fvw","RaMCONsw","B",2003,"Oregon","fvw","RaMCONsw_fvw","B",8856.53165461208,114448.9149,3288.93277359566,2069.71100104209,4508.15466059815,4348.37699401393
"2003_Oregon_RaMCONsw_fvw","RaMCONsw","C",2003,"Oregon","fvw","RaMCONsw_fvw","C",12240.7422342707,114448.9149,14405.9663483447,12240.7422342707,16571.1894323786,0
"2003_Oregon_RaMCONsw_fvw","RaMCONsw","D",2003,"Oregon","fvw","RaMCONsw_fvw","D",55861.4341637909,114448.9149,59353.801714804,55861.4341637909,62846.169265817,0
"2003_Oregon_RaMCONsw_fvw","RaMCONsw","E",2003,"Oregon","fvw","RaMCONsw_fvw","E",23330.8940478881,114448.9149,20695.7909866767,18060.6879254653,23330.8940478881,0
"2003_Oregon_RaMEVG_ftd","RaMEVG","A",2003,"Oregon","ftd","RaMEVG_ftd","A",72634.207,430468.873975,71260.8143637336,60888.42449133,81633.2007923863,0
"2003_Oregon_RaMEVG_ftd","RaMEVG","B",2003,"Oregon","ftd","RaMEVG_ftd","B",39385.7616774711,430468.873975,32388.5301646128,25391.29649941,39385.7616774711,0
"2003_Oregon_RaMEVG_ftd","RaMEVG","C",2003,"Oregon","ftd","RaMEVG_ftd","C",207551.09362001,430468.873975,222228.833862823,207551.09362001,236906.573675167,0
"2003_Oregon_RaMEVG_ftd","RaMEVG","D",2003,"Oregon","ftd","RaMEVG_ftd","D",76488.5570794793,430468.873975,88152.5520199589,76488.5570794793,99816.538351061,0
"2003_Oregon_RaMEVG_ftd","RaMEVG","E",2003,"Oregon","ftd","RaMEVG_ftd","E",34409.2545980393,430468.873975,16438.1538951245,10989.1867680099,21887.1214527079,12522.1331453314
"2003_Oregon_RaMEVG_fuc","RaMEVG","A",2003,"Oregon","fuc","RaMEVG_fuc","A",21544.4632077359,108908.16587,18028.910009432,15404.7064374969,20653.1127101017,891.350497634241
"2003_Oregon_RaMEVG_fuc","RaMEVG","B",2003,"Oregon","fuc","RaMEVG_fuc","B",9964.55568570429,108908.16587,8194.26357794687,6423.97092564862,9964.55568570429,0
"2003_Oregon_RaMEVG_fuc","RaMEVG","C",2003,"Oregon","fuc","RaMEVG_fuc","C",52510.2052599992,108908.16587,56223.6578824852,52510.2052599992,59937.110396063,0
"2003_Oregon_RaMEVG_fuc","RaMEVG","D",2003,"Oregon","fuc","RaMEVG_fuc","D",19351.5233392988,108908.16587,22302.5016155083,19351.5233392988,25253.4777135545,0
"2003_Oregon_RaMEVG_fuc","RaMEVG","E",2003,"Oregon","fuc","RaMEVG_fuc","E",5537.41837726178,108908.16587,4158.83539842365,2780.2525284937,5537.41837726178,0
"2003_Oregon_RaOAPI_fop","RaOAPI","A",2003,"Oregon","fop","RaOAPI_fop","A",17209.4546526124,77063.648215,19367.1407042631,17209.4546526124,21524.8267559137,0
"2003_Oregon_RaOAPI_fop","RaOAPI","B",2003,"Oregon","fop","RaOAPI_fop","B",3880.58778532822,77063.648215,2934.0331042607,1987.47826906589,3880.58778532822,0
"2003_Oregon_RaOAPI_fop","RaOAPI","C",2003,"Oregon","fop","RaOAPI_fop","C",12785.1136259713,77063.648215,14785.1146608084,12785.1136259713,16785.1156956456,0
"2003_Oregon_RaOAPI_fop","RaOAPI","D",2003,"Oregon","fop","RaOAPI_fop","D",34961.5979893013,77063.648215,37530.7645428958,34961.5979893013,40099.934024909,0
"2003_Oregon_RaOAPI_fop","RaOAPI","E",2003,"Oregon","fop","RaOAPI_fop","E",8226.89416178686,77063.648215,2446.59389268995,1607.57945198796,3285.60841045558,4941.28575133128
"2003_Oregon_RaPICOpu_fld","RaPICOpu","A",2003,"Oregon","fld","RaPICOpu_fld","A",86979.0775701657,357333.388645,77287.4331633286,67595.781967157,86979.0775701657,0
"2003_Oregon_RaPICOpu_fld","RaPICOpu","B",2003,"Oregon","fld","RaPICOpu_fld","B",57269.646390107,357333.388645,49555.0079159574,41840.3697991412,57269.646390107,0
"2003_Oregon_RaPICOpu_fld","RaPICOpu","C",2003,"Oregon","fld","RaPICOpu_fld","C",159777.195227926,357333.388645,170508.224552983,159777.195227926,181239.25387804,0
"2003_Oregon_RaPICOpu_fld","RaPICOpu","D",2003,"Oregon","fld","RaPICOpu_fld","D",31907.2881868012,357333.388645,38909.8961881996,32431.497238741,45388.2983536587,-524.209051939761
"2003_Oregon_RaPICOpu_fld","RaPICOpu","E",2003,"Oregon","fld","RaPICOpu_fld","E",21400.18127,357333.388645,21072.8268245314,16015.1929323265,26130.4607167363,0
"2003_Oregon_RaPICOpu_flp","RaPICOpu","A",2003,"Oregon","flp","RaPICOpu_flp","A",4713.08588187006,24914.91185,5388.83195796219,4713.08588187006,6064.57756067099,0
"2003_Oregon_RaPICOpu_flp","RaPICOpu","B",2003,"Oregon","flp","RaPICOpu_flp","B",4978.22546554013,24914.91185,3455.20092212465,2917.30120510134,3993.10066406287,985.124801477258
"2003_Oregon_RaPICOpu_flp","RaPICOpu","C",2003,"Oregon","flp","RaPICOpu_flp","C",11140.3939884802,24914.91185,11888.6102430748,11140.3939884802,12636.8264976694,0
"2003_Oregon_RaPICOpu_flp","RaPICOpu","D",2003,"Oregon","flp","RaPICOpu_flp","D",2261.27174382101,24914.91185,2712.97523385017,2261.27174382101,3164.67894811354,0
"2003_Oregon_RaPICOpu_flp","RaPICOpu","E",2003,"Oregon","flp","RaPICOpu_flp","E",1821.93477028859,24914.91185,1469.29349298818,1116.65221568777,1821.93477028859,0
"2003_Oregon_RaPICOpu_flw","RaPICOpu","A",2003,"Oregon","flw","RaPICOpu_flw","A",14620.2473,75354.765035,16298.4388004303,14254.6552585172,18342.2209106028,0
"2003_Oregon_RaPICOpu_flw","RaPICOpu","B",2003,"Oregon","flw","RaPICOpu_flw","B",14690.9737816481,75354.765035,10450.2016785349,8823.33231480946,12077.0711176151,2613.90266403304
"2003_Oregon_RaPICOpu_flw","RaPICOpu","C",2003,"Oregon","flw","RaPICOpu_flw","C",33693.9490877329,75354.765035,35956.9175621866,33693.9490877329,38219.8860366404,0
"2003_Oregon_RaPICOpu_flw","RaPICOpu","D",2003,"Oregon","flw","RaPICOpu_flw","D",6839.18136904494,75354.765035,8205.35157914091,6839.18136904494,9571.52246742976,0
"2003_Oregon_RaPICOpu_flw","RaPICOpu","E",2003,"Oregon","flw","RaPICOpu_flw","E",5510.41349657409,75354.765035,4443.85541470735,3377.2973328406,5510.41349657409,0
"2003_Oregon_RaPIJEsp_fjp","RaPIJEsp","A",2003,"Oregon","fjp","RaPIJEsp_fjp","A",14723.4780385203,81797.103395,12269.56550925,10797.2174845458,13741.9127159832,981.565322537106
"2003_Oregon_RaPIJEsp_fjp","RaPIJEsp","B",2003,"Oregon","fjp","RaPIJEsp_fjp","B",2126.7246064729,81797.103395,817.97103395,0,2126.7246064729,0
"2003_Oregon_RaPIJEsp_fjp","RaPIJEsp","C",2003,"Oregon","fjp","RaPIJEsp_fjp","C",33700.4072531168,81797.103395,35990.7254938,33700.4072531168,38281.0437344832,0
"2003_Oregon_RaPIJEsp_fjp","RaPIJEsp","D",2003,"Oregon","fjp","RaPIJEsp_fjp","D",29446.9572222,81797.103395,31900.87032405,29446.9572222,34354.7834259,0
"2003_Oregon_RaPIJEsp_fjp","RaPIJEsp","E",2003,"Oregon","fjp","RaPIJEsp_fjp","E",1799.53627469,81797.103395,817.97103395,0,1799.53627469,0
"2003_Oregon_RaPIPOm_fdp","RaPIPOm","A",2003,"Oregon","fdp","RaPIPOm_fdp","A",148461.433806424,1034738.10608,111463.185978926,92214.2385792374,130712.133378615,17749.3004278091
"2003_Oregon_RaPIPOm_fdp","RaPIPOm","B",2003,"Oregon","fdp","RaPIPOm_fdp","B",86157.3794152741,1034738.10608,71314.3147943925,56471.2460345584,86157.3794152741,0
"2003_Oregon_RaPIPOm_fdp","RaPIPOm","C",2003,"Oregon","fdp","RaPIPOm_fdp","C",354569.149823814,1034738.10608,384964.107779862,354569.149823814,415359.026415861,0
"2003_Oregon_RaPIPOm_fdp","RaPIPOm","D",2003,"Oregon","fdp","RaPIPOm_fdp","D",405918.004539058,1034738.10608,438347.908461927,405918.004539058,470777.813419535,0
"2003_Oregon_RaPIPOm_fdp","RaPIPOm","E",2003,"Oregon","fdp","RaPIPOm_fdp","E",39632.1384954291,1034738.10608,28648.6149333446,17665.090336522,39632.1384954291,0
"2003_Oregon_RaPIPOm_fpd","RaPIPOm","A",2003,"Oregon","fpd","RaPIPOm_fpd","A",10063.81854,82094.00072,8843.26074031723,7316.08870286727,10370.4327777672,0
"2003_Oregon_RaPIPOm_fpd","RaPIPOm","B",2003,"Oregon","fpd","RaPIPOm_fpd","B",8550.3572677464,82094.00072,5657.93158256851,4480.31292689429,6835.54990986674,1714.80735787966
"2003_Oregon_RaPIPOm_fpd","RaPIPOm","C",2003,"Oregon","fpd","RaPIPOm_fpd","C",28130.7896847432,82094.00072,30542.2633568409,28130.7896847432,32953.7339093665,0
"2003_Oregon_RaPIPOm_fpd","RaPIPOm","D",2003,"Oregon","fpd","RaPIPOm_fpd","D",32204.7025823112,82094.00072,34777.6246969509,32204.7025823112,37350.5468936845,0
"2003_Oregon_RaPIPOm_fpd","RaPIPOm","E",2003,"Oregon","fpd","RaPIPOm_fpd","E",3144.33264519916,82094.00072,2272.92239567251,1401.51206405187,3144.33264519916,4.54747350886464e-13
"2003_Oregon_RaPIPOm_fpl","RaPIPOm","A",2003,"Oregon","fpl","RaPIPOm_fpl","A",138135.608061146,962769.74971,103710.671363362,85800.5314339574,121620.811292766,16514.7967683798
"2003_Oregon_RaPIPOm_fpl","RaPIPOm","B",2003,"Oregon","fpl","RaPIPOm_fpl","B",80164.9404114047,962769.74971,66354.2442304034,52543.5441983231,80164.9404114047,0
"2003_Oregon_RaPIPOm_fpl","RaPIPOm","C",2003,"Oregon","fpl","RaPIPOm_fpl","C",329908.070095148,962769.74971,358188.990544334,329908.070095148,386469.874408269,0
"2003_Oregon_RaPIPOm_fpl","RaPIPOm","D",2003,"Oregon","fpl","RaPIPOm_fpl","D",377685.496780802,962769.74971,407859.828140091,377685.496780802,438034.160462149,0
"2003_Oregon_RaPIPOm_fpl","RaPIPOm","E",2003,"Oregon","fpl","RaPIPOm_fpl","E",36875.6343614993,962769.74971,26656.0395010541,16436.4436778391,36875.6343614993,0
"2003_Oregon_RaPIPOxe_fpd","RaPIPOxe","A",2003,"Oregon","fpd","RaPIPOxe_fpd","A",136370.020849948,643144.1005,152046.449920947,136370.020849948,167722.878991946,0
"2003_Oregon_RaPIPOxe_fpd","RaPIPOxe","B",2003,"Oregon","fpd","RaPIPOxe_fpd","B",77648.1667974606,643144.1005,37167.0538162809,26847.0291625409,47487.0758974445,30161.0909000161
"2003_Oregon_RaPIPOxe_fpd","RaPIPOxe","C",2003,"Oregon","fpd","RaPIPOxe_fpd","C",127763.616349632,643144.1005,144205.996600833,127763.616349632,160648.389071772,0
"2003_Oregon_RaPIPOxe_fpd","RaPIPOxe","D",2003,"Oregon","fpd","RaPIPOxe_fpd","D",261229.204230019,643144.1005,277930.675725251,261229.204230019,294632.172303102,0
"2003_Oregon_RaPIPOxe_fpd","RaPIPOxe","E",2003,"Oregon","fpd","RaPIPOxe_fpd","E",40133.0922729407,643144.1005,31793.9115738065,23454.7328041045,40133.0922729407,0
"2003_Oregon_RaPIPOxe_fxp","RaPIPOxe","A",2003,"Oregon","fxp","RaPIPOxe_fxp","A",263438.943040315,1010173.466355,238816.292094115,214193.641147915,263438.943040315,0
"2003_Oregon_RaPIPOxe_fxp","RaPIPOxe","B",2003,"Oregon","fxp","RaPIPOxe_fxp","B",74586.9922916046,1010173.466355,58377.5417649117,42168.0871975249,74586.9922916046,0
"2003_Oregon_RaPIPOxe_fxp","RaPIPOxe","C",2003,"Oregon","fxp","RaPIPOxe_fxp","C",200675.73519157,1010173.466355,226501.450207178,200675.73519157,252327.184416083,0
"2003_Oregon_RaPIPOxe_fxp","RaPIPOxe","D",2003,"Oregon","fxp","RaPIPOxe_fxp","D",408435.557288106,1010173.466355,436540.106463689,410307.442056986,462772.810267158,-1871.88476888015
"2003_Oregon_RaPIPOxe_fxp","RaPIPOxe","E",2003,"Oregon","fxp","RaPIPOxe_fxp","E",63036.2385434049,1010173.466355,49938.0556216366,36839.8757303887,63036.2385434049,0
"2003_Oregon_RaREFI_fcw","RaREFI","A",2003,"Oregon","fcw","RaREFI_fcw","A",14142.441205823,265840.30804,18270.3922294481,14142.441205823,22398.3445822748,0
"2003_Oregon_RaREFI_fcw","RaREFI","B",2003,"Oregon","fcw","RaREFI_fcw","B",68769.2504628534,265840.30804,59932.7696649429,53627.7532003434,66237.7861295425,2531.46433331093
"2003_Oregon_RaREFI_fcw","RaREFI","C",2003,"Oregon","fcw","RaREFI_fcw","C",29098.0387334835,265840.30804,35007.4545139244,29098.0387334835,40916.8705602056,0
"2003_Oregon_RaREFI_fcw","RaREFI","D",2003,"Oregon","fcw","RaREFI_fcw","D",51468.9975105852,265840.30804,58249.1655106422,51468.9975105852,65029.3335106992,0
"2003_Oregon_RaREFI_fcw","RaREFI","E",2003,"Oregon","fcw","RaREFI_fcw","E",102361.580127255,265840.30804,94380.5298428067,86399.4792925181,102361.580127255,0
"2003_Oregon_RaREFI_frf","RaREFI","A",2003,"Oregon","frf","RaREFI_frf","A",5131.09744,56680.256885,3895.46089752127,3015.33355282768,4775.58852561613,355.508914383867
"2003_Oregon_RaREFI_frf","RaREFI","B",2003,"Oregon","frf","RaREFI_frf","B",15949.9492966913,56680.256885,12778.3661006267,11434.0629905661,14122.6692106874,1827.28008600391
"2003_Oregon_RaREFI_frf","RaREFI","C",2003,"Oregon","frf","RaREFI_frf","C",6204.04152561906,56680.256885,7463.99795188556,6204.04152561906,8723.95443483232,0
"2003_Oregon_RaREFI_frf","RaREFI","D",2003,"Oregon","frf","RaREFI_frf","D",10973.7910778919,56680.256885,12419.4020418578,10973.7910778919,13865.0130058237,0
"2003_Oregon_RaREFI_frf","RaREFI","E",2003,"Oregon","frf","RaREFI_frf","E",18421.3775447977,56680.256885,20123.0306866323,18421.3775447977,21824.6837717865,0
"2003_Oregon_RaREFI_frm","RaREFI","A",2003,"Oregon","frm","RaREFI_frm","A",4692.92585060982,88214.533515,6062.71539308606,4692.92585060982,7432.50537663497,0
"2003_Oregon_RaREFI_frm","RaREFI","B",2003,"Oregon","frm","RaREFI_frm","B",22819.8928690829,88214.533515,19887.6587122348,17795.4474507832,21979.8699736864,840.022895396585
"2003_Oregon_RaREFI_frm","RaREFI","C",2003,"Oregon","frm","RaREFI_frm","C",9655.68363955333,88214.533515,11616.6216186778,9655.68363955333,13577.5596860167,0
"2003_Oregon_RaREFI_frm","RaREFI","D",2003,"Oregon","frm","RaREFI_frm","D",17079.1015078037,88214.533515,19328.9836332351,17079.1015078037,21578.8657586664,0
"2003_Oregon_RaREFI_frm","RaREFI","E",2003,"Oregon","frm","RaREFI_frm","E",33966.9296479502,88214.533515,31318.5553927698,28670.1810493749,33966.9296479502,0
"2003_Oregon_RaSAWD_fal","RaSAWD","A",2003,"Oregon","fal","RaSAWD_fal","A",22299.2816139817,101493.07178,25494.8572539509,22299.2816139817,28690.43289392,0
"2003_Oregon_RaSAWD_fal","RaSAWD","B",2003,"Oregon","fal","RaSAWD_fal","B",28798.2467512244,101493.07178,22088.7217529263,19164.1521012795,25013.29130308,3784.95544814439
"2003_Oregon_RaSAWD_fal","RaSAWD","C",2003,"Oregon","fal","RaSAWD_fal","C",50395.5434147939,101493.07178,53909.4948029843,50395.5434147939,57423.4422329449,0
"2003_Oregon_RaSAWD_fal","RaSAWD","D",NA,NA,NA,NA,NA,0,101493.07178,NA,NA,NA,0
"2003_Oregon_RaSAWD_fal","RaSAWD","E",NA,NA,NA,NA,NA,0,101493.07178,NA,NA,NA,0
"2003_Oregon_RaSAWD_fsw","RaSAWD","A",2003,"Oregon","fsw","RaSAWD_fsw","A",16204.2064213515,57322.75604,14399.3620156725,12594.5176099934,16204.2064213515,0
"2003_Oregon_RaSAWD_fsw","RaSAWD","B",2003,"Oregon","fsw","RaSAWD_fsw","B",14127.3760856498,57322.75604,12475.5945018894,10823.8128608063,14127.3760856498,0
"2003_Oregon_RaSAWD_fsw","RaSAWD","C",2003,"Oregon","fsw","RaSAWD_fsw","C",26991.1735329987,57322.75604,30447.8006688933,28463.1393060144,32432.4597961846,-1471.96577301574
"2003_Oregon_RaSAWD_fsw","RaSAWD","D",NA,NA,NA,NA,NA,0,57322.75604,NA,NA,NA,0
"2003_Oregon_RaSAWD_fsw","RaSAWD","E",NA,NA,NA,NA,NA,0,57322.75604,NA,NA,NA,0
"2003_Oregon_RaSPFI_fcd","RaSPFI","A",2003,"Oregon","fcd","RaSPFI_fcd","A",19870.99325,512082.946285,15454.2746479251,9765.04796510416,21143.5003065801,0
"2003_Oregon_RaSPFI_fcd","RaSPFI","B",2003,"Oregon","fcd","RaSPFI_fcd","B",99631.9876841891,512082.946285,114007.753685201,99631.9876841891,128383.520198297,0
"2003_Oregon_RaSPFI_fcd","RaSPFI","C",2003,"Oregon","fcd","RaSPFI_fcd","C",140021.196096343,512082.946285,126182.352649091,112343.499984347,140021.196096343,0
"2003_Oregon_RaSPFI_fcd","RaSPFI","D",2003,"Oregon","fcd","RaSPFI_fcd","D",87223.7461494409,512082.946285,105658.149583177,93042.7660057793,118273.532648492,-5819.01985633842
"2003_Oregon_RaSPFI_fcd","RaSPFI","E",2003,"Oregon","fcd","RaSPFI_fcd","E",165335.023105027,512082.946285,150780.419304185,136225.815503344,165335.023105027,0
"2003_Oregon_RaSPFI_fmz","RaSPFI","A",2003,"Oregon","fmz","RaSPFI_fmz","A",4591.93892913817,240803.07894,7267.25415287228,4591.93892913817,9942.56889500024,0
"2003_Oregon_RaSPFI_fmz","RaSPFI","B",2003,"Oregon","fmz","RaSPFI_fmz","B",46851.1782501585,240803.07894,53611.2719816106,46851.1782501585,60371.3659538658,0
"2003_Oregon_RaSPFI_fmz","RaSPFI","C",2003,"Oregon","fmz","RaSPFI_fmz","C",78907.7180549713,240803.07894,59336.2837919685,52828.6694399511,65843.8938095304,13063.8242454409
"2003_Oregon_RaSPFI_fmz","RaSPFI","D",2003,"Oregon","fmz","RaSPFI_fmz","D",43752.647280732,240803.07894,49684.9346757428,43752.647280732,55617.2218299506,0
"2003_Oregon_RaSPFI_fmz","RaSPFI","E",2003,"Oregon","fmz","RaSPFI_fmz","E",66699.596425,240803.07894,70903.3360234274,64059.1451878986,77747.5268589562,0
"2003_Oregon_RaSSHE_fss","RaSSHE","A",2003,"Oregon","fss","RaSSHE_fss","A",50511.61435511,743424.22995,39906.7472612659,29301.8779371491,50511.61435511,0
"2003_Oregon_RaSSHE_fss","RaSSHE","B",2003,"Oregon","fss","RaSSHE_fss","B",104308.83521309,743424.22995,76468.228225209,61515.0200272669,91421.4438573933,12887.3913556963
"2003_Oregon_RaSSHE_fss","RaSSHE","C",NA,NA,NA,NA,NA,66.7282720318521,743424.22995,2781.08908345609,66.7282720318521,5495.45063830457,0
"2003_Oregon_RaSSHE_fss","RaSSHE","D",2003,"Oregon","fss","RaSSHE_fss","D",61240.5366502059,743424.22995,76138.2170055645,61240.5366502059,91035.8906701051,0
"2003_Oregon_RaSSHE_fss","RaSSHE","E",2003,"Oregon","fss","RaSSHE_fss","E",527296.515459563,743424.22995,548129.942427111,527296.515459563,568963.370138083,0
"2003_Oregon_RaTAOAco_ftm","RaTAOAco","A",2003,"Oregon","ftm","RaTAOAco_ftm","A",48421.840955,586701.13908,57065.5285350982,46128.4606329858,68002.5964372107,0
"2003_Oregon_RaTAOAco_ftm","RaTAOAco","B",2003,"Oregon","ftm","RaTAOAco_ftm","B",85614.2504869291,586701.13908,73287.755187144,60961.26047406,85614.2504869291,0
"2003_Oregon_RaTAOAco_ftm","RaTAOAco","C",2003,"Oregon","ftm","RaTAOAco_ftm","C",257416.691263391,586701.13908,278044.805855967,257416.691263391,298672.919861841,0
"2003_Oregon_RaTAOAco_ftm","RaTAOAco","D",2003,"Oregon","ftm","RaTAOAco_ftm","D",136632.987147984,586701.13908,153861.727179075,136632.987147984,171090.477770786,0
"2003_Oregon_RaTAOAco_ftm","RaTAOAco","E",2003,"Oregon","ftm","RaTAOAco_ftm","E",58615.3692266959,586701.13908,24441.3141089004,16848.8076276525,32033.8205901484,26581.5486365475
"2003_Oregon_RaTAOAco_fto","RaTAOAco","A",2003,"Oregon","fto","RaTAOAco_fto","A",3441.37694712539,26919.58038,2618.33492387049,2116.50995899295,3120.15988874803,321.217058377359
"2003_Oregon_RaTAOAco_fto","RaTAOAco","B",2003,"Oregon","fto","RaTAOAco_fto","B",3928.23457147249,26919.58038,3362.65857558029,2797.08260660767,3928.23457147249,0
"2003_Oregon_RaTAOAco_fto","RaTAOAco","C",2003,"Oregon","fto","RaTAOAco_fto","C",11811.0377670046,26919.58038,12757.5165649382,11811.0377670046,13703.9953359521,0
"2003_Oregon_RaTAOAco_fto","RaTAOAco","D",2003,"Oregon","fto","RaTAOAco_fto","D",6269.12483220545,26919.58038,7059.63028927742,6269.12483220545,7850.13623090184,0
"2003_Oregon_RaTAOAco_fto","RaTAOAco","E",2003,"Oregon","fto","RaTAOAco_fto","E",1469.80626219206,26919.58038,1121.43964945952,773.073036726971,1469.80626219206,2.27373675443232e-13
"2003_Washington_Na0710411_fmt","Na0710411","A",2003,"Washington","fmt","Na0710411_fmt","A",7503.98895555555,503602.80254,4626.61204060785,1749.23512566014,7503.98895555555,0
"2003_Washington_Na0710411_fmt","Na0710411","B",2003,"Washington","fmt","Na0710411_fmt","B",31045.1195166986,503602.80254,24210.3270300086,17375.5350469214,31045.1195166985,7.27595761418343e-12
"2003_Washington_Na0710411_fmt","Na0710411","C",2003,"Washington","fmt","Na0710411_fmt","C",28816.618697534,503602.80254,22250.3975854386,15684.1789913572,28816.618697534,0
"2003_Washington_Na0710411_fmt","Na0710411","D",2003,"Washington","fmt","Na0710411_fmt","D",15562.75731,503602.80254,17439.8350527498,11553.7849217929,23325.8877017206,0
"2003_Washington_Na0710411_fmt","Na0710411","E",2003,"Washington","fmt","Na0710411_fmt","E",420674.318060212,503602.80254,435075.636874429,424103.16469643,446048.108548825,-3428.84663621831
"2003_Washington_Na0710412_fmc","Na0710412","A",2003,"Washington","fmc","Na0710412_fmc","A",67794.8710780025,536796.14587,79183.0013126345,67794.8710780025,90571.1315472666,0
"2003_Washington_Na0710412_fmc","Na0710412","B",2003,"Washington","fmc","Na0710412_fmc","B",132898.136915,536796.14587,121805.693181373,108251.47991815,135359.89624547,0
"2003_Washington_Na0710412_fmc","Na0710412","C",2003,"Washington","fmc","Na0710412_fmc","C",73369.0937717723,536796.14587,85581.0552505978,73369.0937717723,97793.011898258,0
"2003_Washington_Na0710412_fmc","Na0710412","D",2003,"Washington","fmc","Na0710412_fmc","D",18841.9693257884,536796.14587,26444.4424385708,18841.9693257884,34046.9160881494,0
"2003_Washington_Na0710412_fmc","Na0710412","E",2003,"Washington","fmc","Na0710412_fmc","E",243892.074779437,536796.14587,223781.951002843,209248.500253623,238315.422687112,5576.65209232504
"2003_Washington_Na0710412_fmh","Na0710412","A",2003,"Washington","fmh","Na0710412_fmh","A",95664.4848826339,757466.25025,111734.131381688,95664.4848826339,127803.777880741,0
"2003_Washington_Na0710412_fmh","Na0710412","B",2003,"Washington","fmh","Na0710412_fmh","B",191004.637108769,757466.25025,171878.472643768,152752.293786908,191004.637108769,0
"2003_Washington_Na0710412_fmh","Na0710412","C",2003,"Washington","fmh","Na0710412_fmh","C",92170.0152655052,757466.25025,120762.344349632,103530.200004461,137994.481877607,-11360.184738956
"2003_Washington_Na0710412_fmh","Na0710412","D",2003,"Washington","fmh","Na0710412_fmh","D",48043.1725530915,757466.25025,37315.4181676021,26587.6645395789,48043.1725530915,0
"2003_Washington_Na0710412_fmh","Na0710412","E",2003,"Washington","fmh","Na0710412_fmh","E",330583.94044,757466.25025,315775.879919979,295267.91143529,336283.877945851,0
"2003_Washington_Na0710412_fmi","Na0710412","A",2003,"Washington","fmi","Na0710412_fmi","A",4721.38970062133,37383.70992,5514.48510657413,4721.38970062133,6307.58051252693,0
"2003_Washington_Na0710412_fmi","Na0710412","B",2003,"Washington","fmi","Na0710412_fmi","B",9643.70065491626,37383.70992,8482.82674071165,7538.88036418741,9426.77240694541,216.928247970856
"2003_Washington_Na0710412_fmi","Na0710412","C",2003,"Washington","fmi","Na0710412_fmi","C",5109.59130343954,37383.70992,5960.06019929705,5109.59130343954,6810.52875870118,0
"2003_Washington_Na0710412_fmi","Na0710412","D",2003,"Washington","fmi","Na0710412_fmi","D",1312.19778870655,37383.70992,1841.65138428375,1312.19778870655,2371.10501724467,0
"2003_Washington_Na0710412_fmi","Na0710412","E",2003,"Washington","fmi","Na0710412_fmi","E",16596.8304723163,37383.70992,15584.6863022149,14572.5435900781,16596.8304723163,0
"2003_Washington_Na1010471_frn","Na1010471","A",2003,"Washington","frn","Na1010471_frn","A",69108.0685823192,685999.617,82914.8954398386,69108.0685823192,96721.7291573543,0
"2003_Washington_Na1010471_frn","Na1010471","B",2003,"Washington","frn","Na1010471_frn","B",259323.001411544,685999.617,239589.548090915,219856.094084287,259323.001411544,0
"2003_Washington_Na1010471_frn","Na1010471","C",2003,"Washington","frn","Na1010471_frn","C",60716.8307152257,685999.617,33972.0428490909,24387.5731321899,43556.5132519914,17160.3174632343
"2003_Washington_Na1010471_frn","Na1010471","D",2003,"Washington","frn","Na1010471_frn","D",51718.2012412447,685999.617,64087.837635161,51718.2012412447,76457.4733430778,0
"2003_Washington_Na1010471_frn","Na1010471","E",2003,"Washington","frn","Na1010471_frn","E",245133.515049667,685999.617,265435.302588989,245133.515049667,285737.064746325,0
"2003_Washington_RaABAMlw_fsi","RaABAMlw","A",2003,"Washington","fsi","RaABAMlw_fsi","A",151303.431101117,1367417.45221,179875.442368194,151303.431101117,208447.453635271,0
"2003_Washington_RaABAMlw_fsi","RaABAMlw","B",2003,"Washington","fsi","RaABAMlw_fsi","B",322172.333295554,1367417.45221,284738.900399254,247305.440154604,322172.333295554,0
"2003_Washington_RaABAMlw_fsi","RaABAMlw","C",2003,"Washington","fsi","RaABAMlw_fsi","C",97605.593173868,1367417.45221,40512.6778669911,27466.1260767763,53559.2255549536,44046.3676189144
"2003_Washington_RaABAMlw_fsi","RaABAMlw","D",2003,"Washington","fsi","RaABAMlw_fsi","D",79994.0371847684,1367417.45221,104999.922190538,79994.0371847684,130005.801726638,0
"2003_Washington_RaABAMlw_fsi","RaABAMlw","E",2003,"Washington","fsi","RaABAMlw_fsi","E",716342.057454692,1367417.45221,757290.509385023,716342.057454692,798238.961315355,0
"2003_Washington_RaABAMlw_fsw","RaABAMlw","A",NA,NA,NA,NA,NA,0.54137146130298,4.89269,0.64360358769597,0.54137146130298,0.74583571408896,0
"2003_Washington_RaABAMlw_fsw","RaABAMlw","B",NA,NA,NA,NA,NA,0.88487158916574,4.89269,1.01881043593736,0.88487158916574,1.15274918485518,0
"2003_Washington_RaABAMlw_fsw","RaABAMlw","C",NA,NA,NA,NA,NA,0.09827521228239,4.89269,0.14495644585543,0.09827521228239,0.1916376647504,0
"2003_Washington_RaABAMlw_fsw","RaABAMlw","D",2003,"Washington","fsw","RaABAMlw_fsw","D",0.28622278087865,4.89269,0.37569512402532,0.28622278087865,0.46516744760123,0
"2003_Washington_RaABAMlw_fsw","RaABAMlw","E",2003,"Washington","fsw","RaABAMlw_fsw","E",3.08194895637024,4.89269,2.70962440648592,2.56310873861053,2.85614007436131,0.225808882008931
"2003_Washington_RaABAMlw_fwc","RaABAMlw","A",2003,"Washington","fwc","RaABAMlw_fwc","A",32087.947784207,289997.520125,38147.4085575388,32087.947784207,44206.8693308705,0
"2003_Washington_RaABAMlw_fwc","RaABAMlw","B",2003,"Washington","fwc","RaABAMlw_fwc","B",68325.2781055243,289997.520125,60386.5153727918,52447.7468401089,68325.2781055243,0
"2003_Washington_RaABAMlw_fwc","RaABAMlw","C",2003,"Washington","fwc","RaABAMlw_fwc","C",20699.8820477277,289997.520125,8591.79915837884,5824.92817890589,11358.6692678592,9341.21277986848
"2003_Washington_RaABAMlw_fwc","RaABAMlw","D",2003,"Washington","fwc","RaABAMlw_fwc","D",16964.8795771017,289997.520125,22268.0476977689,16964.8795771017,27571.2146584461,0
"2003_Washington_RaABAMlw_fwc","RaABAMlw","E",2003,"Washington","fwc","RaABAMlw_fwc","E",151919.532610439,289997.520125,160603.749338522,151919.532610439,169287.966066604,0
"2003_Washington_RaABAMup_fst","RaABAMup","A",2003,"Washington","fst","RaABAMup_fst","A",125417.143907219,1463695.138845,154392.6621842,125417.143907219,183368.178997485,0
"2003_Washington_RaABAMup_fst","RaABAMup","B",2003,"Washington","fst","RaABAMup_fst","B",429722.769961552,1463695.138845,376850.967105309,338168.803754479,415533.102645932,14189.6673156205
"2003_Washington_RaABAMup_fst","RaABAMup","C",2003,"Washington","fst","RaABAMup_fst","C",68638.7299432279,1463695.138845,33971.7508843293,21185.1048228328,46758.3969458257,21880.3329974022
"2003_Washington_RaABAMup_fst","RaABAMup","D",2003,"Washington","fst","RaABAMup_fst","D",25595.3690367721,1463695.138845,40061.4223082008,25595.3690367721,54527.479970715,0
"2003_Washington_RaABAMup_fst","RaABAMup","E",2003,"Washington","fst","RaABAMup_fst","E",814321.125996228,1463695.138845,858418.359782083,814321.125996228,902515.593567938,0
"2003_Washington_RaABLA_faf","RaABLA","A",2003,"Washington","faf","RaABLA_faf","A",22199.2759038078,171601.76116,26188.6892630158,22199.2759038078,30178.1024506219,0
"2003_Washington_RaABLA_faf","RaABLA","B",2003,"Washington","faf","RaABLA_faf","B",46507.4518229932,171601.76116,36310.5559955902,31853.7373629717,40767.3746282088,5740.0771947844
"2003_Washington_RaABLA_faf","RaABLA","C",2003,"Washington","faf","RaABLA_faf","C",2471.24468454441,171601.76116,1502.97110788992,534.697531235428,2471.24468454441,0
"2003_Washington_RaABLA_faf","RaABLA","D",2003,"Washington","faf","RaABLA_faf","D",2747.14651094274,171601.76116,4473.59956884241,2747.14651094274,6200.05296994559,0
"2003_Washington_RaABLA_faf","RaABLA","E",2003,"Washington","faf","RaABLA_faf","E",97676.6422377118,171601.76116,103125.94608267,97676.6422377118,108575.243406762,0
"2003_Washington_RaDFHEdy_fdg","RaDFHEdy","A",2003,"Washington","fdg","RaDFHEdy_fdg","A",114475.210151595,1479289.25385,83439.8828483505,62342.7550718418,104537.018021305,9938.19213028961
"2003_Washington_RaDFHEdy_fdg","RaDFHEdy","B",2003,"Washington","fdg","RaDFHEdy_fdg","B",282517.646905987,1479289.25385,251335.980913306,220154.288293418,282517.646905987,0
"2003_Washington_RaDFHEdy_fdg","RaDFHEdy","C",2003,"Washington","fdg","RaDFHEdy_fdg","C",107148.003495161,1479289.25385,86795.6017041638,66443.1925167209,107148.003495161,0
"2003_Washington_RaDFHEdy_fdg","RaDFHEdy","D",2003,"Washington","fdg","RaDFHEdy_fdg","D",191468.581200791,1479289.25385,226651.613678442,191468.581200791,261834.660948986,0
"2003_Washington_RaDFHEdy_fdg","RaDFHEdy","E",2003,"Washington","fdg","RaDFHEdy_fdg","E",783679.812096467,1479289.25385,831066.174705738,783679.812096467,878452.535835719,0
"2003_Washington_RaDFHEdy_fwi","RaDFHEdy","A",2003,"Washington","fwi","RaDFHEdy_fwi","A",229319.989966985,2963354.21793,167149.141480424,124886.776347969,209411.52142965,19908.4685373356
"2003_Washington_RaDFHEdy_fwi","RaDFHEdy","B",2003,"Washington","fwi","RaDFHEdy_fwi","B",565947.368589083,2963354.21793,503483.370286513,441019.318643567,565947.368589083,0
"2003_Washington_RaDFHEdy_fwi","RaDFHEdy","C",2003,"Washington","fwi","RaDFHEdy_fwi","C",214641.92163486,2963354.21793,173871.412733109,133100.889014587,214641.92163486,0
"2003_Washington_RaDFHEdy_fwi","RaDFHEdy","D",2003,"Washington","fwi","RaDFHEdy_fwi","D",383555.296048929,2963354.21793,454034.945259433,383555.296048929,524514.62410348,0
"2003_Washington_RaDFHEdy_fwi","RaDFHEdy","E",2003,"Washington","fwi","RaDFHEdy_fwi","E",1569889.64169014,2963354.21793,1664815.34817052,1569889.64169014,1759741.05168755,0
"2003_Washington_RaDFHEwt_fwm","RaDFHEwt","A",2003,"Washington","fwm","RaDFHEwt_fwm","A",88575.4693760095,1475019.937035,68326.3971554129,48077.3293598762,88575.4693760095,0
"2003_Washington_RaDFHEwt_fwm","RaDFHEwt","B",2003,"Washington","fwm","RaDFHEwt_fwm","B",284635.454236227,1475019.937035,250796.377276995,216957.287042583,284635.454236227,0
"2003_Washington_RaDFHEwt_fwm","RaDFHEwt","C",2003,"Washington","fwm","RaDFHEwt_fwm","C",16717.2535079413,1475019.937035,8926.3737278949,1135.4924728286,16717.2535079413,0
"2003_Washington_RaDFHEwt_fwm","RaDFHEwt","D",2003,"Washington","fwm","RaDFHEwt_fwm","D",31073.0236970084,1475019.937035,51286.8267158906,33648.6032097033,68925.0487470579,-2575.57951269487
"2003_Washington_RaDFHEwt_fwm","RaDFHEwt","E",2003,"Washington","fwm","RaDFHEwt_fwm","E",1054018.73621781,1475019.937035,1095683.95330869,1054018.73621781,1137349.28250108,0
"2003_Washington_RaDFHEwt_fwn","RaDFHEwt","A",2003,"Washington","fwn","RaDFHEwt_fwn","A",68162.5738271387,1135090.29151,52580.0554403797,36997.5404588916,68162.5738271387,0
"2003_Washington_RaDFHEwt_fwn","RaDFHEwt","B",2003,"Washington","fwn","RaDFHEwt_fwn","B",219039.033040144,1135090.29151,192998.430628156,166957.818000355,219039.033040144,0
"2003_Washington_RaDFHEwt_fwn","RaDFHEwt","C",2003,"Washington","fwn","RaDFHEwt_fwn","C",12864.6343558713,1135090.29151,6869.22251186019,873.809532758771,12864.6343558713,0
"2003_Washington_RaDFHEwt_fwn","RaDFHEwt","D",2003,"Washington","fwn","RaDFHEwt_fwn","D",23912.0073164798,1135090.29151,39467.3845592785,25894.0247973747,53040.743186092,-1982.01748089497
"2003_Washington_RaDFHEwt_fwn","RaDFHEwt","E",2003,"Washington","fwn","RaDFHEwt_fwn","E",811112.042970366,1135090.29151,843175.191559784,811112.042970366,875238.426416064,0
"2003_Washington_RaDFHEwt_fww","RaDFHEwt","A",2003,"Washington","fww","RaDFHEwt_fww","A",25133.1577060628,418534.713485,19387.5135778755,13641.8707052922,25133.1577060628,0
"2003_Washington_RaDFHEwt_fww","RaDFHEwt","B",2003,"Washington","fww","RaDFHEwt_fww","B",80764.886829869,418534.713485,71163.0990681398,61561.3075395982,80764.886829869,0
"2003_Washington_RaDFHEwt_fww","RaDFHEwt","C",2003,"Washington","fww","RaDFHEwt_fww","C",4743.4958209899,418534.713485,2532.84526999303,322.194300461455,4743.4958209899,0
"2003_Washington_RaDFHEwt_fww","RaDFHEwt","D",2003,"Washington","fww","RaDFHEwt_fww","D",8816.92426224575,418534.713485,14552.560806899,9547.74111857272,19557.3800766905,-730.816856326972
"2003_Washington_RaDFHEwt_fww","RaDFHEwt","E",2003,"Washington","fww","RaDFHEwt_fww","E",299076.248865833,418534.713485,310898.692250884,299076.248865833,322721.167444575,0
"2003_Washington_RaDFWV_fwx","RaDFWV","A",2003,"Washington","fwx","RaDFWV_fwx","A",65.606525,509.28455,63.1555514952445,53.2394339746814,73.0716741086531,0
"2003_Washington_RaDFWV_fwx","RaDFWV","B",2003,"Washington","fwx","RaDFWV_fwx","B",94.4148907119223,509.28455,82.7945252724749,71.1741496473364,94.4148907119223,0
"2003_Washington_RaDFWV_fwx","RaDFWV","C",2003,"Washington","fwx","RaDFWV_fwx","C",51.9319227945234,509.28455,42.8448568607916,33.7577929641979,51.9319227945234,0
"2003_Washington_RaDFWV_fwx","RaDFWV","D",2003,"Washington","fwx","RaDFWV_fwx","D",123.85956163346,509.28455,161.876345804068,147.396461186825,176.35623042131,-23.5368995533649
"2003_Washington_RaDFWV_fwx","RaDFWV","E",2003,"Washington","fwx","RaDFWV_fwx","E",173.471649860094,509.28455,158.613265983861,143.754891274749,173.471649860094,0
"2003_Washington_RaMCONdy_fdd","RaMCONdy","A",2003,"Washington","fdd","RaMCONdy_fdd","A",317915.98954731,2725006.82458,380574.131570038,317915.98954731,443232.270867758,0
"2003_Washington_RaMCONdy_fdd","RaMCONdy","B",2003,"Washington","fdd","RaMCONdy_fdd","B",301768.904383118,2725006.82458,17882.7891611356,4941.97155180578,30823.6067704655,270945.297612652
"2003_Washington_RaMCONdy_fdd","RaMCONdy","C",2003,"Washington","fdd","RaMCONdy_fdd","C",783622.623400464,2725006.82458,861472.542219884,783622.623400464,939322.46376431,0
"2003_Washington_RaMCONdy_fdd","RaMCONdy","D",2003,"Washington","fdd","RaMCONdy_fdd","D",1042162.30291916,2725006.82458,1129548.51119651,1042162.30291916,1216934.71674886,0
"2003_Washington_RaMCONdy_fdd","RaMCONdy","E",2003,"Washington","fdd","RaMCONdy_fdd","E",279537.004329953,2725006.82458,335528.834082389,279537.004329953,391520.666559833,0
"2003_Washington_RaMCONdy_fdg","RaMCONdy","A",2003,"Washington","fdg","RaMCONdy_fdg","A",840.6531,6331.58565,884.268504751893,738.681569222692,1029.85543394951,0
"2003_Washington_RaMCONdy_fdg","RaMCONdy","B",2003,"Washington","fdg","RaMCONdy_fdg","B",338.996728443263,6331.58565,41.5508725384838,11.4827294661709,71.6190156107965,267.377712832466
"2003_Washington_RaMCONdy_fdg","RaMCONdy","C",2003,"Washington","fdg","RaMCONdy_fdg","C",1820.75645190446,6331.58565,2001.64166085313,1820.75645190446,2182.52687613339,0
"2003_Washington_RaMCONdy_fdg","RaMCONdy","D",2003,"Washington","fdg","RaMCONdy_fdg","D",2421.47646112809,6331.58565,2624.51935164346,2421.47646112809,2827.56223582724,0
"2003_Washington_RaMCONdy_fdg","RaMCONdy","E",2003,"Washington","fdg","RaMCONdy_fdg","E",909.702908524182,6331.58565,779.605222223515,649.507542254434,909.702908524182,0
"2003_Washington_RaMCONdy_fmd","RaMCONdy","A",2003,"Washington","fmd","RaMCONdy_fmd","A",214681.674215,1454706.15534,203164.089999458,169714.931611872,236613.246932338,0
"2003_Washington_RaMCONdy_fmd","RaMCONdy","B",2003,"Washington","fmd","RaMCONdy_fmd","B",62218.8928903355,1454706.15534,9546.47277676487,2638.20125919688,16454.7442943329,45764.1485960027
"2003_Washington_RaMCONdy_fmd","RaMCONdy","C",2003,"Washington","fmd","RaMCONdy_fmd","C",418325.797734481,1454706.15534,459884.87020278,418325.797734481,501443.944125785,0
"2003_Washington_RaMCONdy_fmd","RaMCONdy","D",2003,"Washington","fmd","RaMCONdy_fmd","D",556343.530315183,1454706.15534,602993.415345284,556343.530315183,649643.298920678,0
"2003_Washington_RaMCONdy_fmd","RaMCONdy","E",2003,"Washington","fmd","RaMCONdy_fmd","E",203136.260185,1454706.15534,179117.298287477,149226.855938888,209007.742090771,0
"2003_Washington_RaMCONms_fcm","RaMCONms","A",2003,"Washington","fcm","RaMCONms_fcm","A",48799.7600774518,392953.061425,57041.2530491572,48799.7600774518,65282.7495574401,0
"2003_Washington_RaMCONms_fcm","RaMCONms","B",2003,"Washington","fcm","RaMCONms_fcm","B",163190.853393762,392953.061425,174490.067781063,163190.853393762,185789.266843194,0
"2003_Washington_RaMCONms_fcm","RaMCONms","C",2003,"Washington","fcm","RaMCONms_fcm","C",76862.5236435189,392953.061425,49180.0745895622,41060.1353601597,57300.0173555423,19562.5062879766
"2003_Washington_RaMCONms_fcm","RaMCONms","D",2003,"Washington","fcm","RaMCONms_fcm","D",30611.2757202668,392953.061425,37887.654360694,30611.2757202668,45164.0365376987,0
"2003_Washington_RaMCONms_fcm","RaMCONms","E",2003,"Washington","fcm","RaMCONms_fcm","E",73488.64859,392953.061425,74354.012037477,65582.9460487157,83125.0854923464,0
"2003_Washington_RaMCONms_fmm","RaMCONms","A",2003,"Washington","fmm","RaMCONms_fmm","A",115185.098654354,927511.468805,134638.005379681,115185.098654354,154090.920452612,0
"2003_Washington_RaMCONms_fmm","RaMCONms","B",2003,"Washington","fmm","RaMCONms_fmm","B",386976.418195,927511.468805,411859.723073787,385189.486952704,438529.923021924,0
"2003_Washington_RaMCONms_fmm","RaMCONms","C",2003,"Washington","fmm","RaMCONms_fmm","C",156890.968426436,927511.468805,116082.778571788,96916.7826791511,135248.782812027,21642.1856144085
"2003_Washington_RaMCONms_fmm","RaMCONms","D",2003,"Washington","fmm","RaMCONms_fmm","D",72253.6915791876,927511.468805,89428.5791239994,72253.6915791876,106603.475016415,0
"2003_Washington_RaMCONms_fmm","RaMCONms","E",2003,"Washington","fmm","RaMCONms_fmm","E",196205.291950023,927511.468805,175502.383583256,154799.492839206,196205.291950023,0
"2003_Washington_RaOAPI_fop","RaOAPI","A",2003,"Washington","fop","RaOAPI_fop","A",1566.20703147258,7013.44872,1762.57484986203,1566.20703147258,1958.94266825147,0
"2003_Washington_RaOAPI_fop","RaOAPI","B",2003,"Washington","fop","RaOAPI_fop","B",717.583569485194,7013.44872,267.022016166496,180.877459672287,353.166558633806,364.417010851387
"2003_Washington_RaOAPI_fop","RaOAPI","C",2003,"Washington","fop","RaOAPI_fop","C",1163.55429404222,7013.44872,1345.57143211806,1163.55429404222,1527.5885701939,0
"2003_Washington_RaOAPI_fop","RaOAPI","D",2003,"Washington","fop","RaOAPI_fop","D",3181.8033579611,7013.44872,3415.61940864305,3181.8033579611,3649.43572583605,0
"2003_Washington_RaOAPI_fop","RaOAPI","E",2003,"Washington","fop","RaOAPI_fop","E",384.300467038904,7013.44872,222.660893981739,146.303429840073,299.018365136854,85.2821019020503
"2003_Washington_RaPIPOm_fdp","RaPIPOm","A",2003,"Washington","fdp","RaPIPOm_fdp","A",2006.63833069643,13985.754365,1506.5616417156,1246.38851333171,1766.73477009949,239.90356059694
"2003_Washington_RaPIPOm_fdp","RaPIPOm","B",2003,"Washington","fdp","RaPIPOm_fdp","B",1164.52263442685,13985.754365,963.900414570744,763.278138771621,1164.52263442685,0
"2003_Washington_RaPIPOm_fdp","RaPIPOm","C",2003,"Washington","fdp","RaPIPOm_fdp","C",4792.43685499233,13985.754365,5203.2619839887,4792.43685499233,5614.08658152641,0
"2003_Washington_RaPIPOm_fdp","RaPIPOm","D",2003,"Washington","fdp","RaPIPOm_fdp","D",5486.4795936831,13985.754365,5924.80951280056,5486.4795936831,6363.13944590378,0
"2003_Washington_RaPIPOm_fdp","RaPIPOm","E",2003,"Washington","fdp","RaPIPOm_fdp","E",535.676951201291,13985.754365,387.22116156825,238.765357949455,535.676951201291,0
"2003_Washington_RaPIPOm_fpd","RaPIPOm","A",2003,"Washington","fpd","RaPIPOm_fpd","A",75472.3776178653,526023.109675,56663.8179829289,46878.3552560231,66449.2807098346,9023.0969080307
"2003_Washington_RaPIPOm_fpd","RaPIPOm","B",2003,"Washington","fpd","RaPIPOm_fpd","B",43799.2689891014,526023.109675,36253.5963564754,28707.921619757,43799.2689891014,0
"2003_Washington_RaPIPOm_fpd","RaPIPOm","C",2003,"Washington","fpd","RaPIPOm_fpd","C",180250.022386557,526023.109675,195701.710314676,180250.022386557,211153.378253917,0
"2003_Washington_RaPIPOm_fpd","RaPIPOm","D",2003,"Washington","fpd","RaPIPOm_fpd","D",206353.907105648,526023.109675,222840.087335923,206353.907105648,239326.268092223,0
"2003_Washington_RaPIPOm_fpd","RaPIPOm","E",2003,"Washington","fpd","RaPIPOm_fpd","E",20147.5335758284,526023.109675,14563.9108355737,8980.28756929599,20147.5335758284,3.63797880709171e-12
"2003_Washington_RaPIPOxe_fxp","RaPIPOxe","A",2003,"Washington","fxp","RaPIPOxe_fxp","A",719.690585916198,2759.699555,652.423803405729,585.15702089526,719.690585916198,0
"2003_Washington_RaPIPOxe_fxp","RaPIPOxe","B",2003,"Washington","fxp","RaPIPOxe_fxp","B",203.764696155258,2759.699555,159.481991357319,115.199275520582,203.764696155257,5.6843418860808e-14
"2003_Washington_RaPIPOxe_fxp","RaPIPOxe","C",2003,"Washington","fxp","RaPIPOxe_fxp","C",548.227364460246,2759.699555,618.780805636343,548.227364460246,689.334299246732,0
"2003_Washington_RaPIPOxe_fxp","RaPIPOxe","D",2003,"Washington","fxp","RaPIPOxe_fxp","D",1115.80779265692,2759.699555,1192.58679590395,1120.92160700242,1264.25209243376,-5.11381434550071
"2003_Washington_RaPIPOxe_fxp","RaPIPOxe","E",2003,"Washington","fxp","RaPIPOxe_fxp","E",172.209115811377,2759.699555,136.426103502668,100.643099473057,172.209115811377,0
"2003_Washington_RaSAWD_fal","RaSAWD","A",2003,"Washington","fal","RaSAWD_fal","A",295480.452589745,1045268.95412,262569.477008649,229658.501427554,295480.452589745,0
"2003_Washington_RaSAWD_fal","RaSAWD","B",2003,"Washington","fal","RaSAWD_fal","B",257609.868150838,1045268.95412,227489.962414151,197370.055632195,257609.868150838,0
"2003_Washington_RaSAWD_fal","RaSAWD","C",2003,"Washington","fal","RaSAWD_fal","C",492178.633379418,1045268.95412,555209.535602579,519019.633888656,591399.396551012,-26841.0005092387
"2003_Washington_RaSAWD_fal","RaSAWD","D",NA,NA,NA,NA,NA,0,1045268.95412,NA,NA,NA,0
"2003_Washington_RaSAWD_fal","RaSAWD","E",NA,NA,NA,NA,NA,0,1045268.95412,NA,NA,NA,0
"2003_Washington_RaSPFI_fcd","RaSPFI","A",2003,"Washington","fcd","RaSPFI_fcd","A",33649.25308,885764.813775,26731.7097842358,16890.8883903752,36572.5294065669,0
"2003_Washington_RaSPFI_fcd","RaSPFI","B",2003,"Washington","fcd","RaSPFI_fcd","B",172336.356165243,885764.813775,197202.538074126,172336.356165243,222068.720868774,0
"2003_Washington_RaSPFI_fcd","RaSPFI","C",2003,"Washington","fcd","RaSPFI_fcd","C",279906.79079235,885764.813775,218261.29713312,194323.829888067,242198.748434406,37708.042357944
"2003_Washington_RaSPFI_fcd","RaSPFI","D",2003,"Washington","fcd","RaSPFI_fcd","D",160938.787167406,885764.813775,182759.984233623,160938.787167406,204581.180414076,0
"2003_Washington_RaSPFI_fcd","RaSPFI","E",2003,"Washington","fcd","RaSPFI_fcd","E",238933.62657,885764.813775,260809.290750248,235633.767880861,285984.813619635,0
"2003_Washington_RaSPFI_fmz","RaSPFI","A",NA,NA,NA,NA,NA,0.04665001331815,2.446345,0.073828835324145,0.04665001331815,0.10100765243745,0
"2003_Washington_RaSPFI_fmz","RaSPFI","B",2003,"Washington","fmz","RaSPFI_fmz","B",0.47596627983707,2.446345,0.54464281658347,0.47596627983707,0.613319355776215,0
"2003_Washington_RaSPFI_fmz","RaSPFI","C",NA,NA,NA,NA,NA,0.536692271170165,2.446345,0.60280384209386,0.536692271170165,0.668915368983345,0
"2003_Washington_RaSPFI_fmz","RaSPFI","D",NA,NA,NA,NA,NA,0.444487962459365,2.446345,0.504754723462715,0.444487962459365,0.56502148201972,0
"2003_Washington_RaSPFI_fmz","RaSPFI","E",2003,"Washington","fmz","RaSPFI_fmz","E",0.94254847321525,2.446345,0.720314799660225,0.650783911171405,0.789845688149045,0.152702785066205
"2003_Washington_RaSSHE_fss","RaSSHE","A",2003,"Washington","fss","RaSSHE_fss","A",93397.298147943,1110250.10438,59597.8292438311,43760.2269708613,75435.4281860507,17961.8699618923
"2003_Washington_RaSSHE_fss","RaSSHE","B",2003,"Washington","fss","RaSSHE_fss","B",137815.801141022,1110250.10438,114199.746185972,91868.2155554768,136531.287918969,1284.51322205356
"2003_Washington_RaSSHE_fss","RaSSHE","C",NA,NA,NA,NA,NA,99.65382886894,1110250.10438,4153.35459997702,99.65382886894,8207.0564813352,0
"2003_Washington_RaSSHE_fss","RaSSHE","D",2003,"Washington","fss","RaSSHE_fss","D",91458.2945631881,1110250.10438,113706.898392887,91458.2945631881,135955.492230336,0
"2003_Washington_RaSSHE_fss","RaSSHE","E",2003,"Washington","fss","RaSSHE_fss","E",787479.056698977,1110250.10438,818592.267075331,787479.056698977,849705.478561935,0
