"YEAR","BpS_Code","sclass","PERC_AREA","AREA_TOTAL","PERC_AREA_VAR","AREA_TOTAL_VAR","nPlots_AREA","N"
2011,"Na0210290_fdw","B",0,0,0,0,0,7550
2011,"Na0210290_fwo","A",0.237785750979766,22325.0439756453,1.96753998456553e-05,126524201.495048,5,7550
2011,"Na0210290_fwo","B",0.501681368541372,47101.4708337216,8.38559415317482e-05,293113209.625534,7,7550
2011,"Na0210290_fwo","C",0.222878653528435,20925.4579837222,1.70465717370513e-05,99099595.9951914,6,7550
2011,"Na0210290_fwo","E",0.485727653340037,45603.6208070603,7.8845621777042e-05,297928935.765428,6,7550
2011,"Na0210350_fvg","A",0,0,0,0,0,7550
2011,"Na0210350_fvg","B",0,0,0,0,0,7550
2011,"Na0210350_fvg","D",0,0,0,0,0,7550
2011,"Na0210350_fvg","E",0,0,0,0,0,7550
2011,"Na0710270_fdd","A",1.11932699029399,213473.392281725,0.00010523922292434,1192432476.02429,42,14475
2011,"Na0710270_fdd","B",4.3946921984035,895446.495933651,0.00145924907744745,4824769541.40077,167,14816
2011,"Na0710270_fdd","C",1.41900263298144,270626.285567979,0.000167707282212505,1435065443.57876,56,14475
2011,"Na0710270_fdd","D",0.0413620465403058,4005.02992538963,1.11359265583971e-07,7822358.59321475,2,6925
2011,"Na0710270_fdd","E",0.925654984247651,176537.072082871,7.20014812936414e-05,874717921.745615,43,14475
2011,"Na0710411_fmt","A",0,0,0,0,0,9487
2011,"Na0710411_fmt","B",0,0,0,0,0,3631
2011,"Na0710411_fmt","C",0,0,0,0,0,9487
2011,"Na0710411_fmt","D",0,0,0,0,0,9487
2011,"Na0710411_fmt","E",0,0,0,0,0,9487
2011,"Na0710412_fmc","A",0.0087323992724321,1860.69857952283,1.18558637914185e-08,3677165.75257164,1,16753
2011,"Na0710412_fmc","B",0.0245395484516536,5228.88401246983,5.38094627874642e-08,10633585.1303567,1,16753
2011,"Na0710412_fmc","C",0,0,0,0,0,10556
2011,"Na0710412_fmc","D",0.0109115483099779,3349.48636876799,1.32431476638782e-08,6379182.63079976,2,24303
2011,"Na0710412_fmc","E",0.0453207347721057,9656.93667714089,1.42306702160284e-07,18034441.681436,5,16753
2011,"Na0710412_fmh","A",0.536602303906474,157532.235908145,1.70221891974828e-05,582066174.417016,58,23960
2011,"Na0710412_fmh","B",1.26727493925981,389011.716206259,8.87715980895944e-05,1666623907.79111,126,24303
2011,"Na0710412_fmh","C",0.656841430905779,201628.710863071,2.44383645916834e-05,1024712674.78021,54,24303
2011,"Na0710412_fmh","D",1.270146862089,389893.30203581,8.92853428078479e-05,1927527517.78295,108,24303
2011,"Na0710412_fmh","E",1.22312695941544,375459.73875113,8.2268894293632e-05,1952840712.55032,99,24303
2011,"Na0710412_fmi","A",0.0560837538713154,6016.70941649684,1.17064893386834e-06,38488348.6855216,1,7893
2011,"Na0710412_fmi","B",0.0625381673200776,5871.53489990155,1.67455009289375e-06,37383071.3139799,1,7550
2011,"Na0710412_fmi","C",0.00477681535286074,462.532443060455,2.76543598075896e-09,219204.576573745,1,6925
2011,"Na0710412_fmi","D",0.0546592445483424,8178.33648593678,3.14806928026451e-07,15736271.1321569,4,12781
2011,"Na0710412_fmi","E",0.122086605849824,13413.5502336194,1.11231957027465e-06,85047789.0522701,2,7266
2011,"Na1010471_frn","A",1.3920816706131,143677.779626388,0.000358189155324264,493709622.798564,49,9487
2011,"Na1010471_frn","B",2.53716748627034,227881.213317693,0.00139797825649322,652018271.175078,81,9144
2011,"Na1010471_frn","C",2.02511637398602,209013.759926317,0.000754051877872273,662758314.042277,77,9487
2011,"Na1010471_frn","D",0.300075912256371,15128.4262585358,1.29604300852236e-05,85737079.4914784,4,3631
2011,"Na1010471_frn","E",0.541149928405998,48604.5572234649,6.47768412222544e-05,144435024.609704,19,9144
2011,"R1RFWF_fcw","A",0.132261931871607,26949.2101137071,1.59551823470796e-06,113269334.646263,10,14816
2011,"R1RFWF_fcw","B",0.173492837223886,33087.8329745598,2.72581430509621e-06,84241271.2293471,16,14475
2011,"R1RFWF_fcw","C",0.0859629637262095,8323.67522876702,2.89724818038111e-07,15763357.1059613,5,6925
2011,"R1RFWF_fcw","D",0.109190285436692,11996.6426172083,8.07234565793287e-07,58353338.7281531,4,7266
2011,"R1RFWF_fcw","E",0.585290973584505,111624.262334764,2.90733029284523e-05,266292084.745944,52,14475
2011,"RaABAMlw_fsi","A",0.179508019898291,55103.0567480553,1.93556884363592e-06,159221958.537932,18,24303
2011,"RaABAMlw_fsi","B",0.259489036683388,79654.5977275249,3.91811180119261e-06,279164597.336354,33,24303
2011,"RaABAMlw_fsi","C",0.519159686680976,159364.94476789,1.5467359525069e-05,816593851.404958,43,24303
2011,"RaABAMlw_fsi","D",0.122087271235867,37476.7759063742,9.23112770292311e-07,97173576.6472314,18,24303
2011,"RaABAMlw_fsi","E",0.259666964673045,79709.215766968,3.91014128998037e-06,255376154.847961,34,24303
2011,"RaABAMlw_fsw","A",0,0,0,0,0,6925
2011,"RaABAMlw_fsw","B",0.0319655521178399,3512.027679805,8.07934465001342e-08,6666218.67974683,2,7266
2011,"RaABAMlw_fsw","C",0,0,0,0,0,6925
2011,"RaABAMlw_fsw","D",0,0,0,0,0,6925
2011,"RaABAMlw_fsw","E",0.0162266107307124,1782.80374528172,3.53701715210585e-08,3483962.02202399,1,7266
2011,"RaABAMlw_fwc","A",0,0,0,0,0,16069
2011,"RaABAMlw_fwc","B",0,0,0,0,0,16069
2011,"RaABAMlw_fwc","C",0.00617761406749173,1153.02568776282,9.10013047736492e-09,2446796.46967561,1,16069
2011,"RaABAMlw_fwc","D",0,0,0,0,0,16412
2011,"RaABAMlw_fwc","E",0,0,0,0,0,16410
2011,"RaABAMup_fsi","C",0,0,0,0,0,7550
2011,"RaABAMup_fsi","E",0,0,0,0,0,7550
2011,"RaABAMup_fst","A",0,0,0,0,0,9487
2011,"RaABAMup_fst","B",0,0,0,0,0,9487
2011,"RaABAMup_fst","C",0,0,0,0,0,9487
2011,"RaABAMup_fst","D",0,0,0,0,0,9487
2011,"RaABAMup_fst","E",0,0,0,0,0,9487
2011,"RaABLA_faf","A",0,0,0,0,0,9487
2011,"RaABLA_faf","B",0.0360053822814848,3716.14215603071,3.09031673903867e-07,7556676.74910465,2,9487
2011,"RaABLA_faf","C",0,0,0,0,0,9144
2011,"RaABLA_faf","E",0,0,0,0,0,9487
2011,"RaDFHEdy_fdg","A",0,0,0,0,0,9144
2011,"RaDFHEdy_fdg","B",0,0,0,0,0,9487
2011,"RaDFHEdy_fdg","C",0,0,0,0,0,9144
2011,"RaDFHEdy_fdg","D",0,0,0,0,0,9487
2011,"RaDFHEdy_fdg","E",0,0,0,0,0,9487
2011,"RaDFHEdy_fwi","A",0.276012825008969,77430.7109296302,5.02334297692525e-06,406557623.782185,19,23619
2011,"RaDFHEdy_fwi","B",0.261854868464612,76873.6597147619,4.22979796098565e-06,334396695.751297,22,23960
2011,"RaDFHEdy_fwi","C",0.149244896637014,41868.1213412733,1.53700995857345e-06,163095338.325523,14,23619
2011,"RaDFHEdy_fwi","D",0.307696165517124,90331.4513959366,5.79155093879979e-06,350271261.485359,32,23960
2011,"RaDFHEdy_fwi","E",0.469726657095022,144190.630906891,1.24169057048602e-05,503536728.917528,52,24303
2011,"RaDFHEdy_fwx","A",0.0635622223523599,6154.64233370086,1.98389089110434e-07,12359156.7429234,3,6925
2011,"RaDFHEdy_fwx","B",0.0345117292825555,3341.72315238052,9.2385351007989e-08,6805843.09064683,2,6925
2011,"RaDFHEdy_fwx","C",0.0414758098948951,4016.04547412701,1.04768475940501e-07,7083260.12661066,3,6925
2011,"RaDFHEdy_fwx","D",0.230384562988496,22307.8195180116,1.35474688620015e-06,44576529.3548472,12,6925
2011,"RaDFHEdy_fwx","E",0.344115544885051,37807.6785357008,4.1301549611474e-06,114895328.153208,15,7266
2011,"RaDFHEwt_fdm","A",0,0,0,0,0,6925
2011,"RaDFHEwt_fdm","C",0.0119536785709669,1157.45821108148,2.38750120290003e-08,2012941.09754106,1,6925
2011,"RaDFHEwt_fdm","D",0,0,0,0,0,6925
2011,"RaDFHEwt_fdm","E",0,0,0,0,0,6925
2011,"RaDFHEwt_fhc","A",0.0276108450129775,5265.82562539404,1.30402185525626e-07,24951227.4575813,1,14475
2011,"RaDFHEwt_fhc","B",0.213829960514911,20075.9013193019,1.60259419519571e-05,123491647.791765,3,7550
2011,"RaDFHEwt_fhc","C",0.0700453123933363,6576.35990813474,2.04864956961778e-06,40528270.185424,1,7550
2011,"RaDFHEwt_fhc","D",0,0,0,0,0,7550
2011,"RaDFHEwt_fhc","E",0.0319251337155226,6088.62883893321,1.81476780192577e-07,36027603.1947416,1,14475
2011,"RaDFHEwt_fwm","A",0.183220690906259,51399.4534617321,2.33901967507373e-06,285282328.09745,10,23619
2011,"RaDFHEwt_fwm","B",0.243783334726203,68389.2747376233,3.99153641633209e-06,381664667.362726,16,23619
2011,"RaDFHEwt_fwm","C",0.126947670984297,35613.0133259406,1.21055212043676e-06,207767324.355924,7,23619
2011,"RaDFHEwt_fwm","D",0.0666900279953051,18708.7548537849,3.87517689085114e-07,95792761.450931,5,23619
2011,"RaDFHEwt_fwm","E",0.331757487669712,101838.634730717,6.44454585180964e-06,517785178.324924,26,24303
2011,"RaDFHEwt_fwn","A",0.181507891501655,50918.9566747655,2.30537356274658e-06,301099014.507123,8,23619
2011,"RaDFHEwt_fwn","B",0.212446330837149,59598.2104475665,3.11360944894168e-06,377799553.3506,9,23619
2011,"RaDFHEwt_fwn","C",0.148078599454602,41540.9364722861,1.63053136800947e-06,266147273.668687,6,23619
2011,"RaDFHEwt_fwn","D",0.0376773218952684,10569.7328382489,1.55479574565796e-07,56551184.989941,2,23619
2011,"RaDFHEwt_fwn","E",0.171551534927352,50362.9907546767,1.99404111964753e-06,313605724.630322,8,23960
2011,"RaDFHEwt_fww","A",0,0,0,0,0,13406
2011,"RaDFHEwt_fww","B",0,0,0,0,0,23619
2011,"RaDFHEwt_fww","C",0.0257753641586984,4915.77034411451,1.25743927210706e-07,25874410.2670272,1,14475
2011,"RaDFHEwt_fww","D",0,0,0,0,0,20331
2011,"RaDFHEwt_fww","E",0.00707275493318102,1984.14129013556,8.05376770525937e-09,3968045.18442993,1,23619
2011,"RaDFWV_fwx","A",0,0,0,0,0,7550
2011,"RaDFWV_fwx","B",0,0,0,0,0,14475
2011,"RaDFWV_fwx","C",0,0,0,0,0,7550
2011,"RaDFWV_fwx","D",0.0229085739904025,2150.82240902896,2.23013219350507e-07,4714137.7980706,1,7550
2011,"RaDFWV_fwx","E",0.101330773489291,19325.3840449329,1.10080813909636e-06,99643397.07988,4,14475
2011,"RaMCONdy_fdd","A",3.81928925177388,1121242.25153672,0.000825293028813771,5240432771.45815,338,23960
2011,"RaMCONdy_fdd","B",4.84936361553049,1488595.09814623,0.00126998360505595,6077382351.0099,456,24303
2011,"RaMCONdy_fdd","C",7.5567230749487,2319665.38689563,0.00307458183220272,9795483124.3514,695,24303
2011,"RaMCONdy_fdd","D",0.470054568202593,137995.581809314,1.32453059212276e-05,596046444.117056,46,23960
2011,"RaMCONdy_fdd","E",1.01376792525836,311193.402648646,5.67271967473407e-05,1334619505.80746,101,24303
2011,"RaMCONdy_fdg","A",0.775818740473151,158078.004391004,4.72337320738798e-05,455714297.74451,74,14816
2011,"RaMCONdy_fdg","B",1.34821356882636,274707.092436265,0.000141657838294296,622917414.520048,133,14816
2011,"RaMCONdy_fdg","C",2.04003040853667,415669.175098513,0.000321883627805751,1223145836.19613,194,14816
2011,"RaMCONdy_fdg","D",0.400222342737688,38752.9775131415,3.47065645210497e-06,74990556.3172595,21,6925
2011,"RaMCONdy_fdg","E",0.971658112712446,106755.239971241,2.72302941653776e-05,257509430.187226,51,7266
2011,"RaMCONdy_fdx","E",0.0192942710415423,1868.23765682519,4.45039880031145e-08,3695144.17483958,1,6925
2011,"RaMCONdy_fmd","A",1.94442741887087,571518.910500349,0.0002160253152031,2715964214.34048,163,23962
2011,"RaMCONdy_fmd","B",2.42253171129292,679600.133250653,0.000352967177976839,3315879037.243,180,23619
2011,"RaMCONdy_fmd","C",3.00863606269469,884318.122628529,0.000517520871198341,3908775930.68623,256,23962
2011,"RaMCONdy_fmd","D",0.399336775455014,112027.15099497,1.0169146585656e-05,540632365.162522,31,23619
2011,"RaMCONdy_fmd","E",0.916911370013351,257223.914277491,5.10448551826035e-05,1186554692.98112,70,23619
2011,"RaMCONdy_fmx","A",0.59486469453035,113450.122610439,3.02995228321434e-05,364267857.511636,47,14475
2011,"RaMCONdy_fmx","B",0.648019191303987,132038.033144099,3.3272533926655e-05,367064656.456282,60,14816
2011,"RaMCONdy_fmx","C",1.45310577329269,277130.294774253,0.00017786329287692,966754568.357162,105,14475
2011,"RaMCONdy_fmx","D",0.168147402025219,16281.4810512648,8.02551089551515e-07,31391546.7320022,8,6925
2011,"RaMCONdy_fmx","E",0.527816172388835,51107.7120775916,5.70897661059805e-06,94297508.1140626,27,6925
2011,"RaMCONms_fcm","A",1.70029727862617,499162.284732195,0.000166480304811181,1700298585.76374,205,23960
2011,"RaMCONms_fcm","B",0.873817102129461,268233.103976873,4.23844106632105e-05,1002801247.12248,100,24303
2011,"RaMCONms_fcm","C",3.45656976363499,1061053.20501619,0.000651632252407502,3666104497.04039,419,24303
2011,"RaMCONms_fcm","D",0.711601846672326,218438.357023955,2.83612690631678e-05,676648122.940221,94,24303
2011,"RaMCONms_fcm","E",0.756867045518743,192374.178128248,3.16915447366712e-05,698371188.359155,78,18447
2011,"RaMCONms_fmm","A",1.13678455606881,318905.602837012,7.90188274113265e-05,1192409079.4353,119,23619
2011,"RaMCONms_fmm","B",1.0841805767854,332807.770268954,6.47838602091203e-05,1084163120.5877,137,24303
2011,"RaMCONms_fmm","C",2.39534097417484,735290.878400219,0.000313440063768303,2931926589.81038,263,24303
2011,"RaMCONms_fmm","D",0.396284180331749,116338.548172852,9.40133933788095e-06,421230654.429388,47,23960
2011,"RaMCONms_fmm","E",0.936841312247114,287579.463145573,4.82204248828701e-05,1071641166.78223,104,24303
2011,"RaMCONsw_fdm","A",0.0947070739525045,8891.78423047842,3.40166061580873e-06,46678699.8675081,2,7550
2011,"RaMCONsw_fdm","B",0.359603231918286,68582.0340782689,1.14936255325659e-05,406676316.868649,12,14475
2011,"RaMCONsw_fdm","C",0.0854097864127603,16288.9995485598,8.49142424501062e-07,90810757.7749169,3,14475
2011,"RaMCONsw_fdm","D",0.0195645613517811,1894.40949481668,4.5564102818853e-08,3689541.55535297,1,6925
2011,"RaMCONsw_fdm","E",0.407217973476351,77662.9197275537,1.45191631297654e-05,373238503.138755,20,14475
2011,"RaMCONsw_fiw","A",0.68204365142229,138970.733368255,3.68970644390213e-05,655409458.325273,37,14816
2011,"RaMCONsw_fiw","B",1.44098196220317,274818.091903148,0.000172264890826264,1365110103.53915,69,14475
2011,"RaMCONsw_fiw","C",0.728666573926576,148470.450459207,4.19122111617932e-05,727853547.860339,38,14816
2011,"RaMCONsw_fiw","D",0.472674143181918,90146.4484139706,1.94437019341835e-05,396280250.286802,28,14475
2011,"RaMCONsw_fiw","E",2.36218882269187,481311.001662752,0.000429122248075615,1670674947.46126,185,14816
2011,"RaMCONsw_fvw","A",0.0645827039736104,12316.9449316612,4.78320647699021e-07,50396525.6532997,4,14475
2011,"RaMCONsw_fvw","B",0.179475484076064,34228.8185216184,3.1088665808523e-06,197229330.961443,7,14475
2011,"RaMCONsw_fvw","C",0.158285288392636,14860.9662669147,9.02096786546452e-06,82449115.1021261,3,7550
2011,"RaMCONsw_fvw","D",0.0195645613517811,1894.40949481668,4.5564102818853e-08,3689541.55535297,1,6925
2011,"RaMCONsw_fvw","E",0.13539880623911,25822.6976829775,1.73900822322472e-06,84837706.7500943,10,14475
2011,"RaMEVG_ftd","A",0.260442830599375,49670.5743947983,6.0936143997275e-06,181362629.694052,19,14475
2011,"RaMEVG_ftd","B",0.490371682643492,93521.6495988448,2.07280598131401e-05,346904243.829245,33,14475
2011,"RaMEVG_ftd","C",0.278521039655257,26968.8081701406,1.83526448518693e-06,50417128.6059485,15,6925
2011,"RaMEVG_ftd","D",0.231252062830901,25407.4649697936,2.24314724839691e-06,101008173.621377,10,7266
2011,"RaMEVG_ftd","E",0.703907333394143,143425.597674113,3.92501659024894e-05,561632347.835894,50,14816
2011,"RaMEVG_fuc","A",0.479604510752001,52693.7345211788,7.49952810907319e-06,188311904.568249,20,7266
2011,"RaMEVG_fuc","B",0.0204360625815391,1978.79575703398,4.83622535748958e-08,3898477.10395756,1,6925
2011,"RaMEVG_fuc","C",0.311026563806219,34172.2206835417,3.57466870383522e-06,135256300.397162,12,7266
2011,"RaMEVG_fuc","D",0.115766299763801,11209.4911564359,4.55897437002215e-07,21912532.2180386,6,6925
2011,"RaMEVG_fuc","E",0.114754452269057,11111.5153589272,4.50709149370018e-07,21815341.2427421,6,6925
2011,"RaOAPI_fop","A",0.0939276684579869,22872.444364206,9.02595164588097e-07,131037598.010472,6,20331
2011,"RaOAPI_fop","B",0.103687758451961,9734.95576433042,4.19625413357443e-06,65484956.2424118,2,7550
2011,"RaOAPI_fop","D",0.0830024822642341,7792.87261327288,2.80434390748524e-06,49897467.9678896,1,7550
2011,"RaOAPI_fop","E",0.0789870544339047,15064.0827948929,6.36756519569762e-07,41038856.9930485,6,14475
2011,"RaPICOpu_fld","A",0.684165402657435,130481.182579824,4.00376740518704e-05,605411565.572969,37,14475
2011,"RaPICOpu_fld","B",0.101362854395734,9814.82540478827,3.74714972557889e-07,19058859.8344586,5,6925
2011,"RaPICOpu_fld","C",0.946987458347939,180605.512897252,7.59462135373404e-05,760307497.286766,56,14475
2011,"RaPICOpu_fld","D",0.0388926930150178,3765.92582894441,1.03158439430132e-07,7338450.20204275,2,6925
2011,"RaPICOpu_fld","E",0.0408947213516937,3959.77947184991,1.06880623701422e-07,7345129.08734914,2,6925
2011,"RaPICOpu_flp","A",0.0447687271398368,4334.89410979526,1.21401232022625e-07,8323551.0903862,3,6925
2011,"RaPICOpu_flp","B",0.0977124236448543,18635.307398473,9.82663389804471e-07,69203690.5547669,7,14475
2011,"RaPICOpu_flp","C",0.0809945340419951,7842.58903425094,2.75910568868874e-07,15581850.0465296,3,6925
2011,"RaPICOpu_flp","E",0.0509589746433387,4934.28723878211,1.48398200158993e-07,9910269.060116,3,6925
2011,"RaPICOpu_flw","A",0.126473590761584,24120.5176753889,1.58560060653384e-06,96515410.0947518,8,14475
2011,"RaPICOpu_flw","B",0.0200041527614737,1936.97452479041,4.42218734552398e-08,3501550.17848438,1,6925
2011,"RaPICOpu_flw","C",0.0761352626643209,14520.2009190755,6.68489587558001e-07,72516825.4476248,4,14475
2011,"RaPICOpu_flw","E",0.0467741211032542,8920.56600929935,2.75597428413674e-07,35869268.9714188,4,14475
2011,"RaPIJEsp_fjp","A",0.134068700637503,27317.3507450286,1.63911133994876e-06,114234631.282636,10,14816
2011,"RaPIJEsp_fjp","B",0.0399891356816448,3872.09286028403,1.07791834374339e-07,7639032.57207427,2,6925
2011,"RaPIJEsp_fjp","C",0.0697862560094051,6757.30692934187,2.12651721803894e-07,12299357.9986106,4,6925
2011,"RaPIJEsp_fjp","D",0.0121353270310285,1175.04698096351,1.78567469628296e-08,1417273.64096029,1,6925
2011,"RaPIJEsp_fjp","E",0.071596134454301,13654.51724898,5.94782603791663e-07,60564648.4675312,4,14475
2011,"RaPIPOm_fdp","A",0.93680065888028,178662.728833514,7.31702388982143e-05,781313230.665185,62,14475
2011,"RaPIPOm_fdp","B",1.37642115260169,262505.32257516,0.000159358365809496,576084396.835202,130,14475
2011,"RaPIPOm_fdp","C",0.956451881978288,182410.528443095,7.70405984325567e-05,462404950.853385,88,14475
2011,"RaPIPOm_fdp","D",0.713414631073507,162471.342055307,3.11036301972499e-05,395922304.509809,88,17763
2011,"RaPIPOm_fdp","E",1.07529610653891,205076.005100084,9.72335796186075e-05,484829943.661224,102,14475
2011,"RaPIPOm_fpd","A",0.887178233259922,130133.639564811,0.000167183239252471,740579872.618121,26,13406
2011,"RaPIPOm_fpd","B",0.610852959262649,112216.374851607,5.1994819238083e-05,649120436.138813,22,16694
2011,"RaPIPOm_fpd","C",0.555408293925817,102030.946010483,4.30118802718931e-05,564665326.348506,22,16694
2011,"RaPIPOm_fpd","D",1.23486009742448,110911.644107641,0.000330981765907212,661828937.656201,21,9144
2011,"RaPIPOm_fpd","E",0.382222347450652,70215.9260551958,2.10104686006234e-05,429446183.030574,12,16694
2011,"RaPIPOm_fpl","A",1.26776338055348,241782.563812044,0.00013512345341621,888660502.749763,89,14475
2011,"RaPIPOm_fpl","B",1.40893046748893,268705.364019626,0.000167362231760555,632434459.094776,123,14475
2011,"RaPIPOm_fpl","C",1.51412884105031,288768.360678689,0.000192244835371389,865043754.27821,121,14475
2011,"RaPIPOm_fpl","D",0.676179634544455,128958.170069776,3.90048998875264e-05,322185678.080567,63,14475
2011,"RaPIPOm_fpl","E",1.2176791743295,117906.19518696,2.72767488898382e-05,218398981.503699,64,6925
2011,"RaPIPOxe_fpd","A",0.477364213191444,91040.9190768368,1.97076136131163e-05,343014601.840659,33,14475
2011,"RaPIPOxe_fpd","B",1.57197379155989,299800.309268089,0.00020779828151674,1021468860.41046,115,14475
2011,"RaPIPOxe_fpd","C",0.941364941472516,179533.209842859,7.5011935999827e-05,785144187.553764,62,14475
2011,"RaPIPOxe_fpd","D",0.0744731963979796,7211.13690355424,2.41388862184314e-07,13993802.0253306,4,6925
2011,"RaPIPOxe_fpd","E",0.297172879360737,56675.5766646908,7.72610981246587e-06,148176102.520416,28,14475
2011,"RaPIPOxe_fxp","A",4.19885756758091,800788.667147094,0.00141318774403473,4063536337.09576,197,14475
2011,"RaPIPOxe_fxp","B",3.61488671970979,689416.17370267,0.00106625501839411,3261389695.67202,189,14475
2011,"RaPIPOxe_fxp","C",5.2722330038586,1005498.36999621,0.00222080101887147,5310014429.15553,219,14475
2011,"RaPIPOxe_fxp","D",0.211954981968568,40423.1733927529,4.17572561263318e-06,214900496.591023,11,14475
2011,"RaPIPOxe_fxp","E",0.883897715574825,168573.299321825,6.58999865687873e-05,777412646.497403,53,14475
2011,"RaREFI_fcw","A",0.130316973079267,26552.9123852864,1.58132873976934e-06,117170842.51623,9,14816
2011,"RaREFI_fcw","B",0.140826362470294,26857.8186534514,1.85491862231823e-06,77893771.3357523,12,14475
2011,"RaREFI_fcw","C",0.258898873930119,49376.1173946723,6.09952568393873e-06,195962234.123629,18,14475
2011,"RaREFI_fcw","D",0.305198761036609,33531.9250126312,3.3785803553461e-06,103808547.180944,16,7266
2011,"RaREFI_fcw","E",0.580593817599757,118299.684268971,2.67744948478739e-05,378221364.476491,48,14816
2011,"RaREFI_frf","A",0.126489944197042,12247.8468582632,5.21378811596181e-07,23779161.3548904,6,6925
2011,"RaREFI_frf","B",0.154820502820752,14991.0557800073,7.12824468176751e-07,29069664.7111182,8,6925
2011,"RaREFI_frf","C",0.118892022669404,24225.0060499021,1.33342441001429e-06,105612849.080778,8,14816
2011,"RaREFI_frf","E",0.105805664568931,20178.8166764564,1.22812097959966e-06,112108735.073128,4,14475
2011,"RaREFI_frm","A",0.0359287944114731,3478.93561458329,9.34778554756422e-08,6725344.32859448,2,6925
2011,"RaREFI_frm","B",0.0461601173096258,8803.4657572405,2.61883937840037e-07,31150725.3563217,3,14475
2011,"RaREFI_frm","C",0.05240087522456,9993.67717362038,3.61595544416465e-07,48811157.1339635,3,14475
2011,"RaREFI_frm","D",0.0799453473457655,7740.99773335567,2.6862368874963e-07,15081301.3111122,4,6925
2011,"RaREFI_frm","E",0.346121086014263,38028.025612229,4.25924548377229e-06,119469545.069482,15,7266
2011,"RaSAWD_fal","A",0.811818993503323,249201.72420992,3.71506512176206e-05,1393637064.48844,58,24303
2011,"RaSAWD_fal","B",0.478607421796179,146916.733515405,1.33950430901599e-05,906484873.403455,32,24303
2011,"RaSAWD_fal","C",0.480886275074411,147616.266503302,1.3309083861414e-05,856486832.422271,30,24303
2011,"RaSAWD_fsw","A",0.119993770232801,11618.8312919765,4.63104021250264e-07,21926760.2651556,9,6925
2011,"RaSAWD_fsw","B",0.132380968088427,12818.2665775387,5.54754941814696e-07,24761699.2395143,7,6925
2011,"RaSAWD_fsw","C",0.0375429872254394,3635.23567867669,8.5378452586861e-08,5793796.55034038,3,6925
2011,"RaSPFI_fcd","A",1.06653846545689,227257.88706743,5.86347054745238e-05,1144024302.66966,70,16753
2011,"RaSPFI_fcd","B",0.967172350728405,206084.967373792,4.83664855532175e-05,896622557.950602,76,16753
2011,"RaSPFI_fcd","C",1.63781513492248,348985.450618599,0.000136065587097289,1467479737.85201,122,16753
2011,"RaSPFI_fcd","D",1.24149022042172,264536.585829612,7.90264971172885e-05,1124767081.00277,94,16753
2011,"RaSPFI_fcd","E",1.90517449831273,405954.351394001,0.000183244142410772,1770748812.031,138,16753
2011,"RaSPFI_fmz","A",0.0566384490091351,5484.22290923624,1.63892383949899e-07,10535776.2578785,3,6925
2011,"RaSPFI_fmz","B",0.282462803024619,57553.5932395621,6.6093823414184e-06,205024380.687847,22,14816
2011,"RaSPFI_fmz","C",0.117552255573727,22419.0777005216,1.33596004096189e-06,69211015.1836925,10,14475
2011,"RaSPFI_fmz","D",0.575329961165713,109724.539438739,2.85661245651285e-05,427576526.433315,36,14475
2011,"RaSPFI_fmz","E",0.162137317783337,30922.1554941494,2.43157706903708e-06,89781916.6064941,14,14475
2011,"RaSSHE_fss","A",0,0,0,0,0,20331
2011,"RaSSHE_fss","B",0.0916839171546213,25720.3660223577,6.99925919766841e-07,159473232.580007,4,23619
2011,"RaSSHE_fss","D",0.0306447712112179,8596.87016747633,9.69353504400825e-08,31998671.7884011,3,23619
2011,"RaSSHE_fss","E",0.0168444762158365,4945.09244866156,5.17544220126402e-08,31122835.6733065,1,23960
2011,"RaTAOAco_ftm","A",0.322368429031309,65684.6184314312,8.61918741883179e-06,335981785.365875,17,14816
2011,"RaTAOAco_ftm","B",0.607776182115497,115912.547869639,3.14701601046774e-05,541959224.799545,34,14475
2011,"RaTAOAco_ftm","C",0.288009949240447,58683.8595738459,7.11411425322727e-06,327142552.844469,12,14816
2011,"RaTAOAco_ftm","D",0.96987937826036,197619.094019155,7.36470614620184e-05,803366623.959056,65,14816
2011,"RaTAOAco_ftm","E",1.03514353878918,210917.081959429,8.36066377669714e-05,745879766.691725,77,14816
2011,"RaTAOAco_fto","B",0.063913172257617,6000.63029594952,1.7512401533459e-06,38555028.657427,1,7550
2011,"RaTAOAco_fto","C",0.0625381673200776,5871.53489990155,1.67455009289375e-06,37383071.3139799,1,7550
2017,"Na0210290_fdw","B",0,0,0,0,0,7549
2017,"Na0210290_fdw","E",0,0,0,0,0,7549
2017,"Na0210290_fwo","A",0.0928189781333692,8445.58798405898,3.40996437732726e-06,49311621.2093259,2,7549
2017,"Na0210290_fwo","B",0.622715886625744,56660.8458241395,0.000128977026563108,358243820.723456,8,7549
2017,"Na0210290_fwo","C",0.425119466149642,38681.5705937211,6.04410856796049e-05,170556779.352611,10,7549
2017,"Na0210290_fwo","E",0.444833731307799,40475.3692788892,6.61737719230484e-05,264596368.596325,6,7549
2017,"Na0210350_fvg","B",0,0,0,0,0,7549
2017,"Na0210350_fvg","D",0,0,0,0,0,7549
2017,"Na0210350_fvg","E",0,0,0,0,0,7549
2017,"Na0710270_fdd","A",0.662146064289518,124426.358448318,3.61525077992417e-05,677992047.568779,28,14487
2017,"Na0710270_fdd","B",4.8490725023673,972297.244297542,0.00172119826837097,5195738604.91548,175,14824
2017,"Na0710270_fdd","C",1.32738589130046,249434.077490757,0.00014244333782498,1311332463.11708,51,14487
2017,"Na0710270_fdd","D",0.0586930025843107,5688.75351133048,1.72188618148191e-07,11463287.4288065,3,6938
2017,"Na0710270_fdd","E",1.09697739640004,206137.15023834,9.70737870793816e-05,1074472489.87486,46,14487
2017,"Na0710411_fmt","A",0,0,0,0,0,9535
2017,"Na0710411_fmt","B",0,0,0,0,0,3674
2017,"Na0710411_fmt","C",0,0,0,0,0,9535
2017,"Na0710411_fmt","D",0,0,0,0,0,9535
2017,"Na0710411_fmt","E",0,0,0,0,0,9535
2017,"Na0710412_fmc","A",0.00886298829383818,1772.33551707093,1.34792662650435e-08,3454938.64006402,1,16473
2017,"Na0710412_fmc","B",0.0183073717788567,3891.57355960044,3.69279562626164e-08,7810753.95427589,2,16810
2017,"Na0710412_fmc","C",0,0,0,0,0,10280
2017,"Na0710412_fmc","D",0.018598145441747,3953.38292863497,3.75852466807685e-08,7680139.0739834,2,16810
2017,"Na0710412_fmc","E",0.0239252698097475,7262.72014507102,4.81980848520313e-08,13648663.0435175,4,24359
2017,"Na0710412_fmh","A",0.560418103168994,170119.705228557,1.89223976368155e-05,585892441.493715,68,24359
2017,"Na0710412_fmh","B",1.16195067036609,352720.05742683,7.97088077440546e-05,1672254044.53193,106,24359
2017,"Na0710412_fmh","C",0.664226819028652,201631.728202723,2.65774378560007e-05,1014668003.92286,58,24359
2017,"Na0710412_fmh","D",1.09655754408913,332869.415016632,7.14532935283979e-05,1589477630.71781,100,24359
2017,"Na0710412_fmh","E",1.39036579713878,422057.421470899,0.00011354098062981,2232165578.56978,110,24359
2017,"Na0710412_fmi","A",0.0756830150161128,7865.44583741605,2.02088330681761e-06,50633010.7490404,1,7881
2017,"Na0710412_fmi","B",0.0671132379416926,6106.62568507503,1.89687335135291e-06,39126389.7650655,1,7549
2017,"Na0710412_fmi","C",0.0055671322997653,539.588060311587,3.02875246771328e-09,238450.345315189,1,6938
2017,"Na0710412_fmi","D",0.0974143906766583,9441.78066576022,3.37530579454541e-07,18685102.8596295,5,6938
2017,"Na0710412_fmi","E",0.121389251459181,13294.8082382881,1.09570744151154e-06,86130558.1313803,2,7275
2017,"Na1010471_frn","A",1.27847913503998,131742.855615701,0.000365795049617539,506597791.221846,43,9535
2017,"Na1010471_frn","B",2.77786446351338,250314.081361723,0.00201727181350171,725963689.218181,93,9203
2017,"Na1010471_frn","C",1.87551814608441,193265.661951143,0.000786204992840623,643948212.891444,72,9535
2017,"Na1010471_frn","D",0.413942235302978,20609.7212747531,2.66710794960497e-05,111670402.88867,7,3674
2017,"Na1010471_frn","E",0.577870113296675,52072.0245556195,8.87856751639337e-05,168686766.31287,20,9203
2017,"R1RFWF_fcw","A",0.106792038554336,21413.0856465038,1.09863749805949e-06,102234753.82489,7,14824
2017,"R1RFWF_fcw","B",0.198656698916236,37330.3277941156,3.45030085797341e-06,108652243.391834,17,14487
2017,"R1RFWF_fcw","C",0.0952515837353395,9232.15302634812,3.24052863657301e-07,17919771.7688146,5,6938
2017,"R1RFWF_fcw","D",0.0799873923926036,7752.68838362731,2.55014801603168e-07,15126228.8445989,4,6938
2017,"R1RFWF_fcw","E",0.614541312718219,115480.770454513,3.10305668208179e-05,282311811.040602,54,14487
2017,"RaABAMlw_fsi","A",0.187080930983857,56790.0156202853,2.22719195877028e-06,162559534.62776,16,24359
2017,"RaABAMlw_fsi","B",0.318875770828788,96797.4657334797,6.28359580047182e-06,394199186.02558,37,24359
2017,"RaABAMlw_fsi","C",0.488516647066799,148293.403671841,1.46047938544895e-05,776874871.481482,41,24359
2017,"RaABAMlw_fsi","D",0.135397038742585,41100.9283773303,1.2013995445005e-06,119897110.031603,20,24359
2017,"RaABAMlw_fsi","E",0.260412443205118,79050.4229349352,4.20272662022262e-06,254300090.064954,33,24359
2017,"RaABAMlw_fsw","A",0,0,0,0,0,6938
2017,"RaABAMlw_fsw","B",0.0313623560444336,3434.87174111019,7.79540968136849e-08,6389593.34183415,2,7275
2017,"RaABAMlw_fsw","C",0,0,0,0,0,6938
2017,"RaABAMlw_fsw","D",0,0,0,0,0,6938
2017,"RaABAMlw_fsw","E",0.0161824433941188,1772.33551707093,3.52249873103683e-08,3454938.64006402,1,7275
2017,"RaABAMlw_fwc","A",0.00987684681926937,1847.30751870045,1.65937379021175e-08,3617479.48768623,1,16141
2017,"RaABAMlw_fwc","B",0,0,0,0,0,16141
2017,"RaABAMlw_fwc","C",0,0,0,0,0,16141
2017,"RaABAMlw_fwc","D",0,0,0,0,0,12799
2017,"RaABAMlw_fwc","E",0,0,0,0,0,16478
2017,"RaABAMup_fsi","C",0,0,0,0,0,7549
2017,"RaABAMup_fsi","E",0,0,0,0,0,7549
2017,"RaABAMup_fst","A",0,0,0,0,0,9535
2017,"RaABAMup_fst","B",0,0,0,0,0,9535
2017,"RaABAMup_fst","C",0,0,0,0,0,9535
2017,"RaABAMup_fst","D",0,0,0,0,0,9535
2017,"RaABAMup_fst","E",0,0,0,0,0,9535
2017,"RaABLA_faf","A",0,0,0,0,0,9535
2017,"RaABLA_faf","B",0.0185257996549381,1909.01961730458,1.12488339554799e-07,3802390.72702654,1,9535
2017,"RaABLA_faf","C",0,0,0,0,0,9203
2017,"RaABLA_faf","E",0.0185257996549381,1909.01961730458,1.12488339554799e-07,3802390.72702654,1,9535
2017,"RaDFHEdy_fdg","A",0,0,0,0,0,9203
2017,"RaDFHEdy_fdg","B",0,0,0,0,0,9535
2017,"RaDFHEdy_fdg","C",0,0,0,0,0,9203
2017,"RaDFHEdy_fdg","D",0,0,0,0,0,9535
2017,"RaDFHEdy_fdg","E",0,0,0,0,0,9535
2017,"RaDFHEdy_fwi","A",0.260655675396075,72468.5387115539,4.75009975820216e-06,375566518.04354,18,23690
2017,"RaDFHEdy_fwi","B",0.248238955754863,72143.766611752,4.04352898072409e-06,321229380.841103,20,24027
2017,"RaDFHEdy_fwi","C",0.130334968694125,36236.2519439758,1.28401546331592e-06,162325744.729911,11,23690
2017,"RaDFHEdy_fwi","D",0.36675603009695,106587.466734655,8.58754914310568e-06,406273340.021997,41,24027
2017,"RaDFHEdy_fwi","E",0.501374276282995,152196.446917283,1.51028753005539e-05,566753227.6545,55,24359
2017,"RaDFHEdy_fwx","A",0.039698480501844,3847.7307414107,1.05091506106058e-07,7636318.45051354,2,6938
2017,"RaDFHEdy_fwx","B",0.0580291214874727,5624.4075798829,1.65986165911909e-07,10785453.3391809,3,6938
2017,"RaDFHEdy_fwx","C",0.0234519458159115,2273.05357084357,4.9210559756343e-08,3813005.55364497,2,6938
2017,"RaDFHEdy_fwx","D",0.221053665488883,24210.266211532,2.12267334860583e-06,97489294.3634287,9,7275
2017,"RaDFHEdy_fwx","E",0.353280250445556,34241.2924320742,2.58375348492186e-06,64617514.1669672,18,6938
2017,"RaDFHEwt_fdm","A",0,0,0,0,0,6938
2017,"RaDFHEwt_fdm","B",0,0,0,0,0,6938
2017,"RaDFHEwt_fdm","C",0.0123679304674668,1198.74780257878,1.92636912627886e-08,1580655.76632758,1,6938
2017,"RaDFHEwt_fdm","D",0,0,0,0,0,6938
2017,"RaDFHEwt_fdm","E",0,0,0,0,0,6938
2017,"RaDFHEwt_fhc","A",0.113509115794919,10328.181194381,4.85892222186265e-06,59808454.3229484,2,7549
2017,"RaDFHEwt_fhc","B",0.230129885211739,20939.491388544,1.86000967986036e-05,128675835.982583,3,7549
2017,"RaDFHEwt_fhc","C",0,0,0,0,0,14487
2017,"RaDFHEwt_fhc","D",0.0793848212807501,7223.21562043075,2.57574541328651e-06,44141069.5428924,1,7549
2017,"RaDFHEwt_fhc","E",0.0364791282193867,6854.9302465127,2.15393733053111e-07,39544647.1558032,1,14487
2017,"RaDFHEwt_fwm","A",0.0920007358342651,25578.4144203494,7.17173868232859e-07,142062469.351519,5,23690
2017,"RaDFHEwt_fwm","B",0.241768597120092,70345.0650307405,3.94599621391441e-06,388185748.035238,16,24022
2017,"RaDFHEwt_fwm","C",0.175728424417323,48856.7229862009,2.29032968149249e-06,275491624.682822,11,23690
2017,"RaDFHEwt_fwm","D",0.056648773035293,15749.7196078009,2.79238680863482e-07,59402895.6338495,6,23690
2017,"RaDFHEwt_fwm","E",0.330109073510284,100207.430775853,6.7682040818118e-06,509852572.716133,25,24359
2017,"RaDFHEwt_fwn","A",0.15788688423117,43896.3462605099,1.89942989352848e-06,272720319.647017,7,23690
2017,"RaDFHEwt_fwn","B",0.281322609019095,78214.4426786673,5.54054547390623e-06,496088510.777439,12,23690
2017,"RaDFHEwt_fwn","C",0.140118669563797,40721.6045693575,1.47783873958912e-06,266274254.685686,6,24027
2017,"RaDFHEwt_fwn","D",0.0342141754997484,9943.40104501917,1.3263748885379e-07,53570256.6426231,2,24027
2017,"RaDFHEwt_fwn","E",0.170529246323522,49559.5951482775,2.07228148088781e-06,308640634.680371,8,24027
2017,"RaDFHEwt_fww","A",0,0,0,0,0,13410
2017,"RaDFHEwt_fww","B",0,0,0,0,0,23690
2017,"RaDFHEwt_fww","C",0.0280088161591714,5263.24203538618,1.44501157277216e-07,29576592.0092884,1,14487
2017,"RaDFHEwt_fww","D",0,0,0,0,0,20348
2017,"RaDFHEwt_fww","E",0.00664441697751999,1847.30751870045,7.49849675303634e-09,3617479.48768623,1,23690
2017,"RaDFWV_fwx","A",0,0,0,0,0,7549
2017,"RaDFWV_fwx","B",0,0,0,0,0,14487
2017,"RaDFWV_fwx","C",0,0,0,0,0,7549
2017,"RaDFWV_fwx","D",0,0,0,0,0,14487
2017,"RaDFWV_fwx","E",0.082255629449396,15456.9648393885,7.65440918357627e-07,82432113.6865606,4,14487
2017,"RaMCONdy_fdd","A",3.9464927247623,1197991.59810645,0.000895987949646261,5560220606.38461,363,24359
2017,"RaMCONdy_fdd","B",4.66951791795871,1357065.85551091,0.00131143356283615,5545629786.97917,424,24027
2017,"RaMCONdy_fdd","C",7.74053132998406,2249570.71714714,0.00358929684427234,9645041285.44424,655,24027
2017,"RaMCONdy_fdd","D",0.606832121927095,176358.923375647,2.29284798539053e-05,824380019.687029,54,24027
2017,"RaMCONdy_fdd","E",1.22911297568544,373107.749256896,8.82963046733756e-05,1601578563.34928,125,24359
2017,"RaMCONdy_fdg","A",0.834481654167308,167323.58865899,5.33198386416951e-05,489034947.109767,79,14824
2017,"RaMCONdy_fdg","B",1.21886802979299,244397.671091026,0.000113446250404002,493267946.510016,126,14824
2017,"RaMCONdy_fdg","C",2.02598785013159,406234.88361982,0.00031121409665295,1247488786.96476,178,14824
2017,"RaMCONdy_fdg","D",0.483228661458975,46836.3965653566,4.49372556799517e-06,89220221.6283103,25,6938
2017,"RaMCONdy_fdg","E",1.12966057053303,123722.821247003,3.66603287672558e-05,250076136.936099,64,7275
2017,"RaMCONdy_fdx","E",0.0182858499452512,1772.33551707093,4.09240891357865e-08,3454938.64006402,1,6938
2017,"RaMCONdy_fmd","A",2.02609050447423,589511.913429393,0.000250194197494205,2726187878.56416,176,24022
2017,"RaMCONdy_fmd","B",2.3593271187545,655949.610070352,0.000352427307154803,3243006950.03222,173,23690
2017,"RaMCONdy_fmd","C",3.09283989073565,899893.64142026,0.00057955857723364,4219040391.52299,252,24022
2017,"RaMCONdy_fmd","D",0.451518663363553,125533.033897037,1.35532364887554e-05,575806971.088454,38,23690
2017,"RaMCONdy_fmd","E",0.995587640099993,276797.277971018,6.35172010865806e-05,1271975240.50554,78,23690
2017,"RaMCONdy_fmx","A",0.412609396406784,82733.1368837512,1.33857889215757e-05,260853079.923281,36,14824
2017,"RaMCONdy_fmx","B",0.553645206868283,104037.554065813,2.53487521957958e-05,216529411.389148,51,14487
2017,"RaMCONdy_fmx","C",1.60085059877272,300821.859658455,0.00020800976580554,1039517909.80257,114,14487
2017,"RaMCONdy_fmx","D",0.232058275508804,22491.9883377527,1.28341372259442e-06,43405352.8682439,12,6938
2017,"RaMCONdy_fmx","E",0.579834878615697,56199.8459182368,6.24214253344455e-06,103597699.83363,30,6938
2017,"RaMCONms_fcm","A",1.76494324276921,535763.606684366,0.000182670610829898,1899976533.61252,210,24359
2017,"RaMCONms_fcm","B",1.1020876360534,275853.512039337,6.60290363948647e-05,911874400.700925,107,18498
2017,"RaMCONms_fcm","C",3.40211620568668,1032741.45284023,0.000675281533165926,3656760000.97466,393,24359
2017,"RaMCONms_fcm","D",0.911158673280291,228063.823444702,4.51738921377701e-05,765921831.424385,97,18498
2017,"RaMCONms_fcm","E",0.788858709100598,197452.034021071,3.41349022757657e-05,640307538.618573,86,18498
2017,"RaMCONms_fmm","A",1.30913707061393,380906.922832274,0.000105752970833174,1597673152.87863,134,24022
2017,"RaMCONms_fmm","B",1.18317338293761,359162.393222914,8.22792427604615e-05,1234959650.36714,145,24359
2017,"RaMCONms_fmm","C",2.12566519248122,618484.195134732,0.00027712760543855,2365578377.74738,229,24022
2017,"RaMCONms_fmm","D",0.512538420103822,148955.074545353,1.64324921303714e-05,494215977.44427,64,24027
2017,"RaMCONms_fmm","E",0.990303352305937,300615.046923878,5.74894689532142e-05,1320285746.65586,103,24359
2017,"RaMCONsw_fdm","B",0.281388619787694,52876.7943468019,7.01753805165309e-06,315941765.192723,11,14487
2017,"RaMCONsw_fdm","C",0.104626739888041,19660.8043794037,1.17712286509142e-06,109457028.380978,4,14487
2017,"RaMCONsw_fdm","D",0.0188045918058877,1822.61399067485,4.40259985594691e-08,3654021.10283616,1,6938
2017,"RaMCONsw_fdm","E",0.444729948761081,83570.8780911113,1.67297969896653e-05,412403122.237614,20,14487
2017,"RaMCONsw_fiw","A",0.529896246174937,106250.558156839,2.21123247747258e-05,526577746.514772,28,14824
2017,"RaMCONsw_fiw","B",1.3685098932077,257161.843429575,0.000150328108993833,1207817793.56747,74,14487
2017,"RaMCONsw_fiw","C",0.72526973171183,145425.287242367,4.06186256440649e-05,766437914.33676,35,14824
2017,"RaMCONsw_fiw","D",0.555962663172905,104473.036000085,2.58225097733251e-05,543413351.908342,27,14487
2017,"RaMCONsw_fiw","E",2.53418521444658,508134.555493464,0.000481962192237911,1711542463.09121,190,14824
2017,"RaMCONsw_fvw","A",0.0614767100179111,11552.3199025877,4.41891790941803e-07,49776105.7619609,4,14487
2017,"RaMCONsw_fvw","B",0.390520895032655,35533.4506470507,5.16996425422322e-05,224615802.035971,5,7549
2017,"RaMCONsw_fvw","C",0.197991567831523,18015.229642156,1.38764819460608e-05,107557976.873623,3,7549
2017,"RaMCONsw_fvw","D",0.0196374968017816,1903.34237415106,4.38029435841493e-08,3575204.99671011,1,6938
2017,"RaMCONsw_fvw","E",0.212958785933512,40017.8867810894,4.01468075501824e-06,155412292.026098,14,14487
2017,"RaMEVG_ftd","A",0.298261545595649,56047.449324424,7.62214048924608e-06,176545582.030449,24,14487
2017,"RaMEVG_ftd","B",0.49338743837722,98930.1039468882,1.91350299975459e-05,421982186.316566,30,14824
2017,"RaMEVG_ftd","C",0.244391600198996,49003.4494817193,5.01631486764076e-06,221105673.959386,17,14824
2017,"RaMEVG_ftd","D",0.239473833029887,26227.6820224956,2.09001274028706e-06,69651965.0959272,13,7275
2017,"RaMEVG_ftd","E",0.644067046242967,129143.174060436,3.21804471164065e-05,458827043.428439,49,14824
2017,"RaMEVG_fuc","A",0.296257719141459,28714.4474778539,1.81627155848673e-06,51781922.3352439,16,6938
2017,"RaMEVG_fuc","C",0.27825294423981,30474.8525173276,2.77149200531111e-06,98833584.6199147,13,7275
2017,"RaMEVG_fuc","D",0.140167111143861,15351.3992513503,1.05364302729815e-06,70170121.6178352,6,7275
2017,"RaMEVG_fuc","E",0.09554989842645,9261.06684352928,3.30377037677295e-07,18063431.6208897,5,6938
2017,"RaOAPI_fop","A",0.0559671280574764,13497.671955598,3.88366691901627e-07,77660654.0151863,4,20348
2017,"RaOAPI_fop","B",0.0668134828598625,12555.1729684024,5.63221822937465e-07,76747312.7448282,3,14487
2017,"RaOAPI_fop","D",0.0569000151085377,5177.32573184488,1.45719714487254e-06,34056657.8068066,1,7549
2017,"RaOAPI_fop","E",0.102188380175109,19202.603030744,9.7545204482581e-07,48604308.8396432,6,14487
2017,"RaPICOpu_fld","A",0.633917463306706,119121.81581972,3.32854562646335e-05,487834319.362107,37,14487
2017,"RaPICOpu_fld","B",0.230161709376492,43250.5528560165,4.73838412280422e-06,185785634.478396,15,14487
2017,"RaPICOpu_fld","C",0.712548249787132,133897.622777336,4.20045632208013e-05,586017673.065623,44,14487
2017,"RaPICOpu_fld","D",0.0560863376762578,10539.3947531011,3.86866031466222e-07,50035958.215092,3,14487
2017,"RaPICOpu_fld","E",0.0576117754805658,5583.95678579001,1.630680572587e-07,10515962.1245958,3,6938
2017,"RaPICOpu_flp","A",0.0564713351184308,5473.42088152716,1.60113993296279e-07,10575049.7814214,3,6938
2017,"RaPICOpu_flp","B",0.101727694195723,19116.0337948991,1.02218992489216e-06,66955529.9643565,8,14487
2017,"RaPICOpu_flp","C",0.0348727880264451,3380.00590530963,8.55944420083592e-08,6318718.18579127,2,6938
2017,"RaPICOpu_flp","E",0.0564035953129889,5466.85527678559,1.62764965417227e-07,10841186.6192573,3,6938
2017,"RaPICOpu_flw","A",0.107694336566279,20237.2480138923,1.16056331934665e-06,85331981.6777666,7,14487
2017,"RaPICOpu_flw","B",0.0379683249134053,3680.03734960065,9.51147581698903e-08,6843922.08371506,2,6938
2017,"RaPICOpu_flw","C",0.0556479366762188,10457.0131715787,3.78181273602476e-07,47145484.5779737,3,14487
2017,"RaPICOpu_flw","D",0.0242088821600953,2202.76336144339,2.48346081311867e-07,4879174.52084857,1,7549
2017,"RaPICOpu_flw","E",0.076793241824272,14430.5070270075,6.56658494004622e-07,70944040.5516071,4,14487
2017,"RaPIJEsp_fjp","A",0.132175173189029,26502.7088362782,1.59067754021356e-06,123638788.43486,9,14824
2017,"RaPIJEsp_fjp","B",0.0417955928790939,4050.99100880966,1.11436510374987e-07,7991190.91316188,2,6938
2017,"RaPIJEsp_fjp","C",0.0570326228328991,5527.82306434208,1.5499101386915e-07,9862855.94108517,3,6938
2017,"RaPIJEsp_fjp","D",0.0102225521975167,990.809417610663,1.32101007938904e-08,1079846.19824481,1,6938
2017,"RaPIJEsp_fjp","E",0.0664864623355249,12493.721311169,4.92506361621209e-07,50540083.4492347,4,14487
2017,"RaPIPOm_fdp","A",0.698265034296775,131213.610009995,3.9850605143285e-05,472698267.818679,56,14487
2017,"RaPIPOm_fdp","B",1.25422339963429,235685.83838766,0.000128202565912562,667634766.651585,104,14487
2017,"RaPIPOm_fdp","C",0.942608192550997,177129.052286248,7.27267725054631e-05,406801910.86736,92,14487
2017,"RaPIPOm_fdp","D",0.740311524583831,166397.125948286,3.24367053796446e-05,402523973.396212,87,17829
2017,"RaPIPOm_fdp","E",1.23470123035314,232017.354100478,0.000124131965796875,514797555.23952,113,14487
2017,"RaPIPOm_fpd","A",1.90627128609915,101523.549836887,0.0025945550726257,572157380.171688,21,5861
2017,"RaPIPOm_fpd","B",0.754849210629245,136703.298089982,8.46275666561105e-05,818989000.611613,24,16752
2017,"RaPIPOm_fpd","C",0.493101760278176,89300.7980598007,3.64052923128052e-05,472554603.331857,19,16752
2017,"RaPIPOm_fpd","D",0.740313383192594,134070.857699138,8.09006487258041e-05,773883612.641161,26,16752
2017,"RaPIPOm_fpd","E",0.453431247457508,82116.462614864,3.11151392623736e-05,508271922.688764,14,16752
2017,"RaPIPOm_fpl","A",1.29364776975854,243094.220122803,0.000136361322853263,844709757.782125,94,14487
2017,"RaPIPOm_fpl","B",1.62957023015307,306218.673656691,0.000215404891695433,724673548.279111,145,14487
2017,"RaPIPOm_fpl","C",1.16290609857953,218526.060739862,0.000109775398709792,759703502.210646,85,14487
2017,"RaPIPOm_fpl","D",0.597618387009262,112300.719807355,2.94431208855122e-05,229363312.003158,60,14487
2017,"RaPIPOm_fpl","E",1.5583082591321,151037.281967965,3.98958873251817e-05,275332654.991727,78,6938
2017,"RaPIPOxe_fpd","A",0.505842625852457,95054.7911966992,2.12226580524437e-05,387906396.579666,34,14487
2017,"RaPIPOxe_fpd","B",1.57840362859096,296603.765028667,0.000202457300342431,1020463345.44045,110,14487
2017,"RaPIPOxe_fpd","C",1.13536376798063,213350.477761388,0.000104504742761269,894672345.5441,71,14487
2017,"RaPIPOxe_fpd","D",0.118644668108149,11499.501517772,4.45496836343295e-07,22136862.4808072,6,6938
2017,"RaPIPOxe_fpd","E",0.322896861770775,60676.7642840817,8.77376724692732e-06,155898208.466607,29,14487
2017,"RaPIPOxe_fxp","A",3.80843966638772,715658.228018336,0.00112563527487195,3529761314.9329,190,14487
2017,"RaPIPOxe_fxp","B",3.66615370562163,688920.737740505,0.00106183029507496,3432928115.93601,168,14487
2017,"RaPIPOxe_fxp","C",4.41341873651199,829342.121486438,0.00151290258282903,4105078948.63486,201,14487
2017,"RaPIPOxe_fxp","D",0.374715320230947,70414.1657946123,1.19881245084134e-05,373593264.019587,18,14487
2017,"RaPIPOxe_fxp","E",0.756581171424564,142172.01476827,4.70753218868534e-05,579913828.815219,50,14487
2017,"RaREFI_fcw","A",0.151853061187657,30448.3615905566,1.97287536192857e-06,99327371.4869987,14,14824
2017,"RaREFI_fcw","B",0.18341041021527,34465.3403159396,3.01565586423909e-06,119716697.850256,14,14487
2017,"RaREFI_fcw","C",0.157268103509183,29552.8410951405,2.27446366926135e-06,105604730.964746,13,14487
2017,"RaREFI_fcw","D",0.285814027345339,31302.9583731049,3.11901842147441e-06,110585302.270333,13,7275
2017,"RaREFI_fcw","E",0.596498391159957,119605.087708959,2.75975526431169e-05,407757607.854364,48,14824
2017,"RaREFI_frf","A",0.0997753406791094,9670.61309935785,3.49410727357601e-07,18741803.3267985,5,6938
2017,"RaREFI_frf","B",0.176319708780423,17089.5902113811,8.25209890330408e-07,33022662.9093536,9,6938
2017,"RaREFI_frf","C",0.138502447667042,27771.4033208178,1.77418783999143e-06,131937048.681183,8,14824
2017,"RaREFI_frf","D",0.0206932156086091,2005.66673659428,4.78756711331665e-08,3886736.68586305,1,6938
2017,"RaREFI_frf","E",0.116415582057642,21876.0900702723,1.42332985918133e-06,115692556.603237,4,14487
2017,"RaREFI_frm","A",0.0397429746774049,3852.04328952224,1.04065322403675e-07,7515357.78095671,2,6938
2017,"RaREFI_frm","B",0.067079672688511,12605.1937007166,5.08926186864382e-07,53422812.759695,4,14487
2017,"RaREFI_frm","C",0.0245502311401408,2379.50364529117,5.26574406365687e-08,4062746.86186452,2,6938
2017,"RaREFI_frm","D",0.0409226548115792,3966.38246472275,1.07151080927227e-07,7747062.33094116,2,6938
2017,"RaREFI_frm","E",0.216931577066241,43497.3852174111,3.93296788028231e-06,160013086.363927,17,14824
2017,"RaSAWD_fal","A",0.832769535499049,252794.310357422,4.16467881151161e-05,1348843835.50548,67,24359
2017,"RaSAWD_fal","B",0.498383029055635,151288.428254598,1.54533122050802e-05,991271739.549335,31,24359
2017,"RaSAWD_fal","C",0.380083622272963,115377.632195762,9.08683384743125e-06,709338307.945107,24,24359
2017,"RaSAWD_fsw","A",0.149414785078758,16364.2241113505,8.86624882016884e-07,35224164.0613283,10,7275
2017,"RaSAWD_fsw","B",0.129746403410992,12575.524772762,5.08091769226616e-07,24183927.2214218,7,6938
2017,"RaSAWD_fsw","C",0.0434419524481785,4210.56256533531,9.68844841789462e-08,6623610.51439833,3,6938
2017,"RaSPFI_fcd","A",1.42902239762572,303765.3818283,0.000121570723632385,1404362306.80575,90,16810
2017,"RaSPFI_fcd","B",1.11112660203333,236190.697281595,7.50306808101836e-05,998492805.711797,88,16810
2017,"RaSPFI_fcd","C",1.55306264019088,330132.450467311,0.000145422296179072,1493741114.56941,113,16810
2017,"RaSPFI_fcd","D",1.17126070639312,248973.323503622,8.28125810245847e-05,1124947976.15165,83,16810
2017,"RaSPFI_fcd","E",1.5390634632248,327156.664123131,0.000142723899164543,1242529446.57768,128,16810
2017,"RaSPFI_fmz","A",0.0393057856130078,3809.6692293158,9.89712618392626e-08,7146107.3511136,2,6938
2017,"RaSPFI_fmz","B",0.302984745328255,60752.078423871,7.39877927095665e-06,204184683.788781,25,14824
2017,"RaSPFI_fmz","C",0.243692082974616,45793.0962706121,5.25080906211035e-06,193800937.334336,16,14487
2017,"RaSPFI_fmz","D",0.378088736677511,71048.0771724984,1.20293747441555e-05,207885283.281509,31,14487
2017,"RaSPFI_fmz","E",0.232836665802562,25500.7653929585,2.0768718084588e-06,74032574.8921991,12,7275
2017,"RaSSHE_fss","A",0,0,0,0,0,20348
2017,"RaSSHE_fss","B",0.0789839628929009,21959.4388796581,5.52384970094143e-07,128682022.904183,4,23690
2017,"RaSSHE_fss","D",0.0290710626280556,8082.45369776044,9.20233986550178e-08,29435778.7318902,3,23690
2017,"RaSSHE_fss","E",0.0456382433986693,13263.4894886333,2.23397917261712e-07,85104610.345932,2,24027
2017,"RaTAOAco_ftm","A",0.377246729653821,75642.4977113874,1.15201749361372e-05,395123270.571199,18,14824
2017,"RaTAOAco_ftm","B",0.525488673188197,98746.5538752441,2.28672396925704e-05,477191473.126142,27,14487
2017,"RaTAOAco_ftm","C",0.288950265539098,57937.9967582567,6.98083512803902e-06,324941235.786946,11,14824
2017,"RaTAOAco_ftm","D",0.848326142633498,170099.574783721,5.54729172208434e-05,636300550.821256,61,14824
2017,"RaTAOAco_ftm","E",1.20007480303108,240629.403534055,0.000109135846227451,915810176.671127,80,14824
2018,"Na0210290_fdw","B",0,0,0,0,0,7657
2018,"Na0210290_fdw","E",0,0,0,0,0,7657
2018,"Na0210290_fwo","A",0.092674253913,8445.58798405898,3.34898979633448e-06,48591955.1131353,2,7657
2018,"Na0210290_fwo","B",0.577403717043969,52619.9423110055,0.000109399010203107,317894087.948325,9,7657
2018,"Na0210290_fwo","C",0.422130521250341,38469.588989875,5.88175843862376e-05,181769635.617265,10,7657
2018,"Na0210290_fwo","E",0.349915440795522,31888.4859326049,4.06614232028263e-05,206512027.625985,5,7657
2018,"Na0210350_fvg","B",0,0,0,0,0,7657
2018,"Na0210350_fvg","D",0,0,0,0,0,7657
2018,"Na0210350_fvg","E",0,0,0,0,0,7657
2018,"Na0710270_fdd","A",0.833929957976471,156749.670466585,5.63014807106231e-05,849250083.953191,37,14602
2018,"Na0710270_fdd","B",4.72554080580767,947710.874721919,0.00161695173264741,5038929486.5231,184,14938
2018,"Na0710270_fdd","C",1.28728353879107,241964.290372997,0.000132671778377036,1234026118.86514,55,14602
2018,"Na0710270_fdd","D",0.0587780789393961,5691.66089139202,1.72778510595672e-07,11463020.0872262,3,6945
2018,"Na0710270_fdd","E",1.161008042754,218228.912836202,0.000107223894321935,1110164057.52828,57,14602
2018,"Na0710411_fmt","A",0,0,0,0,0,9551
2018,"Na0710411_fmt","B",0,0,0,0,0,3687
2018,"Na0710411_fmt","C",0,0,0,0,0,9551
2018,"Na0710411_fmt","D",0,0,0,0,0,9551
2018,"Na0710411_fmt","E",0,0,0,0,0,9551
2018,"Na0710412_fmc","A",0.00834315430507663,1772.33551707093,1.17358779186149e-08,3451439.21755792,1,16832
2018,"Na0710412_fmc","B",0.0183330160146417,3894.48093966198,3.7103993507016e-08,7814367.95341471,2,16832
2018,"Na0710412_fmc","C",0,0,0,0,0,10298
2018,"Na0710412_fmc","D",0.0186102933011059,3953.38292863497,3.77102189167314e-08,7672367.93285524,2,16832
2018,"Na0710412_fmc","E",0.0239250065871741,7262.72014507102,4.80365153510869e-08,13634812.8580958,4,24489
2018,"Na0710412_fmh","A",0.604656853072681,183550.775280472,2.184811192682e-05,719749230.549551,69,24489
2018,"Na0710412_fmh","B",1.17324891050563,356153.653143815,8.10225971260332e-05,1625000687.9802,107,24489
2018,"Na0710412_fmh","C",0.6468947732722,196372.598037395,2.51147035077019e-05,964334748.135828,58,24489
2018,"Na0710412_fmh","D",1.05960323169805,321655.156440428,6.65081269656731e-05,1548512853.61236,99,24489
2018,"Na0710412_fmh","E",1.36113342542897,413188.231024022,0.000108382466573836,2147085502.68493,109,24489
2018,"Na0710412_fmi","A",0.0756106659655785,7865.44583741605,1.99204869942881e-06,49900704.5896578,1,7991
2018,"Na0710412_fmi","B",0.0664503879756799,6055.75523435354,1.83583965393059e-06,38182119.5363887,1,7657
2018,"Na0710412_fmi","C",0.00557235404725478,539.588060311587,3.03380438369228e-09,238203.166509876,1,6945
2018,"Na0710412_fmi","D",0.0975658108110218,9447.5954258833,3.38973619533415e-07,18688905.8474089,5,6945
2018,"Na0710412_fmi","E",0.121503876787557,13294.8082382881,1.10038206987682e-06,86409628.9450911,2,7281
2018,"Na1010471_frn","A",1.2527786647349,129050.122277336,0.000352861182889317,499412263.265411,42,9551
2018,"Na1010471_frn","B",2.76453361746996,249132.791232538,0.00200293875823025,725101769.917891,92,9217
2018,"Na1010471_frn","C",1.95274601324452,201154.536614903,0.000855368232816998,683113846.694488,74,9551
2018,"Na1010471_frn","D",0.414981749142638,20609.7212747531,2.7073763952575e-05,111026827.092656,7,3687
2018,"Na1010471_frn","E",0.593977828128847,53527.7825224668,9.39797872925755e-05,170863214.529902,21,9217
2018,"R1RFWF_fcw","A",0.106588858921377,21376.4783492806,1.08482623851798e-06,101680568.183398,7,14938
2018,"R1RFWF_fcw","B",0.198333267145482,37279.7187224837,3.40096354484513e-06,107535576.10786,17,14602
2018,"R1RFWF_fcw","C",0.11581015546915,11214.2510371838,4.29563895948247e-07,21709579.942005,6,6945
2018,"R1RFWF_fcw","D",0.0596790461647814,5778.90429937137,1.73359748679541e-07,11334319.4939101,3,6945
2018,"R1RFWF_fcw","E",0.619286421308425,116404.191426428,3.11386505807584e-05,285615905.451102,55,14602
2018,"RaABAMlw_fsi","A",0.164013107478229,49788.1283918398,1.73425309747406e-06,150945543.783817,15,24489
2018,"RaABAMlw_fsi","B",0.372207982772011,112988.157590883,8.44336431235067e-06,450110681.50416,41,24489
2018,"RaABAMlw_fsi","C",0.462115203249434,140280.563090105,1.30453523032144e-05,728733589.689116,39,24489
2018,"RaABAMlw_fsi","D",0.135588035326692,41159.3598526187,1.20073660057692e-06,120114750.751083,20,24489
2018,"RaABAMlw_fsi","E",0.253759415577503,77031.6870259163,3.98172742694646e-06,249242925.283496,32,24489
2018,"RaABAMlw_fsw","A",0,0,0,0,0,6945
2018,"RaABAMlw_fsw","B",0.0313919708605481,3434.87174111019,7.80715491657866e-08,6383087.8067135,2,7281
2018,"RaABAMlw_fsw","C",0,0,0,0,0,6945
2018,"RaABAMlw_fsw","D",0,0,0,0,0,6945
2018,"RaABAMlw_fsw","E",0.00883734061821169,1772.33551707093,1.43040070074152e-08,3451439.21755792,1,14938
2018,"RaABAMlw_fwc","A",0.00988126388978364,1847.30751870045,1.66207340967434e-08,3613781.75861404,1,16162
2018,"RaABAMlw_fwc","B",0,0,0,0,0,16162
2018,"RaABAMlw_fwc","C",0,0,0,0,0,16162
2018,"RaABAMlw_fwc","D",0,0,0,0,0,12809
2018,"RaABAMlw_fwc","E",0,0,0,0,0,16498
2018,"RaABAMup_fsi","C",0,0,0,0,0,7657
2018,"RaABAMup_fsi","E",0,0,0,0,0,7657
2018,"RaABAMup_fst","A",0,0,0,0,0,9551
2018,"RaABAMup_fst","B",0,0,0,0,0,9551
2018,"RaABAMup_fst","C",0,0,0,0,0,9551
2018,"RaABAMup_fst","D",0,0,0,0,0,9551
2018,"RaABAMup_fst","E",0,0,0,0,0,9551
2018,"RaABLA_faf","A",0,0,0,0,0,9551
2018,"RaABLA_faf","B",0.0184468840474705,1900.23402295541,1.11915684012057e-07,3772205.06217978,1,9551
2018,"RaABLA_faf","C",0,0,0,0,0,9217
2018,"RaABLA_faf","E",0.0184468840474705,1900.23402295541,1.11915684012057e-07,3772205.06217978,1,9551
2018,"RaDFHEdy_fdg","A",0,0,0,0,0,9217
2018,"RaDFHEdy_fdg","B",0,0,0,0,0,9217
2018,"RaDFHEdy_fdg","C",0,0,0,0,0,9217
2018,"RaDFHEdy_fdg","D",0,0,0,0,0,9551
2018,"RaDFHEdy_fdg","E",0,0,0,0,0,9551
2018,"RaDFHEdy_fwi","A",0.227175698028526,63173.5875978196,3.63719759756955e-06,321535430.092177,16,23819
2018,"RaDFHEdy_fwi","B",0.269910673210988,78454.4634593691,4.72983131122184e-06,354162408.224119,21,24155
2018,"RaDFHEdy_fwi","C",0.13711572964138,39855.189396106,1.33677074075178e-06,184842979.220631,12,24155
2018,"RaDFHEdy_fwi","D",0.390170234818379,113410.099965049,9.65466008547661e-06,454796836.25572,42,24155
2018,"RaDFHEdy_fwi","E",0.558694649526827,169598.402043372,1.85986722310391e-05,655517608.729508,62,24489
2018,"RaDFHEdy_fwx","A",0.0196476131479418,1902.53838473764,4.58042288428988e-08,3743501.1233952,1,6945
2018,"RaDFHEdy_fwx","B",0.0388612370161518,3763.05226211974,1.00854460121558e-07,7297304.76685098,2,6945
2018,"RaDFHEdy_fwx","C",0.0435305279377667,4215.19396202948,1.10953547640746e-07,7659962.26746263,3,6945
2018,"RaDFHEdy_fwx","D",0.238390199467967,26084.3692531334,2.37062898583493e-06,101197734.47233,10,7281
2018,"RaDFHEdy_fwx","E",0.353290281032536,34210.1768575161,2.59099482773663e-06,64587640.3742301,18,6945
2018,"RaDFHEwt_fdm","A",0,0,0,0,0,6945
2018,"RaDFHEwt_fdm","B",0,0,0,0,0,6945
2018,"RaDFHEwt_fdm","C",0.0123992785544388,1200.66000970429,1.93538355695196e-08,1584086.32246291,1,6945
2018,"RaDFHEwt_fdm","D",0,0,0,0,0,6945
2018,"RaDFHEwt_fdm","E",0,0,0,0,0,6945
2018,"RaDFHEwt_fhc","A",0.0660226341275198,6016.77318046458,1.83021415956953e-06,38547046.6545165,1,7657
2018,"RaDFHEwt_fhc","B",0.167701608365069,15282.9791308059,1.00416030768147e-05,92994234.6407616,3,7657
2018,"RaDFHEwt_fhc","C",0,0,0,0,0,14602
2018,"RaDFHEwt_fhc","D",0.0775366771924563,7066.07068922525,2.43168602690818e-06,42649424.0661084,1,7657
2018,"RaDFHEwt_fhc","E",0.0536115015705051,10077.0875587523,3.90630460010759e-07,59798094.2360255,2,14602
2018,"RaDFHEwt_fwm","A",0.062256022329572,17312.3107544504,3.56187171186204e-07,87996932.2035522,4,23819
2018,"RaDFHEwt_fwm","B",0.277303167324285,80688.6058547344,5.09435209598746e-06,448022513.21216,18,24153
2018,"RaDFHEwt_fwm","C",0.209874255362602,58362.3590495653,3.18140672493479e-06,332896470.152245,13,23819
2018,"RaDFHEwt_fwm","D",0.0568695676352074,15814.4319301344,2.79348483965756e-07,59158579.992912,6,23819
2018,"RaDFHEwt_fwm","E",0.285511179399966,86670.3123660891,5.0936025074185e-06,421595489.190139,25,24489
2018,"RaDFHEwt_fwn","A",0.158293987630788,44018.7888959236,1.89661381028476e-06,270562971.519524,7,23819
2018,"RaDFHEwt_fwn","B",0.228233033260609,63467.6140297132,3.71730977852902e-06,388163513.548177,11,23819
2018,"RaDFHEwt_fwn","C",0.1638236219196,47618.3257474441,1.94299745106616e-06,298883491.650175,8,24155
2018,"RaDFHEwt_fwn","D",0.0249736271255723,7259.04053167823,7.96087236701259e-08,36195483.7640276,2,24155
2018,"RaDFHEwt_fwn","E",0.243519928498822,70783.5118365421,3.9850410266229e-06,439531118.945086,11,24155
2018,"RaDFHEwt_fww","A",0,0,0,0,0,13521
2018,"RaDFHEwt_fww","B",0.0130711508133624,3634.85838528632,4.78789832721911e-08,28843449.192448,1,23819
2018,"RaDFHEwt_fww","C",0.0280011766297476,5263.24203538618,1.42534766549187e-07,29155965.5229506,1,14602
2018,"RaDFHEwt_fww","D",0,0,0,0,0,20466
2018,"RaDFHEwt_fww","E",0.00664301951166382,1847.30751870045,7.47464367360499e-09,3613781.75861404,1,23819
2018,"RaDFWV_fwx","A",0,0,0,0,0,7657
2018,"RaDFWV_fwx","B",0,0,0,0,0,14602
2018,"RaDFWV_fwx","C",0,0,0,0,0,7657
2018,"RaDFWV_fwx","D",0,0,0,0,0,14602
2018,"RaDFWV_fwx","E",0.073740421282055,13860.620577868,6.25103196869951e-07,71511024.1137376,4,14602
2018,"RaMCONdy_fdd","A",3.96272174534989,1202931.29050557,0.000899323614986793,5608309102.97371,365,24489
2018,"RaMCONdy_fdd","B",4.73129078706461,1375236.0206936,0.00133782819336776,5715300943.94509,422,24155
2018,"RaMCONdy_fdd","C",7.60214505331003,2209702.21074405,0.00344460891923232,9387991361.72261,652,24155
2018,"RaMCONdy_fdd","D",0.585718952483234,170249.903823311,2.12348521341021e-05,774548972.360151,54,24155
2018,"RaMCONdy_fdd","E",1.26848924639608,385064.989221177,9.35853453407537e-05,1659138887.97916,128,24489
2018,"RaMCONdy_fdg","A",0.821073694178287,164666.966363835,5.10808051433143e-05,482995660.622347,78,14938
2018,"RaMCONdy_fdg","B",1.27786654316679,256277.126612492,0.000123309181714199,542665475.118765,130,14938
2018,"RaMCONdy_fdg","C",1.93760788000928,388588.763549535,0.000281576660599245,1187735451.40099,171,14938
2018,"RaMCONdy_fdg","D",0.484069013735999,46873.8809421899,4.51995558533945e-06,88926265.232589,25,6945
2018,"RaMCONdy_fdg","E",1.2067196911839,132037.819004793,4.17036891500229e-05,263937861.46731,69,7281
2018,"RaMCONdy_fdx","E",0.0183030013413207,1772.33551707093,4.0985282701575e-08,3451439.21755792,1,6945
2018,"RaMCONdy_fmd","A",2.09650853940062,610033.96693611,0.000266670724623606,2855355523.47672,179,24153
2018,"RaMCONdy_fmd","B",2.23458109351365,621397.912191251,0.000314486898309402,3060641514.84984,165,23819
2018,"RaMCONdy_fmd","C",3.09045122774311,899247.575982538,0.000576027275487652,4185097927.08506,254,24153
2018,"RaMCONdy_fmd","D",0.48774744158959,135634.031255417,1.56751446453414e-05,628061799.847982,40,23819
2018,"RaMCONdy_fmd","E",1.00152344199665,278506.149395875,6.3927710052375e-05,1250593142.50104,81,23819
2018,"RaMCONdy_fmx","A",0.401948086055764,80611.000493435,1.25859923273648e-05,255582549.842237,35,14938
2018,"RaMCONdy_fmx","B",0.562417191523384,105714.764882592,2.58518862889979e-05,218646664.502063,52,14602
2018,"RaMCONdy_fmx","C",1.60203903127361,301127.316298944,0.000205877901314472,1032218734.95034,114,14602
2018,"RaMCONdy_fmx","D",0.23213057922228,22477.9129106597,1.28757574976607e-06,43333845.9226122,12,6945
2018,"RaMCONdy_fmx","E",0.580014941828206,56164.6181773041,6.26757219013286e-06,103439163.300552,30,6945
2018,"RaMCONms_fcm","A",1.7868780102211,542428.060545418,0.000186309445974576,1956292368.23753,209,24489
2018,"RaMCONms_fcm","B",1.19252893115645,283012.520421448,7.89520827573763e-05,884180839.961451,112,18291
2018,"RaMCONms_fcm","C",3.33235521146656,1011576.03600515,0.000644997516788875,3585640241.66077,386,24489
2018,"RaMCONms_fcm","D",0.936200602028841,234251.376447319,4.73111702311843e-05,809521612.390184,98,18625
2018,"RaMCONms_fcm","E",0.784065557500081,196184.91557397,3.34209970020101e-05,606162134.166664,88,18625
2018,"RaMCONms_fmm","A",1.37352174883799,399662.059738719,0.000115711659228891,1668113290.25042,141,24153
2018,"RaMCONms_fmm","B",1.08177890697238,328386.846271261,6.86257644649427e-05,1052101365.55074,139,24489
2018,"RaMCONms_fmm","C",2.17001845443062,631423.598426811,0.000287457022437572,2425405918.6171,231,24153
2018,"RaMCONms_fmm","D",0.503861574111585,146456.562774815,1.58073850366764e-05,486428629.588486,63,24155
2018,"RaMCONms_fmm","E",0.995745142670681,302270.274437787,5.78591703589939e-05,1314031325.15567,104,24489
2018,"RaMCONsw_fdm","B",0.320446089246288,60232.6591234881,8.84434828597074e-06,350823375.322908,13,14602
2018,"RaMCONsw_fdm","C",0.0763593461415266,14352.8868704654,6.69809925592527e-07,75375075.507524,4,14602
2018,"RaMCONsw_fdm","D",0.0188522544266434,1825.5213707364,4.42310478906943e-08,3661951.56105483,1,6945
2018,"RaMCONsw_fdm","E",0.41800539371357,78570.3968194725,1.46628602353126e-05,377846171.300451,21,14602
2018,"RaMCONsw_fiw","A",0.520755671976134,104437.954021762,2.11111888974187e-05,515252031.09617,28,14938
2018,"RaMCONsw_fiw","B",1.4769638885766,277617.563215016,0.000172987189243894,1310597982.38569,79,14602
2018,"RaMCONsw_fiw","C",0.665980204254737,133562.846636738,3.39390650402598e-05,692133962.477879,34,14938
2018,"RaMCONsw_fiw","D",0.476802178854475,89622.1363656748,1.88883490938324e-05,416848238.350799,29,14602
2018,"RaMCONsw_fiw","E",2.45564843327832,492482.198408175,0.000447901195250859,1632906276.10759,190,14938
2018,"RaMCONsw_fvw","A",0.0515401580027802,9687.74740067497,3.37574587551238e-07,45591443.7036611,3,14602
2018,"RaMCONsw_fvw","B",0.200359741488234,37660.6250352946,3.7369322221732e-06,227407194.986517,6,14602
2018,"RaMCONsw_fvw","C",0.199636881970346,18193.3037532362,1.38833873403763e-05,107457387.726031,3,7657
2018,"RaMCONsw_fvw","D",0.0196559159885555,1903.34237415106,4.38714396658154e-08,3571587.42906922,1,6945
2018,"RaMCONsw_fvw","E",0.199211362784241,37444.7699965111,3.48576102621088e-06,137376586.80889,14,14602
2018,"RaMEVG_ftd","A",0.2800149746833,52633.0234182028,6.64984324034113e-06,155547346.147285,24,14602
2018,"RaMEVG_ftd","B",0.459211464218968,92095.2154095109,1.64481732638029e-05,382859494.586319,30,14938
2018,"RaMEVG_ftd","C",0.237938971036198,47718.8452365098,4.72909191087241e-06,219106698.984958,16,14938
2018,"RaMEVG_ftd","D",0.262471299764846,28719.2943195472,2.44612228811545e-06,76431248.1722572,14,7281
2018,"RaMEVG_ftd","E",0.688622595010197,138103.795668917,3.62858995157433e-05,522778794.250725,52,14938
2018,"RaMEVG_fuc","A",0.297025124830971,28761.8499492703,1.82787375086914e-06,51914670.9968581,16,6945
2018,"RaMEVG_fuc","B",0.0199170557071957,1928.62933062519,4.62106890015216e-08,3764484.41210721,1,6945
2018,"RaMEVG_fuc","C",0.234834670942717,22739.7583702199,1.27017317314146e-06,42720147.1327158,12,6945
2018,"RaMEVG_fuc","D",0.130443836407137,14273.0078804951,9.91903042528722e-07,71809300.4693372,5,7281
2018,"RaMEVG_fuc","E",0.0956356714167387,9260.69413370763,3.31249083403186e-07,18043561.8517793,5,6945
2018,"RaOAPI_fop","A",0.0560067903859389,13515.1094322136,3.85431548430976e-07,76780559.6407941,4,20466
2018,"RaOAPI_fop","B",0.0667952591846699,12555.1729684024,5.55902391097858e-07,75665095.5629128,3,14602
2018,"RaOAPI_fop","D",0.0558228656793128,5087.24811596037,1.38963668621742e-06,32967332.8734139,1,7657
2018,"RaOAPI_fop","E",0.102445911105582,19256.2488646105,9.69479508224527e-07,48469357.6108405,6,14602
2018,"RaPICOpu_fld","A",0.614043956344608,115418.791336588,3.09145186689559e-05,475456504.617916,35,14602
2018,"RaPICOpu_fld","B",0.228906587451502,43026.4338239133,4.63752415134947e-06,182688676.388705,15,14602
2018,"RaPICOpu_fld","C",0.73276739421199,137734.646024827,4.38561103396489e-05,586467459.048622,46,14602
2018,"RaPICOpu_fld","D",0.0558414987022787,10496.2490389264,3.79882803515639e-07,49352583.991722,3,14602
2018,"RaPICOpu_fld","E",0.0572805166208568,5546.64735854689,1.6233543467969e-07,10465800.5940831,3,6945
2018,"RaPICOpu_flp","A",0.056752731369425,5495.54030079964,1.61771589444842e-07,10652228.8185657,3,6945
2018,"RaPICOpu_flp","B",0.101942245641933,19161.5773700836,1.01453291121771e-06,66498565.5531436,8,14602
2018,"RaPICOpu_flp","C",0.0353473390452541,3422.79079018696,8.78788158561229e-08,6472992.88650228,2,6945
2018,"RaPICOpu_flp","E",0.0567741393121387,5497.61329727226,1.64897791433013e-07,10952403.9926159,3,6945
2018,"RaPICOpu_flw","A",0.10720899245398,20151.5415982815,1.13813858957516e-06,84200423.1554326,7,14602
2018,"RaPICOpu_flw","B",0.0378704018080469,3667.10666291771,9.49126067772955e-08,6813950.22098199,2,6945
2018,"RaPICOpu_flw","C",0.057513419308413,10810.5116476157,3.97777812925882e-07,49445185.7580142,3,14602
2018,"RaPICOpu_flw","D",0.0242420472074454,2209.22569062594,2.45226865578218e-07,4827253.91817926,1,7657
2018,"RaPICOpu_flw","E",0.0767722961253488,14430.5070270075,6.48475746642767e-07,70021784.3838096,4,14602
2018,"RaPIJEsp_fjp","A",0.139670112196223,28010.9493582857,1.73089092838993e-06,125348794.213306,10,14938
2018,"RaPIJEsp_fjp","B",0.0418939820937944,4056.72222996231,1.11839293404405e-07,8005528.11913911,2,6945
2018,"RaPIJEsp_fjp","C",0.0423936585069007,4105.10742305037,1.14090205510314e-07,8169609.13299547,2,6945
2018,"RaPIJEsp_fjp","D",0.0102484625514119,992.389927559719,1.32720129131264e-08,1082189.82870473,1,6945
2018,"RaPIJEsp_fjp","E",0.0539726980326342,10144.979862981,3.32143768562762e-07,36610532.2746258,4,14602
2018,"RaPIPOm_fdp","A",0.681531841522062,128104.153771248,3.75673871547579e-05,464513659.268879,54,14602
2018,"RaPIPOm_fdp","B",1.31461575423625,247101.791098538,0.000139120800487186,685371252.425861,110,14602
2018,"RaPIPOm_fdp","C",0.906363221579383,170364.591110671,6.65114067758329e-05,395681621.47819,88,14602
2018,"RaPIPOm_fdp","D",0.746292026446778,167718.355578378,3.26065258524557e-05,401776921.700444,88,17955
2018,"RaPIPOm_fdp","E",1.25727238823126,236323.243525385,0.000127019912156189,548597014.457962,113,14602
2018,"RaPIPOm_fpd","A",1.67679960156783,89452.1412250838,0.00201005738215189,500364292.995071,19,5864
2018,"RaPIPOm_fpd","B",0.819903678718743,148607.09314601,9.89093528103921e-05,883778170.033718,26,16874
2018,"RaPIPOm_fpd","C",0.425530898741376,77127.2425616931,2.71412732938728e-05,405242502.080431,17,16874
2018,"RaPIPOm_fpd","D",0.846692670217455,153462.583197181,0.000104625562978559,890779175.642916,30,16874
2018,"RaPIPOm_fpd","E",0.556650224832048,80424.2261571059,7.11032176624659e-05,504296091.420827,13,13521
2018,"RaPIPOm_fpl","A",1.33502167537361,250937.390699263,0.000143440572371489,881860290.942702,95,14602
2018,"RaPIPOm_fpl","B",1.67758050025409,315326.470863417,0.000225491615967355,757203937.980969,148,14602
2018,"RaPIPOm_fpl","C",1.02171331567265,192046.375131577,8.39510640538507e-05,648709781.585738,76,14602
2018,"RaPIPOm_fpl","D",0.637329304731732,119795.622569798,3.30515646711619e-05,241541566.13047,64,14602
2018,"RaPIPOm_fpl","E",1.59468222295572,154417.949793042,4.187790526455e-05,281249340.241605,80,6945
2018,"RaPIPOxe_fpd","A",0.506562346011698,95216.007110221,2.10319820863765e-05,384719607.439907,34,14602
2018,"RaPIPOxe_fpd","B",1.6033165131963,301367.438228242,0.00020621681276301,1058914674.91463,110,14602
2018,"RaPIPOxe_fpd","C",1.11001571140605,208644.137689727,9.88549876028639e-05,844302713.37884,70,14602
2018,"RaPIPOxe_fpd","D",0.133752930023514,12951.7046943445,5.32387192158315e-07,24714282.2821697,7,6945
2018,"RaPIPOxe_fpd","E",0.32642397479009,61356.2925655,8.85704558130438e-06,156522847.600061,29,14602
2018,"RaPIPOxe_fxp","A",3.71796595478555,698847.58623225,0.00106109098777609,3381042049.03954,190,14602
2018,"RaPIPOxe_fxp","B",3.77679967932712,709906.269094045,0.00111288848982432,3511415051.61422,170,14602
2018,"RaPIPOxe_fxp","C",4.43209591949245,833079.047240967,0.00150750219919318,4094813780.99653,201,14602
2018,"RaPIPOxe_fxp","D",0.312534775453925,58745.6087806515,8.43249276631364e-06,298581881.463907,16,14602
2018,"RaPIPOxe_fxp","E",0.75795520465786,142469.073598031,4.67136530727833e-05,575362648.849756,50,14602
2018,"RaREFI_fcw","A",0.15171193775193,30425.9468156395,1.95012070079082e-06,99409966.3702202,14,14938
2018,"RaREFI_fcw","B",0.183828937553667,34553.4119600159,2.99467736555745e-06,119249379.470581,14,14602
2018,"RaREFI_fcw","C",0.16730443639772,31447.3835867164,2.5166248639871e-06,107763427.176419,14,14602
2018,"RaREFI_fcw","D",0.276815375853007,30288.8058939058,2.96732621414386e-06,107981249.064674,13,7281
2018,"RaREFI_fcw","E",0.553305944394166,110965.936407993,2.35483588958171e-05,360522040.013879,47,14938
2018,"RaREFI_frf","A",0.0997441040814123,9658.52621574201,3.49921723016724e-07,18703132.6265619,5,6945
2018,"RaREFI_frf","B",0.176194374277218,17061.4393571951,8.26324884669437e-07,32935379.1090134,9,6945
2018,"RaREFI_frf","C",0.139923138041513,28061.6938878582,1.79302358552264e-06,134729969.599258,8,14938
2018,"RaREFI_frf","D",0.0207126250174098,2005.66673659428,4.7952172963756e-08,3882800.22597799,1,6945
2018,"RaREFI_frf","E",0.116308945967156,21862.0146431793,1.4037708428094e-06,114039937.073592,4,14602
2018,"RaREFI_frm","A",0.0387914228386073,3756.29194209628,9.9366086350933e-08,7144372.88932934,2,6945
2018,"RaREFI_frm","B",0.0669870717262975,12591.2270187503,5.01456834159836e-07,52769638.6580136,4,14602
2018,"RaREFI_frm","C",0.0245732582752832,2379.50364529117,5.27510591238988e-08,4058603.30027353,2,6945
2018,"RaREFI_frm","D",0.0409610386254567,3966.38246472275,1.07376468010767e-07,7739172.66436696,2,6945
2018,"RaREFI_frm","E",0.209042842534537,41923.7042476246,3.62174846248443e-06,149782037.26616,17,14938
2018,"RaSAWD_fal","A",0.881222528270241,267505.573511094,4.62165246110601e-05,1438823359.06581,70,24489
2018,"RaSAWD_fal","B",0.491360040039138,149158.180929749,1.49726146323453e-05,980091198.645392,30,24489
2018,"RaSAWD_fal","C",0.346708876777205,105247.600859373,7.61738650288045e-06,651840096.650556,23,24489
2018,"RaSAWD_fsw","A",0.170549152428983,18661.2833820138,1.12771495057534e-06,41069521.1109332,11,7281
2018,"RaSAWD_fsw","B",0.111741524491623,10820.2730740697,4.08778712122495e-07,20901335.6110823,6,6945
2018,"RaSAWD_fsw","C",0.0611223955777093,5918.66823100046,1.59955742950193e-07,9964770.73456173,4,6945
2018,"RaSPFI_fcd","A",1.41393481202348,300362.044682238,0.000119660274949654,1359206368.87342,90,16832
2018,"RaSPFI_fcd","B",1.19296227737334,253420.869062444,8.66664237578285e-05,1106141009.49654,91,16832
2018,"RaSPFI_fcd","C",1.54839340281757,328925.071006068,0.000145076299432108,1514698416.15683,110,16832
2018,"RaSPFI_fcd","D",1.06343437364223,225905.268147009,6.88301602715513e-05,982128982.086758,81,16832
2018,"RaSPFI_fcd","E",1.60185601667639,340282.129249587,0.000155103783372583,1296021379.93228,132,16832
2018,"RaSPFI_fmz","A",0.0393426528682292,3809.6692293158,9.91812997173135e-08,7138854.63099052,2,6945
2018,"RaSPFI_fmz","B",0.272481530978264,54646.3824313208,5.93299365265085e-06,164495869.143603,24,14938
2018,"RaSPFI_fmz","C",0.284385100682895,53454.4542875245,6.98658988880596e-06,231604988.158514,18,14602
2018,"RaSPFI_fmz","D",0.38724207987577,72787.9695779375,1.24584309682681e-05,209578927.284182,32,14602
2018,"RaSPFI_fmz","E",0.204838304375513,22413.1611972353,1.70223010075311e-06,68777704.6652244,10,7281
2018,"RaSSHE_fss","A",0,0,0,0,0,20466
2018,"RaSSHE_fss","B",0.0799240983241584,22225.4936178251,5.59808505388781e-07,128995882.106584,4,23819
2018,"RaSSHE_fss","D",0.0295096237493402,8206.11014772165,9.36800186231901e-08,29686184.9169731,3,23819
2018,"RaSSHE_fss","E",0.0456310223682545,13263.4894886333,2.22000181897427e-07,84536982.7656803,2,24155
2018,"RaTAOAco_ftm","A",0.370750234353643,74354.2471309997,1.10255029630018e-05,378543712.278758,18,14938
2018,"RaTAOAco_ftm","B",0.525755676177042,98823.6820112094,2.26208731952543e-05,472015945.486062,27,14602
2018,"RaTAOAco_ftm","C",0.279101913938786,55974.1053702065,6.46564276917605e-06,311183144.929955,11,14938
2018,"RaTAOAco_ftm","D",0.896854890300656,179864.944037912,6.11196763929441e-05,706537458.918908,63,14938
2018,"RaTAOAco_ftm","E",1.25409049962863,251508.822635246,0.000117662638177402,982784965.417295,82,14938
2019,"Na0210290_fdw","B",0,0,0,0,0,7772
2019,"Na0210290_fdw","E",0,0,0,0,0,7772
2019,"Na0210290_fwo","A",0.0924427854263327,8445.58798405898,3.30104329774151e-06,47848358.1373324,2,7772
2019,"Na0210290_fwo","B",0.597533512538845,54590.7593577671,0.000116298167642275,323477283.651895,11,7772
2019,"Na0210290_fwo","C",0.410887361058673,37538.7364557963,5.53086559979172e-05,175411467.343345,10,7772
2019,"Na0210290_fwo","E",0.336337250166699,30727.8261413158,3.73349171957359e-05,197732457.990345,5,7772
2019,"Na0210350_fvg","B",0,0,0,0,0,7772
2019,"Na0210350_fvg","D",0,0,0,0,0,7772
2019,"Na0210350_fvg","E",0,0,0,0,0,7772
2019,"Na0710270_fdd","A",0.886512835336125,166805.334145822,6.33312059072405e-05,864515391.205454,43,14725
2019,"Na0710270_fdd","B",4.51396105322244,905668.227211074,0.0014739630778267,4748910987.38288,189,15061
2019,"Na0710270_fdd","C",1.33399898902196,251003.86395379,0.000141677550787269,1265499811.56866,62,14725
2019,"Na0710270_fdd","D",0.0587344745317938,5685.4265198453,1.72810750293148e-07,11440978.1538298,3,6953
2019,"Na0710270_fdd","E",1.3079785025693,246107.876254157,0.000134732112747553,1235581918.31525,71,14725
2019,"Na0710411_fmt","A",0,0,0,0,0,9556
2019,"Na0710411_fmt","B",0,0,0,0,0,3698
2019,"Na0710411_fmt","C",0,0,0,0,0,9556
2019,"Na0710411_fmt","D",0,0,0,0,0,9556
2019,"Na0710411_fmt","E",0,0,0,0,0,9556
2019,"Na0710412_fmc","A",0.00836132232210595,1772.50582689396,1.18022760249612e-08,3448111.13390301,1,16845
2019,"Na0710412_fmc","B",0.0183005480061122,3879.50933196611,3.70752183435672e-08,7745377.11253957,2,16845
2019,"Na0710412_fmc","C",0,0,0,0,0,10312
2019,"Na0710412_fmc","D",0.0185902089849905,3940.91418554151,3.77966605327256e-08,7646841.17705768,2,16845
2019,"Na0710412_fmc","E",0.023901167374577,7250.39189344585,4.79756018351662e-08,13602804.6489913,4,24617
2019,"Na0710412_fmh","A",0.608117513642498,184471.754959795,2.21024635023073e-05,710651680.277585,70,24617
2019,"Na0710412_fmh","B",1.15237683659002,349572.200523319,7.82408814152481e-05,1572483109.63426,106,24617
2019,"Na0710412_fmh","C",0.660084670750508,200235.932864432,2.6116648917256e-05,963215159.991109,61,24617
2019,"Na0710412_fmh","D",0.992561598811701,301092.430214295,5.85086155523647e-05,1377110777.8732,95,24617
2019,"Na0710412_fmh","E",1.34888707157297,409183.356429243,0.000106479576382072,2097845834.08722,109,24617
2019,"Na0710412_fmi","A",0.0755501789868379,7865.44583741605,1.97171324551009e-06,49143853.9364243,1,8111
2019,"Na0710412_fmi","B",0.0668412298764562,6106.62568507503,1.836263979129e-06,37996414.4851788,1,7772
2019,"Na0710412_fmi","C",0.0055743260554695,539.588060311587,3.03498137632477e-09,237921.302719439,1,6953
2019,"Na0710412_fmi","D",0.0974730354445035,9435.2726418965,3.39160911339005e-07,18650641.1516939,5,6953
2019,"Na0710412_fmi","E",0.121661569401541,13294.8082382881,1.10960677938201e-06,86409628.9450911,2,7289
2019,"Na1010471_frn","A",1.23848570463881,127207.000189722,0.000346820075580402,491658092.511816,42,9556
2019,"Na1010471_frn","B",2.87523865545026,258665.062394047,0.00218105664720196,733375646.691226,94,9217
2019,"Na1010471_frn","C",1.87905819082421,193001.303722261,0.000796732851027251,669527257.610552,72,9556
2019,"Na1010471_frn","D",0.413118002929233,20432.484433158,2.64387584508651e-05,105275123.352822,7,3698
2019,"Na1010471_frn","E",0.631780671034701,56836.8773085212,0.000106871283502782,176366057.278999,23,9217
2019,"R1RFWF_fcw","A",0.106388103336649,21345.4045812973,1.07868356327291e-06,101282859.919722,7,15061
2019,"R1RFWF_fcw","B",0.196981829206152,37063.8963494865,3.34055665205457e-06,106588074.738907,17,14725
2019,"R1RFWF_fcw","C",0.11565792329403,11195.5479225436,4.29607921245834e-07,21659418.7896862,6,6953
2019,"R1RFWF_fcw","D",0.0595713551370727,5766.43555627791,1.73177857364576e-07,11304531.8667713,3,6953
2019,"R1RFWF_fcw","E",0.62027458846777,116710.222195824,3.10922763367558e-05,287832397.613295,56,14725
2019,"RaABAMlw_fsi","A",0.163902543537037,49719.6498544297,1.7316725736528e-06,149436917.693355,15,24617
2019,"RaABAMlw_fsi","B",0.364805733251249,110663.403573368,8.12134303721684e-06,438433239.853328,40,24617
2019,"RaABAMlw_fsi","C",0.455802908444978,138267.292998989,1.26954226427941e-05,715858129.985238,38,24617
2019,"RaABAMlw_fsi","D",0.132631632926911,40233.65474653,1.15247347611709e-06,116546533.280612,20,24617
2019,"RaABAMlw_fsi","E",0.263708579295985,79995.6970969319,4.28007885171415e-06,248738724.242138,34,24617
2019,"RaABAMlw_fsw","A",0,0,0,0,0,6953
2019,"RaABAMlw_fsw","B",0.0314341086571219,3435.02429562324,7.86442023298892e-08,6376200.74443878,2,7289
2019,"RaABAMlw_fsw","C",0,0,0,0,0,6953
2019,"RaABAMlw_fsw","D",0,0,0,0,0,6953
2019,"RaABAMlw_fsw","E",0.00883438551647951,1772.50582689396,1.42714726258575e-08,3448111.13390301,1,15061
2019,"RaABAMlw_fwc","A",0.0098912499981106,1847.30751870045,1.66746473500518e-08,3609565.0264866,1,16170
2019,"RaABAMlw_fwc","B",0,0,0,0,0,16170
2019,"RaABAMlw_fwc","C",0,0,0,0,0,16170
2019,"RaABAMlw_fwc","D",0,0,0,0,0,12811
2019,"RaABAMlw_fwc","E",0,0,0,0,0,16506
2019,"RaABAMup_fsi","C",0,0,0,0,0,7772
2019,"RaABAMup_fsi","E",0,0,0,0,0,7772
2019,"RaABAMup_fst","A",0,0,0,0,0,9556
2019,"RaABAMup_fst","B",0,0,0,0,0,9556
2019,"RaABAMup_fst","C",0,0,0,0,0,9556
2019,"RaABAMup_fst","D",0,0,0,0,0,9556
2019,"RaABAMup_fst","E",0,0,0,0,0,9556
2019,"RaABLA_faf","A",0,0,0,0,0,9556
2019,"RaABLA_faf","B",0.0184159010750083,1891.5289234006,1.12084665700698e-07,3747976.06360396,1,9556
2019,"RaABLA_faf","C",0,0,0,0,0,9217
2019,"RaABLA_faf","E",0.0184159010750083,1891.5289234006,1.12084665700698e-07,3747976.06360396,1,9556
2019,"RaDFHEdy_fdg","A",0,0,0,0,0,9217
2019,"RaDFHEdy_fdg","B",0,0,0,0,0,9217
2019,"RaDFHEdy_fdg","C",0,0,0,0,0,9217
2019,"RaDFHEdy_fdg","D",0,0,0,0,0,9556
2019,"RaDFHEdy_fdg","E",0,0,0,0,0,9556
2019,"RaDFHEdy_fwi","A",0.220189112498948,61239.4252835143,3.42836268340939e-06,314081361.732918,15,23942
2019,"RaDFHEdy_fwi","B",0.291093396148813,84591.7778033914,5.48384151313115e-06,396037420.855728,22,24278
2019,"RaDFHEdy_fwi","C",0.14262078285477,41445.6175681458,1.42340054311159e-06,177814515.45114,14,24278
2019,"RaDFHEdy_fwi","D",0.398606389727886,115835.067359741,1.00592460455526e-05,445501692.662777,46,24278
2019,"RaDFHEdy_fwi","E",0.526593754565895,159741.615520625,1.6561068909684e-05,607024020.861092,61,24617
2019,"RaDFHEdy_fwx","B",0.0585590979209062,5668.45027476182,1.69927329753449e-07,11008190.2601721,3,6953
2019,"RaDFHEdy_fwx","C",0.0435459330175511,4215.19396202948,1.11066541143562e-07,7651005.48324779,3,6953
2019,"RaDFHEdy_fwx","D",0.238611658272368,26074.7601379444,2.39983490286906e-06,101156781.515044,10,7289
2019,"RaDFHEdy_fwx","E",0.353402059027027,34208.8944283065,2.5987607045625e-06,64538147.4213266,18,6953
2019,"RaDFHEwt_fdm","A",0,0,0,0,0,6953
2019,"RaDFHEwt_fdm","B",0,0,0,0,0,6953
2019,"RaDFHEwt_fdm","C",0.0124036665525736,1200.66000970429,1.93647899062057e-08,1582243.15553379,1,6953
2019,"RaDFHEwt_fdm","D",0,0,0,0,0,6953
2019,"RaDFHEwt_fdm","E",0,0,0,0,0,6953
2019,"RaDFHEwt_fhc","A",0.0662267184243289,6050.48381838182,1.82271602429972e-06,38397507.3904935,1,7772
2019,"RaDFHEwt_fhc","B",0.0855854827679755,7819.10369253329,2.86615325876122e-06,46450037.2907756,2,7772
2019,"RaDFHEwt_fhc","C",0,0,0,0,0,14725
2019,"RaDFHEwt_fhc","D",0.0808107955610236,7382.88748900048,2.60201423221912e-06,44765689.3020141,1,7772
2019,"RaDFHEwt_fhc","E",0.0695146470642698,13079.8037765443,5.8870023775198e-07,77602367.7977549,3,14725
2019,"RaDFHEwt_fwm","A",0.103538289586743,28796.2709743904,8.71729663988893e-07,158765839.883008,6,23942
2019,"RaDFHEwt_fwm","B",0.2459117995817,68393.4691679635,4.24404105652868e-06,383305088.458476,15,23942
2019,"RaDFHEwt_fwm","C",0.186569705297948,54267.657755299,2.42474472482988e-06,284158802.272744,15,24281
2019,"RaDFHEwt_fwm","D",0.0715584875336018,19901.9860745214,4.29340582813461e-07,83886150.5506265,7,23942
2019,"RaDFHEwt_fwm","E",0.337525597560037,102388.005490592,7.01952358435451e-06,505573680.910956,30,24617
2019,"RaDFHEwt_fwn","A",0.15667971039071,43576.0665412572,1.85631693765263e-06,263729033.119339,7,23942
2019,"RaDFHEwt_fwn","B",0.236037720888242,65647.2711496829,3.94976940820002e-06,396464825.123374,12,23942
2019,"RaDFHEwt_fwn","C",0.147533158578819,42873.1545759696,1.59867245162775e-06,259468246.154846,8,24278
2019,"RaDFHEwt_fwn","D",0.0570948272015586,16591.7640188862,3.09928939614359e-07,100089917.98786,4,24278
2019,"RaDFHEwt_fwn","E",0.205451164885381,59704.1345470693,2.90701154070454e-06,369478960.760604,10,24278
2019,"RaDFHEwt_fww","A",0,0,0,0,0,13630
2019,"RaDFHEwt_fww","B",0.00804446116629967,2237.34122431732,2.70984697522074e-08,17885043.6412468,1,23942
2019,"RaDFHEwt_fww","C",0.0280875072869738,5284.91619249991,1.4181488754002e-07,28958066.2676669,1,14725
2019,"RaDFHEwt_fww","D",0,0,0,0,0,20583
2019,"RaDFHEwt_fww","E",0.00664207740637933,1847.30751870045,7.4654200661697e-09,3609565.0264866,1,23942
2019,"RaDFWV_fwx","A",0,0,0,0,0,7772
2019,"RaDFWV_fwx","B",0,0,0,0,0,14725
2019,"RaDFWV_fwx","C",0,0,0,0,0,7772
2019,"RaDFWV_fwx","D",0,0,0,0,0,14725
2019,"RaDFWV_fwx","E",0.0667077557881653,12551.6620299625,5.20383025973903e-07,62400441.4104098,4,14725
2019,"RaMCONdy_fdd","A",4.16976728103698,1264894.15425556,0.000995533756771447,5921929552.9543,378,24617
2019,"RaMCONdy_fdd","B",4.57695623602039,1330064.06210381,0.00125301852393789,5545201421.87901,408,24278
2019,"RaMCONdy_fdd","C",7.47910248361653,2173428.12936728,0.00333697735648759,9194807270.14835,643,24278
2019,"RaMCONdy_fdd","D",0.601989956397021,174938.357603197,2.24082035174555e-05,787665470.970248,57,24278
2019,"RaMCONdy_fdd","E",1.33523916838971,405043.280547107,0.000103742709837478,1721956426.81182,136,24617
2019,"RaMCONdy_fdg","A",0.831656191238149,166861.118092738,5.22789125632119e-05,491448442.24421,79,15061
2019,"RaMCONdy_fdg","B",1.25031271697449,250859.165263149,0.000117802480073606,531223862.291678,127,15061
2019,"RaMCONdy_fdg","C",1.92488722939713,386203.864870481,0.000277185453554337,1129005022.50659,172,15061
2019,"RaMCONdy_fdg","D",0.48424032160041,46873.8809421899,4.53638226287344e-06,88822618.4419836,25,6953
2019,"RaMCONdy_fdg","E",1.212494905974,132497.775132443,4.27335413763089e-05,265745563.704818,69,7289
2019,"RaMCONdy_fdx","E",0.0183112380370704,1772.50582689396,4.10014016358597e-08,3448111.13390301,1,6953
2019,"RaMCONdy_fmd","A",2.08622333526854,606821.208077005,0.000263794652804666,2805531381.82906,180,24281
2019,"RaMCONdy_fmd","B",2.19931548206889,611677.910004189,0.000304506684979686,3032075833.02575,161,23942
2019,"RaMCONdy_fmd","C",3.03521957441508,882856.393075694,0.000555269239150153,4076228637.93054,252,24281
2019,"RaMCONdy_fmd","D",0.506918284854283,140985.101751247,1.68747995633169e-05,654687492.335263,41,23942
2019,"RaMCONdy_fmd","E",1.05502079339409,293424.44009315,7.07972437305662e-05,1328689972.53387,85,23942
2019,"RaMCONdy_fmx","A",0.391648106771062,78579.1552846263,1.19369671959423e-05,250865807.338045,34,15061
2019,"RaMCONdy_fmx","B",0.561691463912118,105687.282338324,2.56633367295217e-05,217590551.990007,52,14725
2019,"RaMCONdy_fmx","C",1.54119899820592,289990.402432777,0.000189740764982352,961250565.10745,112,14725
2019,"RaMCONdy_fmx","D",0.27301164633429,26427.1991308167,1.68424071581706e-06,50918505.1443906,14,6953
2019,"RaMCONdy_fmx","E",0.57991178918804,56134.7639815162,6.28703778442266e-06,103283683.038427,30,6953
2019,"RaMCONms_fcm","A",1.78808012500243,542412.06883221,0.000186671998322651,1961144599.89114,206,24617
2019,"RaMCONms_fcm","B",1.21966773248154,289485.209636187,8.24026621266587e-05,893125405.904026,115,18420
2019,"RaMCONms_fcm","C",3.31826788366139,1006592.78214046,0.000639760564505648,3579309140.13074,382,24617
2019,"RaMCONms_fcm","D",0.968045860874923,242104.721408559,5.04616240173522e-05,842077890.235202,101,18759
2019,"RaMCONms_fcm","E",0.780593668205431,195223.615132609,3.30176744338472e-05,575026821.230802,90,18759
2019,"RaMCONms_fmm","A",1.42272038506002,413827.651250374,0.000123981990400205,1707342775.35792,145,24281
2019,"RaMCONms_fmm","B",1.12956051592453,342650.895643153,7.48549970289354e-05,1116485018.72611,144,24617
2019,"RaMCONms_fmm","C",2.08753379288952,607202.381781301,0.000265757906688354,2313780663.71504,224,24281
2019,"RaMCONms_fmm","D",0.506032510330556,147053.11161814,1.59483958831824e-05,487447685.219631,63,24278
2019,"RaMCONms_fmm","E",0.979088604225832,297005.412655909,5.59783642651394e-05,1296650670.97797,102,24617
2019,"RaMCONsw_fdm","A",0.030059965493365,5656.05187953257,1.49824801732752e-07,28180088.3775825,2,14725
2019,"RaMCONsw_fdm","B",0.330179784617877,62126.2852674867,9.30191652467965e-06,357984408.861672,14,14725
2019,"RaMCONsw_fdm","C",0.056114280339244,10558.4046944915,4.08690882350878e-07,58097056.872867,3,14725
2019,"RaMCONsw_fdm","D",0.0188589260774897,1825.5213707364,4.42564235032885e-08,3657690.68971363,1,6953
2019,"RaMCONsw_fdm","E",0.416173976809701,78306.8631355089,1.44493401805154e-05,359886699.321511,23,14725
2019,"RaMCONsw_fiw","A",0.508283813859875,101980.609755135,2.00647317054061e-05,478411814.145306,29,15061
2019,"RaMCONsw_fiw","B",1.44709041029365,272283.028295609,0.000165170223021585,1290918019.67258,77,14725
2019,"RaMCONsw_fiw","C",0.65383880573369,131184.346760791,3.27358897809141e-05,679551448.883301,34,15061
2019,"RaMCONsw_fiw","D",0.491678426967781,92513.7020396967,1.99283283361263e-05,423098972.010357,31,14725
2019,"RaMCONsw_fiw","E",2.4647643061312,494523.256471919,0.000450401849332303,1625944680.83101,198,15061
2019,"RaMCONsw_fvw","A",0.0515354904442479,9696.8643445103,3.36143989549661e-07,45576436.9129724,3,14725
2019,"RaMCONsw_fvw","B",0.220368866159044,41464.376926994,4.42583561038955e-06,247519146.94034,7,14725
2019,"RaMCONsw_fvw","C",0.199513723133241,18227.6063510846,1.37440911495251e-05,106285970.899391,3,7772
2019,"RaMCONsw_fvw","D",0.0196008564772345,1897.33934142931,4.37568739243084e-08,3559643.10239417,1,6953
2019,"RaMCONsw_fvw","E",0.191084780396731,35954.313771636,3.19958519422497e-06,127035974.552686,14,14725
2019,"RaMEVG_ftd","A",0.264786889935447,49822.0261372402,5.92366123434893e-06,135846343.362222,24,14725
2019,"RaMEVG_ftd","B",0.424220341218678,85114.3551857014,1.40727600135715e-05,345846017.779652,29,15061
2019,"RaMEVG_ftd","C",0.247459554143466,49649.5767387188,5.06634996125961e-06,220973254.948047,17,15061
2019,"RaMEVG_ftd","D",0.26388027853525,28836.0385144576,2.49592657482302e-06,76226932.8207647,14,7289
2019,"RaMEVG_ftd","E",0.685368647050265,137510.403887279,3.58442208339622e-05,510158666.239633,54,15061
2019,"RaMEVG_fuc","A",0.280232229516454,27126.1429017429,1.66745753814597e-06,49101853.793315,15,6953
2019,"RaMEVG_fuc","B",0.0199241041820655,1928.62933062519,4.62235111295832e-08,3760128.51303903,1,6953
2019,"RaMEVG_fuc","C",0.237367179354049,22976.857581485,1.29575413168956e-06,42413807.9794453,12,6953
2019,"RaMEVG_fuc","D",0.130955146006054,14310.3821735301,1.00169407683796e-06,71835924.5407853,5,7289
2019,"RaMEVG_fuc","E",0.0953755164244755,9232.23532254683,3.29810758041241e-07,17912652.3236662,5,6953
2019,"RaOAPI_fop","A",0.0540189759392746,13040.8013303325,3.59638775095495e-07,72334171.792148,4,20583
2019,"RaOAPI_fop","B",0.0683281717533835,12856.557814614,5.76885111084961e-07,78709554.433502,3,14725
2019,"RaOAPI_fop","D",0.0556834393155208,5087.24811596037,1.36881590855641e-06,32469632.9088822,1,7772
2019,"RaOAPI_fop","E",0.103258901032523,19429.0875481006,9.79135924229621e-07,48827150.8836634,6,14725
2019,"RaPICOpu_fld","A",0.611658426252361,115089.014064245,3.05118608276027e-05,468048550.647745,36,14725
2019,"RaPICOpu_fld","B",0.22880264291688,43051.2676003465,4.60530627918779e-06,181069887.154197,15,14725
2019,"RaPICOpu_fld","C",0.732051902987869,137742.12557642,4.35430190391515e-05,581362375.687696,46,14725
2019,"RaPICOpu_fld","D",0.0557839444616211,10496.2490389264,3.76204677891179e-07,48705059.8525956,3,14725
2019,"RaPICOpu_fld","E",0.0573007877034841,5546.64735854689,1.62537277278702e-07,10453547.0352532,3,6953
2019,"RaPICOpu_flp","A",0.0562570339409363,5445.61324920851,1.60045196889649e-07,10542673.7248608,3,6953
2019,"RaPICOpu_flp","B",0.132279942042821,12804.5393532337,5.34234930334518e-07,25464418.249376,7,6953
2019,"RaPICOpu_flp","C",0.0344867654940707,3338.27743734284,8.53511013181243e-08,6307899.64461969,2,6953
2019,"RaPICOpu_flp","E",0.0563576259131523,5455.35043118008,1.63494636907028e-07,10856708.7273516,3,6953
2019,"RaPICOpu_flw","A",0.107700679710486,20264.8480098186,1.14167346077289e-06,84435493.0021715,7,14725
2019,"RaPICOpu_flw","B",0.0377848277140148,3657.52589506455,9.47483433748435e-08,6794671.37342197,2,6953
2019,"RaPICOpu_flw","C",0.0593777463961544,11172.4550775185,4.19353010933525e-07,51697539.6712311,3,14725
2019,"RaPICOpu_flw","D",0.024162275219221,2207.46941276014,2.41340547909003e-07,4751935.30339051,1,7772
2019,"RaPICOpu_flw","E",0.0766931691085293,14430.5070270075,6.42495628330176e-07,69068082.1419328,4,14725
2019,"RaPIJEsp_fjp","A",0.138286499925176,27745.4075827816,1.69586797105369e-06,123713489.817861,10,15061
2019,"RaPIJEsp_fjp","B",0.0426324553286165,4126.77041998955,1.14459701521167e-07,8139964.31892714,2,6953
2019,"RaPIJEsp_fjp","C",0.0415158730769776,7811.58354953217,2.26241862721848e-07,32756591.9705122,3,14725
2019,"RaPIJEsp_fjp","D",0.010252089394245,992.389927559719,1.32794913598055e-08,1080930.64448287,1,6953
2019,"RaPIJEsp_fjp","E",0.049051766402273,9229.52940898109,2.76432474713457e-07,31218750.6161188,4,14725
2019,"RaPIPOm_fdp","A",0.646445342432846,121634.484074488,3.37538466464483e-05,427422321.254401,52,14725
2019,"RaPIPOm_fdp","B",1.30082052347724,244761.038344237,0.000135547455379836,687531758.121941,108,14725
2019,"RaPIPOm_fdp","C",0.912321205559202,171661.410276054,6.69527784671996e-05,422776649.7949,86,14725
2019,"RaPIPOm_fdp","D",0.722539308340045,162476.997716552,3.04583052239938e-05,390559988.95968,86,18084
2019,"RaPIPOm_fdp","E",1.32953838314642,250164.560986133,0.000141268178391036,570785123.884359,121,14725
2019,"RaPIPOm_fpd","A",0.72247712683167,104479.360551323,0.00011828941245306,585209477.734676,22,13630
2019,"RaPIPOm_fpd","B",0.699124327128608,126767.426655467,7.2151561805908e-05,754368519.327416,23,16989
2019,"RaPIPOm_fpd","C",0.430537863140081,78066.4824126079,2.7722090346306e-05,412089635.931066,17,16989
2019,"RaPIPOm_fpd","D",0.869297264059095,157623.719969822,0.000110069299115914,907855965.586527,31,16989
2019,"RaPIPOm_fpd","E",0.553526191003314,80046.91129538,7.01826428775146e-05,501969457.332937,13,13630
2019,"RaPIPOm_fpl","A",1.33215851315498,250657.561926631,0.000142079492109416,872636846.522903,95,14725
2019,"RaPIPOm_fpl","B",1.68924224577086,317846.066100343,0.000227470510533942,786130756.464115,147,14725
2019,"RaPIPOm_fpl","C",0.981553978840861,184688.176974486,7.71511609568045e-05,631380547.202683,72,14725
2019,"RaPIPOm_fpl","D",1.24749511459467,120756.027263932,2.59891281370127e-05,215157999.378388,67,6953
2019,"RaPIPOm_fpl","E",1.63009090770675,157790.840052853,4.38567225891182e-05,286509617.918585,82,6953
2019,"RaPIPOxe_fpd","A",0.531815796227798,100065.907743084,2.30384167823863e-05,411563375.444032,35,14725
2019,"RaPIPOxe_fpd","B",1.55811555165058,293173.403555217,0.000193689244098357,1023192578.42184,106,14725
2019,"RaPIPOxe_fpd","C",1.14888362838308,216172.750002479,0.000105262632865555,852011079.902183,73,14725
2019,"RaPIPOxe_fpd","D",0.113613562622231,10997.6562673916,4.20228666363338e-07,20944340.8006909,6,6953
2019,"RaPIPOxe_fpd","E",0.332459607353356,62555.254345008,9.13468241329121e-06,145338632.378115,31,14725
2019,"RaPIPOxe_fxp","A",3.86402533439883,727050.992790127,0.00113970174999804,3484420298.52733,198,14725
2019,"RaPIPOxe_fxp","B",3.8614675028757,726569.71386793,0.00115774934596252,3562406736.96865,170,14725
2019,"RaPIPOxe_fxp","C",4.36590664278395,821484.458398079,0.0014554468210847,4005516805.01283,200,14725
2019,"RaPIPOxe_fxp","D",0.345655463846841,65038.1729943488,1.01326097000297e-05,332755486.79261,17,14725
2019,"RaPIPOxe_fxp","E",0.754745316151093,142012.094622232,4.60905888498479e-05,567616571.681328,50,14725
2019,"RaREFI_fcw","A",0.15226932845307,30550.882281154,1.95878323732295e-06,99473608.189889,14,15061
2019,"RaREFI_fcw","B",0.19345022866875,36399.3940611609,3.27531501568825e-06,122173480.196849,15,14725
2019,"RaREFI_fcw","C",0.166913646032139,31406.2982397001,2.49132716241602e-06,106459397.071789,14,14725
2019,"RaREFI_fcw","D",0.260835674854228,28503.3334351143,2.73994770931169e-06,104966344.549673,12,7289
2019,"RaREFI_fcw","E",0.562010752237414,112760.228910052,2.42300540978146e-05,369178057.321009,48,15061
2019,"RaREFI_frf","A",0.079397261568375,7685.55946268967,2.54546761603804e-07,14917909.0354384,4,6953
2019,"RaREFI_frf","B",0.138562914777328,26071.8540988613,1.78398918403402e-06,91252018.7476047,10,14725
2019,"RaREFI_frf","C",0.149308589540165,29956.8480990089,1.9961549399854e-06,137113030.654192,9,15061
2019,"RaREFI_frf","D",0.0207199550374222,2005.66673659428,4.79669552453548e-08,3878311.16680619,1,6953
2019,"RaREFI_frf","E",0.0681355434403378,12820.3130713426,5.54566202516402e-07,65642413.8922193,3,14725
2019,"RaREFI_frm","A",0.0388051507898197,3756.29194209628,9.94482055863039e-08,7136081.92282257,2,6953
2019,"RaREFI_frm","B",0.0669256290294332,12592.6568327025,4.97052389447194e-07,52133095.3643251,4,14725
2019,"RaREFI_frm","C",0.0245819545402317,2379.50364529117,5.27835303476486e-08,4053878.13719038,2,6953
2019,"RaREFI_frm","D",0.0409755343850527,3966.38246472275,1.07517282099283e-07,7730175.5549083,2,6953
2019,"RaREFI_frm","E",0.202467052062296,40622.409885218,3.39032337117774e-06,141123537.431736,17,15061
2019,"RaSAWD_fal","A",0.863618488258382,261977.68452761,4.4424582951909e-05,1368977103.9596,71,24617
2019,"RaSAWD_fal","B",0.488255008902545,148111.600701428,1.47840133436254e-05,958980135.732454,30,24617
2019,"RaSAWD_fal","C",0.33341397130218,101140.748349481,7.06283641978389e-06,622485738.934121,22,24617
2019,"RaSAWD_fsw","A",0.170564437829394,18638.7657529632,1.13698435700808e-06,40996880.0065578,11,7289
2019,"RaSAWD_fsw","B",0.111781068856958,10820.2730740697,4.09662133690356e-07,20877043.4378716,6,6953
2019,"RaSAWD_fsw","C",0.0611440262682865,5918.66823100046,1.60201603659472e-07,9953190.35223712,4,6953
2019,"RaSPFI_fcd","A",1.47409786425607,312492.08595845,0.000130799812374987,1420799371.50829,95,16845
2019,"RaSPFI_fcd","B",1.17833857079343,249794.458618503,8.51009178199415e-05,1058694442.68803,92,16845
2019,"RaSPFI_fcd","C",1.63717544681488,347062.690246369,0.000162652697140791,1602120907.65319,113,16845
2019,"RaSPFI_fcd","D",1.03285785710329,218954.191638875,6.54026624830848e-05,945143973.302991,78,16845
2019,"RaSPFI_fcd","E",1.58350347469927,335684.838795255,0.000152321696342811,1328297963.63255,129,16845
2019,"RaSPFI_fmz","A",0.0804433823523577,7786.82269685714,2.5453068353902e-07,14821944.8444403,4,6953
2019,"RaSPFI_fmz","B",0.252161175650402,50592.8966222975,5.10642634335618e-06,156129320.923589,22,15061
2019,"RaSPFI_fmz","C",0.294794964352035,55468.3142456732,7.43558175456592e-06,233978135.573454,19,14725
2019,"RaSPFI_fmz","D",0.377151604603587,70964.454119473,1.17774966921266e-05,205870797.901299,31,14725
2019,"RaSPFI_fmz","E",0.203920139614494,22283.7759321662,1.70102684741977e-06,68210877.0374469,10,7289
2019,"RaSSHE_fss","A",0,0,0,0,0,20583
2019,"RaSSHE_fss","B",0.0795707280088093,22130.3660174097,5.53307418919906e-07,126773349.479287,4,23942
2019,"RaSSHE_fss","D",0.0238647837128265,6637.32017674511,7.07870714993167e-08,26909632.237792,2,23942
2019,"RaSSHE_fss","E",0.0468090899814662,13602.7274794887,2.29431088774973e-07,85068770.302445,2,24278
2019,"RaTAOAco_ftm","A",0.40825181710729,81910.4762083198,1.32156386527081e-05,422433024.363732,19,15061
2019,"RaTAOAco_ftm","B",0.547968645381806,103105.211059566,2.44538458010557e-05,499691884.197847,26,14725
2019,"RaTAOAco_ftm","C",0.19403424544086,38930.4756985467,3.27744265668211e-06,210440890.440008,9,15061
2019,"RaTAOAco_ftm","D",0.862619823685877,173073.572692214,5.65226659861958e-05,650356104.820991,64,15061
2019,"RaTAOAco_ftm","E",1.19972368994036,240709.127659785,0.000107591487010586,909109232.26441,81,15061
